test	go	csharp
Test64BitReturnStdCall	pass	fail
TestAbort	pass	fail
TestAddrRangesAdd	pass	infrastructure-error
TestArenaCollision	pass	fail
TestArrayHash	pass	fail
TestAsyncPreempt	pass	fail
TestBadTraceback	pass	fail
TestBigGOMAXPROCS	pass	
TestBigItems	pass	fail
TestBlockingCallback	pass	fail
TestBreakpoint	pass	fail
TestCPUMetricsSleep	pass	fail
TestCPUStats	pass	fail
TestCallback	pass	fail
TestCallbackGC	pass	fail
TestCallbackPanic	pass	fail
TestCallbackPanicLocked	pass	fail
TestCallbackPanicLoop	pass	fail
TestCaller	pass	fail
TestCallersAbortedPanic	pass	fail
TestCallersAbortedPanic2	pass	fail
TestCallersAfterRecovery	pass	fail
TestCallersDeferNilFuncPanic	pass	fail
TestCallersDeferNilFuncPanicWithLoop	pass	fail
TestCallersDivZeroPanic	pass	fail
TestCallersDoublePanic	pass	fail
TestCallersEndlineno	pass	fail
TestCallersFromWrapper	pass	fail
TestCallersNilPointerPanic	pass	fail
TestCallersPanic	pass	fail
TestChanSendBarrier	pass	
TestChanSendSelectBarrier	pass	
TestCheckPtr	pass	
TestCheckPtr/CheckPtrAlignmentNilPtr	pass	
TestCheckPtr/CheckPtrAlignmentNoPtr	pass	
TestCheckPtr/CheckPtrAlignmentPtr	pass	
TestCheckPtr/CheckPtrArithmetic	pass	
TestCheckPtr/CheckPtrArithmetic2	pass	
TestCheckPtr/CheckPtrSize	pass	
TestCheckPtr/CheckPtrSliceFail	pass	
TestCheckPtr/CheckPtrSliceOK	pass	
TestCheckPtr/CheckPtrSmall	pass	
TestCheckPtr/CheckPtrStringFail	pass	
TestCheckPtr/CheckPtrStringOK	pass	
TestCheckPtr2	pass	
TestCheckPtr2/CheckPtrAlignmentNested	pass	
TestCleanupAfterFinalizer	pass	fail
TestCmpIfaceConcreteAlloc	pass	fail
TestCollisions	pass	
TestConcatTempString	pass	fail
TestConcurrentMapWritesIssue69447	pass	fail
TestConcurrentReadsAfterGrowth	pass	
TestConcurrentReadsAfterGrowthReflect	pass	
TestCoroLockOSThread	pass	fail
TestCoroLockOSThread/CoroLockOSThreadIterLock	pass	fail
TestCoroLockOSThread/CoroLockOSThreadIterLockYield	pass	fail
TestCoroLockOSThread/CoroLockOSThreadLock	pass	fail
TestCoroLockOSThread/CoroLockOSThreadLockAfterPull	pass	fail
TestCoroLockOSThread/CoroLockOSThreadLockIterLock	pass	fail
TestCoroLockOSThread/CoroLockOSThreadLockIterLockYield	pass	fail
TestCoroLockOSThread/CoroLockOSThreadLockIterNested	pass	fail
TestCoroLockOSThread/CoroLockOSThreadLockIterYieldNewG	pass	fail
TestCoroLockOSThread/CoroLockOSThreadStopLocked	pass	fail
TestCoroLockOSThread/CoroLockOSThreadStopLockedIterNested	pass	fail
TestCrashHandler	pass	fail
TestCtrlHandler	pass	
TestDebugLog	pass	fail
TestDebugLogInterleaving	pass	fail
TestDebugLogLongString	pass	fail
TestDebugLogSym	pass	fail
TestDebugLogTypes	pass	fail
TestDebugLogWraparound	pass	fail
TestDeferKeepAlive	pass	
TestDeferLiveness	pass	fail
TestDoublePanic	pass	fail
TestEmptyMapWithInterfaceKey	pass	fail
TestExitHooks	pass	fail
TestFPUnwindAfterRecovery	pass	infrastructure-error
TestFinalizerRegisterABI	pass	fail
TestFloat64	pass	fail
TestFramePointerAdjust	pass	fail
TestFunctionAlignmentTraceback	pass	fail
TestG0StackOverflow	pass	fail
TestGCCPULimiter	pass	fail
TestGCFairness	pass	fail
TestGCFairness2	pass	fail
TestGCInfo	pass	fail
TestGCTestIsReachable	pass	fail
TestGCTestMoveStackOnNextCall	pass	
TestGCTestPointerClass	pass	
TestGcPacer	pass	
TestGcPacer/ExceedMemoryLimit	pass	
TestGcPacer/ExceedMemoryLimitNoGCPercent	pass	
TestGcPacer/HeavyJitterAlloc	pass	
TestGcPacer/HeavyStepAlloc	pass	
TestGcPacer/HighGOGC	pass	
TestGcPacer/JitterAlloc	pass	
TestGcPacer/LargeHeapSlowAlloc	pass	
TestGcPacer/MaintainMemoryLimit	pass	
TestGcPacer/MaintainMemoryLimitNoGCPercent	pass	
TestGcPacer/MediumHeapSlowAlloc	pass	
TestGcPacer/OscAlloc	pass	
TestGcPacer/SmallHeapSlowAlloc	pass	
TestGcPacer/Steady	pass	
TestGcPacer/SteadyBigGlobals	pass	
TestGcPacer/SteadyBigStacks	pass	
TestGcPacer/SteadyMemoryLimit	pass	
TestGcPacer/SteadyMemoryLimitNoGCPercent	pass	
TestGcPacer/StepAlloc	pass	
TestGcPacer/StepScannableFrac	pass	
TestGcZombieReporting	pass	fail
TestGdbAutotmpTypes	skip	
TestGdbBacktrace	skip	
TestGdbConst	skip	
TestGdbPanic	skip	
TestGdbPython	skip	
TestGoNil	pass	fail
TestGoexitCrash	pass	fail
TestGoexitDeadlock	pass	fail
TestGoexitInPanic	pass	fail
TestGoroutineParallelism2	pass	fail
TestGoroutineProfileTrivial	pass	
TestGroupSizeZero	pass	
TestGrowWithNaN	pass	
TestGrowWithNegativeZero	pass	
TestHeapObjectsCanMove	pass	
TestHmapSize	pass	
TestHugeGCInfo	pass	
TestIdleMarkWorkerCount	pass	
TestIgnoreBogusMapHint	pass	
TestIncrementAfterBulkClearKeyStringValueInt	pass	
TestIncrementAfterDeleteKeyStringValueInt	pass	
TestIncrementAfterDeleteKeyValueString	pass	
TestIncrementAfterDeleteValueInt	pass	
TestIncrementAfterDeleteValueInt32	pass	
TestIncrementAfterDeleteValueInt64	pass	
TestInitDeadlock	pass	
TestInlineUnwinder	pass	
TestIntString	pass	
TestIntStringAllocs	pass	
TestIssue37688	pass	
TestIssue43920	pass	
TestIssue43921	pass	
TestIssue43941	pass	
TestIssue48807	pass	
TestIssue59213	skip	
TestIssue66841	pass	
TestIterGrowAndDelete	pass	
TestIterGrowWithGC	pass	
TestLFStack	pass	
TestLFStackStress	pass	
TestLargeStringConcat	pass	
TestLegacyFastrand	pass	
TestLibraryCtrlHandler	skip	
TestLineNumber	pass	
TestLldbPython	skip	
TestLockOSThreadAvoidsStatePropagation	pass	
TestLockOSThreadExit	pass	
TestLockOSThreadNesting	pass	
TestLockOSThreadTemplateThreadRace	pass	
TestLockRankGenerated	pass	
TestLockedDeadlock	pass	
TestLockedDeadlock2	pass	
TestMainGoroutineID	pass	
TestMallocBitsPopcntRange	pass	
TestMallocBitsPopcntRange/All	pass	
TestMallocBitsPopcntRange/Half	pass	
TestMallocBitsPopcntRange/None	pass	
TestMallocBitsPopcntRange/OddBound	pass	
TestMallocBitsPopcntRange/Scattered	pass	
TestMapAppendAssignment	pass	
TestMapAssignmentNan	pass	
TestMapHugeZero	pass	
TestMapInterfaceKey	pass	
TestMapIterDeleteReplace	pass	
TestMapIterDeleteReplace/0	pass	
TestMapIterDeleteReplace/1	pass	
TestMapIterDeleteReplace/10	pass	
TestMapIterDeleteReplace/100	pass	
TestMapIterDeleteReplace/1000	pass	
TestMapIterDeleteReplace/1001	pass	
TestMapIterDeleteReplace/1002	pass	
TestMapIterDeleteReplace/1003	pass	
TestMapIterDeleteReplace/1004	pass	
TestMapIterDeleteReplace/1005	pass	
TestMapIterDeleteReplace/1006	pass	
TestMapIterDeleteReplace/1007	pass	
TestMapIterDeleteReplace/1008	pass	
TestMapIterDeleteReplace/1009	pass	
TestMapIterDeleteReplace/101	pass	
TestMapIterDeleteReplace/1010	pass	
TestMapIterDeleteReplace/1011	pass	
TestMapIterDeleteReplace/1012	pass	
TestMapIterDeleteReplace/1013	pass	
TestMapIterDeleteReplace/1014	pass	
TestMapIterDeleteReplace/1015	pass	
TestMapIterDeleteReplace/1016	pass	
TestMapIterDeleteReplace/1017	pass	
TestMapIterDeleteReplace/1018	pass	
TestMapIterDeleteReplace/1019	pass	
TestMapIterDeleteReplace/102	pass	
TestMapIterDeleteReplace/1020	pass	
TestMapIterDeleteReplace/1021	pass	
TestMapIterDeleteReplace/1022	pass	
TestMapIterDeleteReplace/1023	pass	
TestMapIterDeleteReplace/1024	pass	
TestMapIterDeleteReplace/1025	pass	
TestMapIterDeleteReplace/1026	pass	
TestMapIterDeleteReplace/1027	pass	
TestMapIterDeleteReplace/1028	pass	
TestMapIterDeleteReplace/1029	pass	
TestMapIterDeleteReplace/103	pass	
TestMapIterDeleteReplace/1030	pass	
TestMapIterDeleteReplace/1031	pass	
TestMapIterDeleteReplace/1032	pass	
TestMapIterDeleteReplace/1033	pass	
TestMapIterDeleteReplace/1034	pass	
TestMapIterDeleteReplace/1035	pass	
TestMapIterDeleteReplace/1036	pass	
TestMapIterDeleteReplace/1037	pass	
TestMapIterDeleteReplace/1038	pass	
TestMapIterDeleteReplace/1039	pass	
TestMapIterDeleteReplace/104	pass	
TestMapIterDeleteReplace/1040	pass	
TestMapIterDeleteReplace/1041	pass	
TestMapIterDeleteReplace/1042	pass	
TestMapIterDeleteReplace/1043	pass	
TestMapIterDeleteReplace/1044	pass	
TestMapIterDeleteReplace/1045	pass	
TestMapIterDeleteReplace/1046	pass	
TestMapIterDeleteReplace/1047	pass	
TestMapIterDeleteReplace/1048	pass	
TestMapIterDeleteReplace/1049	pass	
TestMapIterDeleteReplace/105	pass	
TestMapIterDeleteReplace/1050	pass	
TestMapIterDeleteReplace/1051	pass	
TestMapIterDeleteReplace/1052	pass	
TestMapIterDeleteReplace/1053	pass	
TestMapIterDeleteReplace/1054	pass	
TestMapIterDeleteReplace/1055	pass	
TestMapIterDeleteReplace/1056	pass	
TestMapIterDeleteReplace/1057	pass	
TestMapIterDeleteReplace/1058	pass	
TestMapIterDeleteReplace/1059	pass	
TestMapIterDeleteReplace/106	pass	
TestMapIterDeleteReplace/1060	pass	
TestMapIterDeleteReplace/1061	pass	
TestMapIterDeleteReplace/1062	pass	
TestMapIterDeleteReplace/1063	pass	
TestMapIterDeleteReplace/1064	pass	
TestMapIterDeleteReplace/1065	pass	
TestMapIterDeleteReplace/1066	pass	
TestMapIterDeleteReplace/1067	pass	
TestMapIterDeleteReplace/1068	pass	
TestMapIterDeleteReplace/1069	pass	
TestMapIterDeleteReplace/107	pass	
TestMapIterDeleteReplace/1070	pass	
TestMapIterDeleteReplace/1071	pass	
TestMapIterDeleteReplace/1072	pass	
TestMapIterDeleteReplace/1073	pass	
TestMapIterDeleteReplace/1074	pass	
TestMapIterDeleteReplace/1075	pass	
TestMapIterDeleteReplace/1076	pass	
TestMapIterDeleteReplace/1077	pass	
TestMapIterDeleteReplace/1078	pass	
TestMapIterDeleteReplace/1079	pass	
TestMapIterDeleteReplace/108	pass	
TestMapIterDeleteReplace/1080	pass	
TestMapIterDeleteReplace/1081	pass	
TestMapIterDeleteReplace/1082	pass	
TestMapIterDeleteReplace/1083	pass	
TestMapIterDeleteReplace/1084	pass	
TestMapIterDeleteReplace/1085	pass	
TestMapIterDeleteReplace/1086	pass	
TestMapIterDeleteReplace/1087	pass	
TestMapIterDeleteReplace/1088	pass	
TestMapIterDeleteReplace/1089	pass	
TestMapIterDeleteReplace/109	pass	
TestMapIterDeleteReplace/1090	pass	
TestMapIterDeleteReplace/1091	pass	
TestMapIterDeleteReplace/1092	pass	
TestMapIterDeleteReplace/1093	pass	
TestMapIterDeleteReplace/1094	pass	
TestMapIterDeleteReplace/1095	pass	
TestMapIterDeleteReplace/1096	pass	
TestMapIterDeleteReplace/1097	pass	
TestMapIterDeleteReplace/1098	pass	
TestMapIterDeleteReplace/1099	pass	
TestMapIterDeleteReplace/11	pass	
TestMapIterDeleteReplace/110	pass	
TestMapIterDeleteReplace/1100	pass	
TestMapIterDeleteReplace/1101	pass	
TestMapIterDeleteReplace/1102	pass	
TestMapIterDeleteReplace/1103	pass	
TestMapIterDeleteReplace/1104	pass	
TestMapIterDeleteReplace/1105	pass	
TestMapIterDeleteReplace/1106	pass	
TestMapIterDeleteReplace/1107	pass	
TestMapIterDeleteReplace/1108	pass	
TestMapIterDeleteReplace/1109	pass	
TestMapIterDeleteReplace/111	pass	
TestMapIterDeleteReplace/1110	pass	
TestMapIterDeleteReplace/1111	pass	
TestMapIterDeleteReplace/1112	pass	
TestMapIterDeleteReplace/1113	pass	
TestMapIterDeleteReplace/1114	pass	
TestMapIterDeleteReplace/1115	pass	
TestMapIterDeleteReplace/1116	pass	
TestMapIterDeleteReplace/1117	pass	
TestMapIterDeleteReplace/1118	pass	
TestMapIterDeleteReplace/1119	pass	
TestMapIterDeleteReplace/112	pass	
TestMapIterDeleteReplace/1120	pass	
TestMapIterDeleteReplace/1121	pass	
TestMapIterDeleteReplace/1122	pass	
TestMapIterDeleteReplace/1123	pass	
TestMapIterDeleteReplace/1124	pass	
TestMapIterDeleteReplace/1125	pass	
TestMapIterDeleteReplace/1126	pass	
TestMapIterDeleteReplace/1127	pass	
TestMapIterDeleteReplace/1128	pass	
TestMapIterDeleteReplace/1129	pass	
TestMapIterDeleteReplace/113	pass	
TestMapIterDeleteReplace/1130	pass	
TestMapIterDeleteReplace/1131	pass	
TestMapIterDeleteReplace/1132	pass	
TestMapIterDeleteReplace/1133	pass	
TestMapIterDeleteReplace/1134	pass	
TestMapIterDeleteReplace/1135	pass	
TestMapIterDeleteReplace/1136	pass	
TestMapIterDeleteReplace/1137	pass	
TestMapIterDeleteReplace/1138	pass	
TestMapIterDeleteReplace/1139	pass	
TestMapIterDeleteReplace/114	pass	
TestMapIterDeleteReplace/1140	pass	
TestMapIterDeleteReplace/1141	pass	
TestMapIterDeleteReplace/1142	pass	
TestMapIterDeleteReplace/1143	pass	
TestMapIterDeleteReplace/1144	pass	
TestMapIterDeleteReplace/1145	pass	
TestMapIterDeleteReplace/1146	pass	
TestMapIterDeleteReplace/1147	pass	
TestMapIterDeleteReplace/1148	pass	
TestMapIterDeleteReplace/1149	pass	
TestMapIterDeleteReplace/115	pass	
TestMapIterDeleteReplace/1150	pass	
TestMapIterDeleteReplace/1151	pass	
TestMapIterDeleteReplace/1152	pass	
TestMapIterDeleteReplace/1153	pass	
TestMapIterDeleteReplace/1154	pass	
TestMapIterDeleteReplace/1155	pass	
TestMapIterDeleteReplace/1156	pass	
TestMapIterDeleteReplace/1157	pass	
TestMapIterDeleteReplace/1158	pass	
TestMapIterDeleteReplace/1159	pass	
TestMapIterDeleteReplace/116	pass	
TestMapIterDeleteReplace/1160	pass	
TestMapIterDeleteReplace/1161	pass	
TestMapIterDeleteReplace/1162	pass	
TestMapIterDeleteReplace/1163	pass	
TestMapIterDeleteReplace/1164	pass	
TestMapIterDeleteReplace/1165	pass	
TestMapIterDeleteReplace/1166	pass	
TestMapIterDeleteReplace/1167	pass	
TestMapIterDeleteReplace/1168	pass	
TestMapIterDeleteReplace/1169	pass	
TestMapIterDeleteReplace/117	pass	
TestMapIterDeleteReplace/1170	pass	
TestMapIterDeleteReplace/1171	pass	
TestMapIterDeleteReplace/1172	pass	
TestMapIterDeleteReplace/1173	pass	
TestMapIterDeleteReplace/1174	pass	
TestMapIterDeleteReplace/1175	pass	
TestMapIterDeleteReplace/1176	pass	
TestMapIterDeleteReplace/1177	pass	
TestMapIterDeleteReplace/1178	pass	
TestMapIterDeleteReplace/1179	pass	
TestMapIterDeleteReplace/118	pass	
TestMapIterDeleteReplace/1180	pass	
TestMapIterDeleteReplace/1181	pass	
TestMapIterDeleteReplace/1182	pass	
TestMapIterDeleteReplace/1183	pass	
TestMapIterDeleteReplace/1184	pass	
TestMapIterDeleteReplace/1185	pass	
TestMapIterDeleteReplace/1186	pass	
TestMapIterDeleteReplace/1187	pass	
TestMapIterDeleteReplace/1188	pass	
TestMapIterDeleteReplace/1189	pass	
TestMapIterDeleteReplace/119	pass	
TestMapIterDeleteReplace/1190	pass	
TestMapIterDeleteReplace/1191	pass	
TestMapIterDeleteReplace/1192	pass	
TestMapIterDeleteReplace/1193	pass	
TestMapIterDeleteReplace/1194	pass	
TestMapIterDeleteReplace/1195	pass	
TestMapIterDeleteReplace/1196	pass	
TestMapIterDeleteReplace/1197	pass	
TestMapIterDeleteReplace/1198	pass	
TestMapIterDeleteReplace/1199	pass	
TestMapIterDeleteReplace/12	pass	
TestMapIterDeleteReplace/120	pass	
TestMapIterDeleteReplace/1200	pass	
TestMapIterDeleteReplace/1201	pass	
TestMapIterDeleteReplace/1202	pass	
TestMapIterDeleteReplace/1203	pass	
TestMapIterDeleteReplace/1204	pass	
TestMapIterDeleteReplace/1205	pass	
TestMapIterDeleteReplace/1206	pass	
TestMapIterDeleteReplace/1207	pass	
TestMapIterDeleteReplace/1208	pass	
TestMapIterDeleteReplace/1209	pass	
TestMapIterDeleteReplace/121	pass	
TestMapIterDeleteReplace/1210	pass	
TestMapIterDeleteReplace/1211	pass	
TestMapIterDeleteReplace/1212	pass	
TestMapIterDeleteReplace/1213	pass	
TestMapIterDeleteReplace/1214	pass	
TestMapIterDeleteReplace/1215	pass	
TestMapIterDeleteReplace/1216	pass	
TestMapIterDeleteReplace/1217	pass	
TestMapIterDeleteReplace/1218	pass	
TestMapIterDeleteReplace/1219	pass	
TestMapIterDeleteReplace/122	pass	
TestMapIterDeleteReplace/1220	pass	
TestMapIterDeleteReplace/1221	pass	
TestMapIterDeleteReplace/1222	pass	
TestMapIterDeleteReplace/1223	pass	
TestMapIterDeleteReplace/1224	pass	
TestMapIterDeleteReplace/1225	pass	
TestMapIterDeleteReplace/1226	pass	
TestMapIterDeleteReplace/1227	pass	
TestMapIterDeleteReplace/1228	pass	
TestMapIterDeleteReplace/1229	pass	
TestMapIterDeleteReplace/123	pass	
TestMapIterDeleteReplace/1230	pass	
TestMapIterDeleteReplace/1231	pass	
TestMapIterDeleteReplace/1232	pass	
TestMapIterDeleteReplace/1233	pass	
TestMapIterDeleteReplace/1234	pass	
TestMapIterDeleteReplace/1235	pass	
TestMapIterDeleteReplace/1236	pass	
TestMapIterDeleteReplace/1237	pass	
TestMapIterDeleteReplace/1238	pass	
TestMapIterDeleteReplace/1239	pass	
TestMapIterDeleteReplace/124	pass	
TestMapIterDeleteReplace/1240	pass	
TestMapIterDeleteReplace/1241	pass	
TestMapIterDeleteReplace/1242	pass	
TestMapIterDeleteReplace/1243	pass	
TestMapIterDeleteReplace/1244	pass	
TestMapIterDeleteReplace/1245	pass	
TestMapIterDeleteReplace/1246	pass	
TestMapIterDeleteReplace/1247	pass	
TestMapIterDeleteReplace/1248	pass	
TestMapIterDeleteReplace/1249	pass	
TestMapIterDeleteReplace/125	pass	
TestMapIterDeleteReplace/1250	pass	
TestMapIterDeleteReplace/1251	pass	
TestMapIterDeleteReplace/1252	pass	
TestMapIterDeleteReplace/1253	pass	
TestMapIterDeleteReplace/1254	pass	
TestMapIterDeleteReplace/1255	pass	
TestMapIterDeleteReplace/1256	pass	
TestMapIterDeleteReplace/1257	pass	
TestMapIterDeleteReplace/1258	pass	
TestMapIterDeleteReplace/1259	pass	
TestMapIterDeleteReplace/126	pass	
TestMapIterDeleteReplace/1260	pass	
TestMapIterDeleteReplace/1261	pass	
TestMapIterDeleteReplace/1262	pass	
TestMapIterDeleteReplace/1263	pass	
TestMapIterDeleteReplace/1264	pass	
TestMapIterDeleteReplace/1265	pass	
TestMapIterDeleteReplace/1266	pass	
TestMapIterDeleteReplace/1267	pass	
TestMapIterDeleteReplace/1268	pass	
TestMapIterDeleteReplace/1269	pass	
TestMapIterDeleteReplace/127	pass	
TestMapIterDeleteReplace/1270	pass	
TestMapIterDeleteReplace/1271	pass	
TestMapIterDeleteReplace/1272	pass	
TestMapIterDeleteReplace/1273	pass	
TestMapIterDeleteReplace/1274	pass	
TestMapIterDeleteReplace/1275	pass	
TestMapIterDeleteReplace/1276	pass	
TestMapIterDeleteReplace/1277	pass	
TestMapIterDeleteReplace/1278	pass	
TestMapIterDeleteReplace/1279	pass	
TestMapIterDeleteReplace/128	pass	
TestMapIterDeleteReplace/1280	pass	
TestMapIterDeleteReplace/1281	pass	
TestMapIterDeleteReplace/1282	pass	
TestMapIterDeleteReplace/1283	pass	
TestMapIterDeleteReplace/1284	pass	
TestMapIterDeleteReplace/1285	pass	
TestMapIterDeleteReplace/1286	pass	
TestMapIterDeleteReplace/1287	pass	
TestMapIterDeleteReplace/1288	pass	
TestMapIterDeleteReplace/1289	pass	
TestMapIterDeleteReplace/129	pass	
TestMapIterDeleteReplace/1290	pass	
TestMapIterDeleteReplace/1291	pass	
TestMapIterDeleteReplace/1292	pass	
TestMapIterDeleteReplace/1293	pass	
TestMapIterDeleteReplace/1294	pass	
TestMapIterDeleteReplace/1295	pass	
TestMapIterDeleteReplace/1296	pass	
TestMapIterDeleteReplace/1297	pass	
TestMapIterDeleteReplace/1298	pass	
TestMapIterDeleteReplace/1299	pass	
TestMapIterDeleteReplace/13	pass	
TestMapIterDeleteReplace/130	pass	
TestMapIterDeleteReplace/1300	pass	
TestMapIterDeleteReplace/1301	pass	
TestMapIterDeleteReplace/1302	pass	
TestMapIterDeleteReplace/1303	pass	
TestMapIterDeleteReplace/1304	pass	
TestMapIterDeleteReplace/1305	pass	
TestMapIterDeleteReplace/1306	pass	
TestMapIterDeleteReplace/1307	pass	
TestMapIterDeleteReplace/1308	pass	
TestMapIterDeleteReplace/1309	pass	
TestMapIterDeleteReplace/131	pass	
TestMapIterDeleteReplace/1310	pass	
TestMapIterDeleteReplace/1311	pass	
TestMapIterDeleteReplace/1312	pass	
TestMapIterDeleteReplace/1313	pass	
TestMapIterDeleteReplace/1314	pass	
TestMapIterDeleteReplace/1315	pass	
TestMapIterDeleteReplace/1316	pass	
TestMapIterDeleteReplace/1317	pass	
TestMapIterDeleteReplace/1318	pass	
TestMapIterDeleteReplace/1319	pass	
TestMapIterDeleteReplace/132	pass	
TestMapIterDeleteReplace/1320	pass	
TestMapIterDeleteReplace/1321	pass	
TestMapIterDeleteReplace/1322	pass	
TestMapIterDeleteReplace/1323	pass	
TestMapIterDeleteReplace/1324	pass	
TestMapIterDeleteReplace/1325	pass	
TestMapIterDeleteReplace/1326	pass	
TestMapIterDeleteReplace/1327	pass	
TestMapIterDeleteReplace/1328	pass	
TestMapIterDeleteReplace/1329	pass	
TestMapIterDeleteReplace/133	pass	
TestMapIterDeleteReplace/1330	pass	
TestMapIterDeleteReplace/1331	pass	
TestMapIterDeleteReplace/1332	pass	
TestMapIterDeleteReplace/1333	pass	
TestMapIterDeleteReplace/1334	pass	
TestMapIterDeleteReplace/1335	pass	
TestMapIterDeleteReplace/1336	pass	
TestMapIterDeleteReplace/1337	pass	
TestMapIterDeleteReplace/1338	pass	
TestMapIterDeleteReplace/1339	pass	
TestMapIterDeleteReplace/134	pass	
TestMapIterDeleteReplace/1340	pass	
TestMapIterDeleteReplace/1341	pass	
TestMapIterDeleteReplace/1342	pass	
TestMapIterDeleteReplace/1343	pass	
TestMapIterDeleteReplace/1344	pass	
TestMapIterDeleteReplace/1345	pass	
TestMapIterDeleteReplace/1346	pass	
TestMapIterDeleteReplace/1347	pass	
TestMapIterDeleteReplace/1348	pass	
TestMapIterDeleteReplace/1349	pass	
TestMapIterDeleteReplace/135	pass	
TestMapIterDeleteReplace/1350	pass	
TestMapIterDeleteReplace/1351	pass	
TestMapIterDeleteReplace/1352	pass	
TestMapIterDeleteReplace/1353	pass	
TestMapIterDeleteReplace/1354	pass	
TestMapIterDeleteReplace/1355	pass	
TestMapIterDeleteReplace/1356	pass	
TestMapIterDeleteReplace/1357	pass	
TestMapIterDeleteReplace/1358	pass	
TestMapIterDeleteReplace/1359	pass	
TestMapIterDeleteReplace/136	pass	
TestMapIterDeleteReplace/1360	pass	
TestMapIterDeleteReplace/1361	pass	
TestMapIterDeleteReplace/1362	pass	
TestMapIterDeleteReplace/1363	pass	
TestMapIterDeleteReplace/1364	pass	
TestMapIterDeleteReplace/1365	pass	
TestMapIterDeleteReplace/1366	pass	
TestMapIterDeleteReplace/1367	pass	
TestMapIterDeleteReplace/1368	pass	
TestMapIterDeleteReplace/1369	pass	
TestMapIterDeleteReplace/137	pass	
TestMapIterDeleteReplace/1370	pass	
TestMapIterDeleteReplace/1371	pass	
TestMapIterDeleteReplace/1372	pass	
TestMapIterDeleteReplace/1373	pass	
TestMapIterDeleteReplace/1374	pass	
TestMapIterDeleteReplace/1375	pass	
TestMapIterDeleteReplace/1376	pass	
TestMapIterDeleteReplace/1377	pass	
TestMapIterDeleteReplace/1378	pass	
TestMapIterDeleteReplace/1379	pass	
TestMapIterDeleteReplace/138	pass	
TestMapIterDeleteReplace/1380	pass	
TestMapIterDeleteReplace/1381	pass	
TestMapIterDeleteReplace/1382	pass	
TestMapIterDeleteReplace/1383	pass	
TestMapIterDeleteReplace/1384	pass	
TestMapIterDeleteReplace/1385	pass	
TestMapIterDeleteReplace/1386	pass	
TestMapIterDeleteReplace/1387	pass	
TestMapIterDeleteReplace/1388	pass	
TestMapIterDeleteReplace/1389	pass	
TestMapIterDeleteReplace/139	pass	
TestMapIterDeleteReplace/1390	pass	
TestMapIterDeleteReplace/1391	pass	
TestMapIterDeleteReplace/1392	pass	
TestMapIterDeleteReplace/1393	pass	
TestMapIterDeleteReplace/1394	pass	
TestMapIterDeleteReplace/1395	pass	
TestMapIterDeleteReplace/1396	pass	
TestMapIterDeleteReplace/1397	pass	
TestMapIterDeleteReplace/1398	pass	
TestMapIterDeleteReplace/1399	pass	
TestMapIterDeleteReplace/14	pass	
TestMapIterDeleteReplace/140	pass	
TestMapIterDeleteReplace/1400	pass	
TestMapIterDeleteReplace/1401	pass	
TestMapIterDeleteReplace/1402	pass	
TestMapIterDeleteReplace/1403	pass	
TestMapIterDeleteReplace/1404	pass	
TestMapIterDeleteReplace/1405	pass	
TestMapIterDeleteReplace/1406	pass	
TestMapIterDeleteReplace/1407	pass	
TestMapIterDeleteReplace/1408	pass	
TestMapIterDeleteReplace/1409	pass	
TestMapIterDeleteReplace/141	pass	
TestMapIterDeleteReplace/1410	pass	
TestMapIterDeleteReplace/1411	pass	
TestMapIterDeleteReplace/1412	pass	
TestMapIterDeleteReplace/1413	pass	
TestMapIterDeleteReplace/1414	pass	
TestMapIterDeleteReplace/1415	pass	
TestMapIterDeleteReplace/1416	pass	
TestMapIterDeleteReplace/1417	pass	
TestMapIterDeleteReplace/1418	pass	
TestMapIterDeleteReplace/1419	pass	
TestMapIterDeleteReplace/142	pass	
TestMapIterDeleteReplace/1420	pass	
TestMapIterDeleteReplace/1421	pass	
TestMapIterDeleteReplace/1422	pass	
TestMapIterDeleteReplace/1423	pass	
TestMapIterDeleteReplace/1424	pass	
TestMapIterDeleteReplace/1425	pass	
TestMapIterDeleteReplace/1426	pass	
TestMapIterDeleteReplace/1427	pass	
TestMapIterDeleteReplace/1428	pass	
TestMapIterDeleteReplace/1429	pass	
TestMapIterDeleteReplace/143	pass	
TestMapIterDeleteReplace/1430	pass	
TestMapIterDeleteReplace/1431	pass	
TestMapIterDeleteReplace/1432	pass	
TestMapIterDeleteReplace/1433	pass	
TestMapIterDeleteReplace/1434	pass	
TestMapIterDeleteReplace/1435	pass	
TestMapIterDeleteReplace/1436	pass	
TestMapIterDeleteReplace/1437	pass	
TestMapIterDeleteReplace/1438	pass	
TestMapIterDeleteReplace/1439	pass	
TestMapIterDeleteReplace/144	pass	
TestMapIterDeleteReplace/1440	pass	
TestMapIterDeleteReplace/1441	pass	
TestMapIterDeleteReplace/1442	pass	
TestMapIterDeleteReplace/1443	pass	
TestMapIterDeleteReplace/1444	pass	
TestMapIterDeleteReplace/1445	pass	
TestMapIterDeleteReplace/1446	pass	
TestMapIterDeleteReplace/1447	pass	
TestMapIterDeleteReplace/1448	pass	
TestMapIterDeleteReplace/1449	pass	
TestMapIterDeleteReplace/145	pass	
TestMapIterDeleteReplace/1450	pass	
TestMapIterDeleteReplace/1451	pass	
TestMapIterDeleteReplace/1452	pass	
TestMapIterDeleteReplace/1453	pass	
TestMapIterDeleteReplace/1454	pass	
TestMapIterDeleteReplace/1455	pass	
TestMapIterDeleteReplace/1456	pass	
TestMapIterDeleteReplace/1457	pass	
TestMapIterDeleteReplace/1458	pass	
TestMapIterDeleteReplace/1459	pass	
TestMapIterDeleteReplace/146	pass	
TestMapIterDeleteReplace/1460	pass	
TestMapIterDeleteReplace/1461	pass	
TestMapIterDeleteReplace/1462	pass	
TestMapIterDeleteReplace/1463	pass	
TestMapIterDeleteReplace/1464	pass	
TestMapIterDeleteReplace/1465	pass	
TestMapIterDeleteReplace/1466	pass	
TestMapIterDeleteReplace/1467	pass	
TestMapIterDeleteReplace/1468	pass	
TestMapIterDeleteReplace/1469	pass	
TestMapIterDeleteReplace/147	pass	
TestMapIterDeleteReplace/1470	pass	
TestMapIterDeleteReplace/1471	pass	
TestMapIterDeleteReplace/1472	pass	
TestMapIterDeleteReplace/1473	pass	
TestMapIterDeleteReplace/1474	pass	
TestMapIterDeleteReplace/1475	pass	
TestMapIterDeleteReplace/1476	pass	
TestMapIterDeleteReplace/1477	pass	
TestMapIterDeleteReplace/1478	pass	
TestMapIterDeleteReplace/1479	pass	
TestMapIterDeleteReplace/148	pass	
TestMapIterDeleteReplace/1480	pass	
TestMapIterDeleteReplace/1481	pass	
TestMapIterDeleteReplace/1482	pass	
TestMapIterDeleteReplace/1483	pass	
TestMapIterDeleteReplace/1484	pass	
TestMapIterDeleteReplace/1485	pass	
TestMapIterDeleteReplace/1486	pass	
TestMapIterDeleteReplace/1487	pass	
TestMapIterDeleteReplace/1488	pass	
TestMapIterDeleteReplace/1489	pass	
TestMapIterDeleteReplace/149	pass	
TestMapIterDeleteReplace/1490	pass	
TestMapIterDeleteReplace/1491	pass	
TestMapIterDeleteReplace/1492	pass	
TestMapIterDeleteReplace/1493	pass	
TestMapIterDeleteReplace/1494	pass	
TestMapIterDeleteReplace/1495	pass	
TestMapIterDeleteReplace/1496	pass	
TestMapIterDeleteReplace/1497	pass	
TestMapIterDeleteReplace/1498	pass	
TestMapIterDeleteReplace/1499	pass	
TestMapIterDeleteReplace/15	pass	
TestMapIterDeleteReplace/150	pass	
TestMapIterDeleteReplace/1500	pass	
TestMapIterDeleteReplace/1501	pass	
TestMapIterDeleteReplace/1502	pass	
TestMapIterDeleteReplace/1503	pass	
TestMapIterDeleteReplace/1504	pass	
TestMapIterDeleteReplace/1505	pass	
TestMapIterDeleteReplace/1506	pass	
TestMapIterDeleteReplace/1507	pass	
TestMapIterDeleteReplace/1508	pass	
TestMapIterDeleteReplace/1509	pass	
TestMapIterDeleteReplace/151	pass	
TestMapIterDeleteReplace/1510	pass	
TestMapIterDeleteReplace/1511	pass	
TestMapIterDeleteReplace/1512	pass	
TestMapIterDeleteReplace/1513	pass	
TestMapIterDeleteReplace/1514	pass	
TestMapIterDeleteReplace/1515	pass	
TestMapIterDeleteReplace/1516	pass	
TestMapIterDeleteReplace/1517	pass	
TestMapIterDeleteReplace/1518	pass	
TestMapIterDeleteReplace/1519	pass	
TestMapIterDeleteReplace/152	pass	
TestMapIterDeleteReplace/1520	pass	
TestMapIterDeleteReplace/1521	pass	
TestMapIterDeleteReplace/1522	pass	
TestMapIterDeleteReplace/1523	pass	
TestMapIterDeleteReplace/1524	pass	
TestMapIterDeleteReplace/1525	pass	
TestMapIterDeleteReplace/1526	pass	
TestMapIterDeleteReplace/1527	pass	
TestMapIterDeleteReplace/1528	pass	
TestMapIterDeleteReplace/1529	pass	
TestMapIterDeleteReplace/153	pass	
TestMapIterDeleteReplace/1530	pass	
TestMapIterDeleteReplace/1531	pass	
TestMapIterDeleteReplace/1532	pass	
TestMapIterDeleteReplace/1533	pass	
TestMapIterDeleteReplace/1534	pass	
TestMapIterDeleteReplace/1535	pass	
TestMapIterDeleteReplace/1536	pass	
TestMapIterDeleteReplace/1537	pass	
TestMapIterDeleteReplace/1538	pass	
TestMapIterDeleteReplace/1539	pass	
TestMapIterDeleteReplace/154	pass	
TestMapIterDeleteReplace/1540	pass	
TestMapIterDeleteReplace/1541	pass	
TestMapIterDeleteReplace/1542	pass	
TestMapIterDeleteReplace/1543	pass	
TestMapIterDeleteReplace/1544	pass	
TestMapIterDeleteReplace/1545	pass	
TestMapIterDeleteReplace/1546	pass	
TestMapIterDeleteReplace/1547	pass	
TestMapIterDeleteReplace/1548	pass	
TestMapIterDeleteReplace/1549	pass	
TestMapIterDeleteReplace/155	pass	
TestMapIterDeleteReplace/1550	pass	
TestMapIterDeleteReplace/1551	pass	
TestMapIterDeleteReplace/1552	pass	
TestMapIterDeleteReplace/1553	pass	
TestMapIterDeleteReplace/1554	pass	
TestMapIterDeleteReplace/1555	pass	
TestMapIterDeleteReplace/1556	pass	
TestMapIterDeleteReplace/1557	pass	
TestMapIterDeleteReplace/1558	pass	
TestMapIterDeleteReplace/1559	pass	
TestMapIterDeleteReplace/156	pass	
TestMapIterDeleteReplace/1560	pass	
TestMapIterDeleteReplace/1561	pass	
TestMapIterDeleteReplace/1562	pass	
TestMapIterDeleteReplace/1563	pass	
TestMapIterDeleteReplace/1564	pass	
TestMapIterDeleteReplace/1565	pass	
TestMapIterDeleteReplace/1566	pass	
TestMapIterDeleteReplace/1567	pass	
TestMapIterDeleteReplace/1568	pass	
TestMapIterDeleteReplace/1569	pass	
TestMapIterDeleteReplace/157	pass	
TestMapIterDeleteReplace/1570	pass	
TestMapIterDeleteReplace/1571	pass	
TestMapIterDeleteReplace/1572	pass	
TestMapIterDeleteReplace/1573	pass	
TestMapIterDeleteReplace/1574	pass	
TestMapIterDeleteReplace/1575	pass	
TestMapIterDeleteReplace/1576	pass	
TestMapIterDeleteReplace/1577	pass	
TestMapIterDeleteReplace/1578	pass	
TestMapIterDeleteReplace/1579	pass	
TestMapIterDeleteReplace/158	pass	
TestMapIterDeleteReplace/1580	pass	
TestMapIterDeleteReplace/1581	pass	
TestMapIterDeleteReplace/1582	pass	
TestMapIterDeleteReplace/1583	pass	
TestMapIterDeleteReplace/1584	pass	
TestMapIterDeleteReplace/1585	pass	
TestMapIterDeleteReplace/1586	pass	
TestMapIterDeleteReplace/1587	pass	
TestMapIterDeleteReplace/1588	pass	
TestMapIterDeleteReplace/1589	pass	
TestMapIterDeleteReplace/159	pass	
TestMapIterDeleteReplace/1590	pass	
TestMapIterDeleteReplace/1591	pass	
TestMapIterDeleteReplace/1592	pass	
TestMapIterDeleteReplace/1593	pass	
TestMapIterDeleteReplace/1594	pass	
TestMapIterDeleteReplace/1595	pass	
TestMapIterDeleteReplace/1596	pass	
TestMapIterDeleteReplace/1597	pass	
TestMapIterDeleteReplace/1598	pass	
TestMapIterDeleteReplace/1599	pass	
TestMapIterDeleteReplace/16	pass	
TestMapIterDeleteReplace/160	pass	
TestMapIterDeleteReplace/1600	pass	
TestMapIterDeleteReplace/1601	pass	
TestMapIterDeleteReplace/1602	pass	
TestMapIterDeleteReplace/1603	pass	
TestMapIterDeleteReplace/1604	pass	
TestMapIterDeleteReplace/1605	pass	
TestMapIterDeleteReplace/1606	pass	
TestMapIterDeleteReplace/1607	pass	
TestMapIterDeleteReplace/1608	pass	
TestMapIterDeleteReplace/1609	pass	
TestMapIterDeleteReplace/161	pass	
TestMapIterDeleteReplace/1610	pass	
TestMapIterDeleteReplace/1611	pass	
TestMapIterDeleteReplace/1612	pass	
TestMapIterDeleteReplace/1613	pass	
TestMapIterDeleteReplace/1614	pass	
TestMapIterDeleteReplace/1615	pass	
TestMapIterDeleteReplace/1616	pass	
TestMapIterDeleteReplace/1617	pass	
TestMapIterDeleteReplace/1618	pass	
TestMapIterDeleteReplace/1619	pass	
TestMapIterDeleteReplace/162	pass	
TestMapIterDeleteReplace/1620	pass	
TestMapIterDeleteReplace/1621	pass	
TestMapIterDeleteReplace/1622	pass	
TestMapIterDeleteReplace/1623	pass	
TestMapIterDeleteReplace/1624	pass	
TestMapIterDeleteReplace/1625	pass	
TestMapIterDeleteReplace/1626	pass	
TestMapIterDeleteReplace/1627	pass	
TestMapIterDeleteReplace/1628	pass	
TestMapIterDeleteReplace/1629	pass	
TestMapIterDeleteReplace/163	pass	
TestMapIterDeleteReplace/1630	pass	
TestMapIterDeleteReplace/1631	pass	
TestMapIterDeleteReplace/1632	pass	
TestMapIterDeleteReplace/1633	pass	
TestMapIterDeleteReplace/1634	pass	
TestMapIterDeleteReplace/1635	pass	
TestMapIterDeleteReplace/1636	pass	
TestMapIterDeleteReplace/1637	pass	
TestMapIterDeleteReplace/1638	pass	
TestMapIterDeleteReplace/1639	pass	
TestMapIterDeleteReplace/164	pass	
TestMapIterDeleteReplace/1640	pass	
TestMapIterDeleteReplace/1641	pass	
TestMapIterDeleteReplace/1642	pass	
TestMapIterDeleteReplace/1643	pass	
TestMapIterDeleteReplace/1644	pass	
TestMapIterDeleteReplace/1645	pass	
TestMapIterDeleteReplace/1646	pass	
TestMapIterDeleteReplace/1647	pass	
TestMapIterDeleteReplace/1648	pass	
TestMapIterDeleteReplace/1649	pass	
TestMapIterDeleteReplace/165	pass	
TestMapIterDeleteReplace/1650	pass	
TestMapIterDeleteReplace/1651	pass	
TestMapIterDeleteReplace/1652	pass	
TestMapIterDeleteReplace/1653	pass	
TestMapIterDeleteReplace/1654	pass	
TestMapIterDeleteReplace/1655	pass	
TestMapIterDeleteReplace/1656	pass	
TestMapIterDeleteReplace/1657	pass	
TestMapIterDeleteReplace/1658	pass	
TestMapIterDeleteReplace/1659	pass	
TestMapIterDeleteReplace/166	pass	
TestMapIterDeleteReplace/1660	pass	
TestMapIterDeleteReplace/1661	pass	
TestMapIterDeleteReplace/1662	pass	
TestMapIterDeleteReplace/1663	pass	
TestMapIterDeleteReplace/1664	pass	
TestMapIterDeleteReplace/1665	pass	
TestMapIterDeleteReplace/1666	pass	
TestMapIterDeleteReplace/1667	pass	
TestMapIterDeleteReplace/1668	pass	
TestMapIterDeleteReplace/1669	pass	
TestMapIterDeleteReplace/167	pass	
TestMapIterDeleteReplace/1670	pass	
TestMapIterDeleteReplace/1671	pass	
TestMapIterDeleteReplace/1672	pass	
TestMapIterDeleteReplace/1673	pass	
TestMapIterDeleteReplace/1674	pass	
TestMapIterDeleteReplace/1675	pass	
TestMapIterDeleteReplace/1676	pass	
TestMapIterDeleteReplace/1677	pass	
TestMapIterDeleteReplace/1678	pass	
TestMapIterDeleteReplace/1679	pass	
TestMapIterDeleteReplace/168	pass	
TestMapIterDeleteReplace/1680	pass	
TestMapIterDeleteReplace/1681	pass	
TestMapIterDeleteReplace/1682	pass	
TestMapIterDeleteReplace/1683	pass	
TestMapIterDeleteReplace/1684	pass	
TestMapIterDeleteReplace/1685	pass	
TestMapIterDeleteReplace/1686	pass	
TestMapIterDeleteReplace/1687	pass	
TestMapIterDeleteReplace/1688	pass	
TestMapIterDeleteReplace/1689	pass	
TestMapIterDeleteReplace/169	pass	
TestMapIterDeleteReplace/1690	pass	
TestMapIterDeleteReplace/1691	pass	
TestMapIterDeleteReplace/1692	pass	
TestMapIterDeleteReplace/1693	pass	
TestMapIterDeleteReplace/1694	pass	
TestMapIterDeleteReplace/1695	pass	
TestMapIterDeleteReplace/1696	pass	
TestMapIterDeleteReplace/1697	pass	
TestMapIterDeleteReplace/1698	pass	
TestMapIterDeleteReplace/1699	pass	
TestMapIterDeleteReplace/17	pass	
TestMapIterDeleteReplace/170	pass	
TestMapIterDeleteReplace/1700	pass	
TestMapIterDeleteReplace/1701	pass	
TestMapIterDeleteReplace/1702	pass	
TestMapIterDeleteReplace/1703	pass	
TestMapIterDeleteReplace/1704	pass	
TestMapIterDeleteReplace/1705	pass	
TestMapIterDeleteReplace/1706	pass	
TestMapIterDeleteReplace/1707	pass	
TestMapIterDeleteReplace/1708	pass	
TestMapIterDeleteReplace/1709	pass	
TestMapIterDeleteReplace/171	pass	
TestMapIterDeleteReplace/1710	pass	
TestMapIterDeleteReplace/1711	pass	
TestMapIterDeleteReplace/1712	pass	
TestMapIterDeleteReplace/1713	pass	
TestMapIterDeleteReplace/1714	pass	
TestMapIterDeleteReplace/1715	pass	
TestMapIterDeleteReplace/1716	pass	
TestMapIterDeleteReplace/1717	pass	
TestMapIterDeleteReplace/1718	pass	
TestMapIterDeleteReplace/1719	pass	
TestMapIterDeleteReplace/172	pass	
TestMapIterDeleteReplace/1720	pass	
TestMapIterDeleteReplace/1721	pass	
TestMapIterDeleteReplace/1722	pass	
TestMapIterDeleteReplace/1723	pass	
TestMapIterDeleteReplace/1724	pass	
TestMapIterDeleteReplace/1725	pass	
TestMapIterDeleteReplace/1726	pass	
TestMapIterDeleteReplace/1727	pass	
TestMapIterDeleteReplace/1728	pass	
TestMapIterDeleteReplace/1729	pass	
TestMapIterDeleteReplace/173	pass	
TestMapIterDeleteReplace/1730	pass	
TestMapIterDeleteReplace/1731	pass	
TestMapIterDeleteReplace/1732	pass	
TestMapIterDeleteReplace/1733	pass	
TestMapIterDeleteReplace/1734	pass	
TestMapIterDeleteReplace/1735	pass	
TestMapIterDeleteReplace/1736	pass	
TestMapIterDeleteReplace/1737	pass	
TestMapIterDeleteReplace/1738	pass	
TestMapIterDeleteReplace/1739	pass	
TestMapIterDeleteReplace/174	pass	
TestMapIterDeleteReplace/1740	pass	
TestMapIterDeleteReplace/1741	pass	
TestMapIterDeleteReplace/1742	pass	
TestMapIterDeleteReplace/1743	pass	
TestMapIterDeleteReplace/1744	pass	
TestMapIterDeleteReplace/1745	pass	
TestMapIterDeleteReplace/1746	pass	
TestMapIterDeleteReplace/1747	pass	
TestMapIterDeleteReplace/1748	pass	
TestMapIterDeleteReplace/1749	pass	
TestMapIterDeleteReplace/175	pass	
TestMapIterDeleteReplace/1750	pass	
TestMapIterDeleteReplace/1751	pass	
TestMapIterDeleteReplace/1752	pass	
TestMapIterDeleteReplace/1753	pass	
TestMapIterDeleteReplace/1754	pass	
TestMapIterDeleteReplace/1755	pass	
TestMapIterDeleteReplace/1756	pass	
TestMapIterDeleteReplace/1757	pass	
TestMapIterDeleteReplace/1758	pass	
TestMapIterDeleteReplace/1759	pass	
TestMapIterDeleteReplace/176	pass	
TestMapIterDeleteReplace/1760	pass	
TestMapIterDeleteReplace/1761	pass	
TestMapIterDeleteReplace/1762	pass	
TestMapIterDeleteReplace/1763	pass	
TestMapIterDeleteReplace/1764	pass	
TestMapIterDeleteReplace/1765	pass	
TestMapIterDeleteReplace/1766	pass	
TestMapIterDeleteReplace/1767	pass	
TestMapIterDeleteReplace/1768	pass	
TestMapIterDeleteReplace/1769	pass	
TestMapIterDeleteReplace/177	pass	
TestMapIterDeleteReplace/1770	pass	
TestMapIterDeleteReplace/1771	pass	
TestMapIterDeleteReplace/1772	pass	
TestMapIterDeleteReplace/1773	pass	
TestMapIterDeleteReplace/1774	pass	
TestMapIterDeleteReplace/1775	pass	
TestMapIterDeleteReplace/1776	pass	
TestMapIterDeleteReplace/1777	pass	
TestMapIterDeleteReplace/1778	pass	
TestMapIterDeleteReplace/1779	pass	
TestMapIterDeleteReplace/178	pass	
TestMapIterDeleteReplace/1780	pass	
TestMapIterDeleteReplace/1781	pass	
TestMapIterDeleteReplace/1782	pass	
TestMapIterDeleteReplace/1783	pass	
TestMapIterDeleteReplace/1784	pass	
TestMapIterDeleteReplace/1785	pass	
TestMapIterDeleteReplace/1786	pass	
TestMapIterDeleteReplace/1787	pass	
TestMapIterDeleteReplace/1788	pass	
TestMapIterDeleteReplace/1789	pass	
TestMapIterDeleteReplace/179	pass	
TestMapIterDeleteReplace/1790	pass	
TestMapIterDeleteReplace/1791	pass	
TestMapIterDeleteReplace/1792	pass	
TestMapIterDeleteReplace/1793	pass	
TestMapIterDeleteReplace/1794	pass	
TestMapIterDeleteReplace/1795	pass	
TestMapIterDeleteReplace/1796	pass	
TestMapIterDeleteReplace/1797	pass	
TestMapIterDeleteReplace/1798	pass	
TestMapIterDeleteReplace/1799	pass	
TestMapIterDeleteReplace/18	pass	
TestMapIterDeleteReplace/180	pass	
TestMapIterDeleteReplace/1800	pass	
TestMapIterDeleteReplace/1801	pass	
TestMapIterDeleteReplace/1802	pass	
TestMapIterDeleteReplace/1803	pass	
TestMapIterDeleteReplace/1804	pass	
TestMapIterDeleteReplace/1805	pass	
TestMapIterDeleteReplace/1806	pass	
TestMapIterDeleteReplace/1807	pass	
TestMapIterDeleteReplace/1808	pass	
TestMapIterDeleteReplace/1809	pass	
TestMapIterDeleteReplace/181	pass	
TestMapIterDeleteReplace/1810	pass	
TestMapIterDeleteReplace/1811	pass	
TestMapIterDeleteReplace/1812	pass	
TestMapIterDeleteReplace/1813	pass	
TestMapIterDeleteReplace/1814	pass	
TestMapIterDeleteReplace/1815	pass	
TestMapIterDeleteReplace/1816	pass	
TestMapIterDeleteReplace/1817	pass	
TestMapIterDeleteReplace/1818	pass	
TestMapIterDeleteReplace/1819	pass	
TestMapIterDeleteReplace/182	pass	
TestMapIterDeleteReplace/1820	pass	
TestMapIterDeleteReplace/1821	pass	
TestMapIterDeleteReplace/1822	pass	
TestMapIterDeleteReplace/1823	pass	
TestMapIterDeleteReplace/1824	pass	
TestMapIterDeleteReplace/1825	pass	
TestMapIterDeleteReplace/1826	pass	
TestMapIterDeleteReplace/1827	pass	
TestMapIterDeleteReplace/1828	pass	
TestMapIterDeleteReplace/1829	pass	
TestMapIterDeleteReplace/183	pass	
TestMapIterDeleteReplace/1830	pass	
TestMapIterDeleteReplace/1831	pass	
TestMapIterDeleteReplace/1832	pass	
TestMapIterDeleteReplace/1833	pass	
TestMapIterDeleteReplace/1834	pass	
TestMapIterDeleteReplace/1835	pass	
TestMapIterDeleteReplace/1836	pass	
TestMapIterDeleteReplace/1837	pass	
TestMapIterDeleteReplace/1838	pass	
TestMapIterDeleteReplace/1839	pass	
TestMapIterDeleteReplace/184	pass	
TestMapIterDeleteReplace/1840	pass	
TestMapIterDeleteReplace/1841	pass	
TestMapIterDeleteReplace/1842	pass	
TestMapIterDeleteReplace/1843	pass	
TestMapIterDeleteReplace/1844	pass	
TestMapIterDeleteReplace/1845	pass	
TestMapIterDeleteReplace/1846	pass	
TestMapIterDeleteReplace/1847	pass	
TestMapIterDeleteReplace/1848	pass	
TestMapIterDeleteReplace/1849	pass	
TestMapIterDeleteReplace/185	pass	
TestMapIterDeleteReplace/1850	pass	
TestMapIterDeleteReplace/1851	pass	
TestMapIterDeleteReplace/1852	pass	
TestMapIterDeleteReplace/1853	pass	
TestMapIterDeleteReplace/1854	pass	
TestMapIterDeleteReplace/1855	pass	
TestMapIterDeleteReplace/1856	pass	
TestMapIterDeleteReplace/1857	pass	
TestMapIterDeleteReplace/1858	pass	
TestMapIterDeleteReplace/1859	pass	
TestMapIterDeleteReplace/186	pass	
TestMapIterDeleteReplace/1860	pass	
TestMapIterDeleteReplace/1861	pass	
TestMapIterDeleteReplace/1862	pass	
TestMapIterDeleteReplace/1863	pass	
TestMapIterDeleteReplace/1864	pass	
TestMapIterDeleteReplace/1865	pass	
TestMapIterDeleteReplace/1866	pass	
TestMapIterDeleteReplace/1867	pass	
TestMapIterDeleteReplace/1868	pass	
TestMapIterDeleteReplace/1869	pass	
TestMapIterDeleteReplace/187	pass	
TestMapIterDeleteReplace/1870	pass	
TestMapIterDeleteReplace/1871	pass	
TestMapIterDeleteReplace/1872	pass	
TestMapIterDeleteReplace/1873	pass	
TestMapIterDeleteReplace/1874	pass	
TestMapIterDeleteReplace/1875	pass	
TestMapIterDeleteReplace/1876	pass	
TestMapIterDeleteReplace/1877	pass	
TestMapIterDeleteReplace/1878	pass	
TestMapIterDeleteReplace/1879	pass	
TestMapIterDeleteReplace/188	pass	
TestMapIterDeleteReplace/1880	pass	
TestMapIterDeleteReplace/1881	pass	
TestMapIterDeleteReplace/1882	pass	
TestMapIterDeleteReplace/1883	pass	
TestMapIterDeleteReplace/1884	pass	
TestMapIterDeleteReplace/1885	pass	
TestMapIterDeleteReplace/1886	pass	
TestMapIterDeleteReplace/1887	pass	
TestMapIterDeleteReplace/1888	pass	
TestMapIterDeleteReplace/1889	pass	
TestMapIterDeleteReplace/189	pass	
TestMapIterDeleteReplace/1890	pass	
TestMapIterDeleteReplace/1891	pass	
TestMapIterDeleteReplace/1892	pass	
TestMapIterDeleteReplace/1893	pass	
TestMapIterDeleteReplace/1894	pass	
TestMapIterDeleteReplace/1895	pass	
TestMapIterDeleteReplace/1896	pass	
TestMapIterDeleteReplace/1897	pass	
TestMapIterDeleteReplace/1898	pass	
TestMapIterDeleteReplace/1899	pass	
TestMapIterDeleteReplace/19	pass	
TestMapIterDeleteReplace/190	pass	
TestMapIterDeleteReplace/1900	pass	
TestMapIterDeleteReplace/1901	pass	
TestMapIterDeleteReplace/1902	pass	
TestMapIterDeleteReplace/1903	pass	
TestMapIterDeleteReplace/1904	pass	
TestMapIterDeleteReplace/1905	pass	
TestMapIterDeleteReplace/1906	pass	
TestMapIterDeleteReplace/1907	pass	
TestMapIterDeleteReplace/1908	pass	
TestMapIterDeleteReplace/1909	pass	
TestMapIterDeleteReplace/191	pass	
TestMapIterDeleteReplace/1910	pass	
TestMapIterDeleteReplace/1911	pass	
TestMapIterDeleteReplace/1912	pass	
TestMapIterDeleteReplace/1913	pass	
TestMapIterDeleteReplace/1914	pass	
TestMapIterDeleteReplace/1915	pass	
TestMapIterDeleteReplace/1916	pass	
TestMapIterDeleteReplace/1917	pass	
TestMapIterDeleteReplace/1918	pass	
TestMapIterDeleteReplace/1919	pass	
TestMapIterDeleteReplace/192	pass	
TestMapIterDeleteReplace/1920	pass	
TestMapIterDeleteReplace/1921	pass	
TestMapIterDeleteReplace/1922	pass	
TestMapIterDeleteReplace/1923	pass	
TestMapIterDeleteReplace/1924	pass	
TestMapIterDeleteReplace/1925	pass	
TestMapIterDeleteReplace/1926	pass	
TestMapIterDeleteReplace/1927	pass	
TestMapIterDeleteReplace/1928	pass	
TestMapIterDeleteReplace/1929	pass	
TestMapIterDeleteReplace/193	pass	
TestMapIterDeleteReplace/1930	pass	
TestMapIterDeleteReplace/1931	pass	
TestMapIterDeleteReplace/1932	pass	
TestMapIterDeleteReplace/1933	pass	
TestMapIterDeleteReplace/1934	pass	
TestMapIterDeleteReplace/1935	pass	
TestMapIterDeleteReplace/1936	pass	
TestMapIterDeleteReplace/1937	pass	
TestMapIterDeleteReplace/1938	pass	
TestMapIterDeleteReplace/1939	pass	
TestMapIterDeleteReplace/194	pass	
TestMapIterDeleteReplace/1940	pass	
TestMapIterDeleteReplace/1941	pass	
TestMapIterDeleteReplace/1942	pass	
TestMapIterDeleteReplace/1943	pass	
TestMapIterDeleteReplace/1944	pass	
TestMapIterDeleteReplace/1945	pass	
TestMapIterDeleteReplace/1946	pass	
TestMapIterDeleteReplace/1947	pass	
TestMapIterDeleteReplace/1948	pass	
TestMapIterDeleteReplace/1949	pass	
TestMapIterDeleteReplace/195	pass	
TestMapIterDeleteReplace/1950	pass	
TestMapIterDeleteReplace/1951	pass	
TestMapIterDeleteReplace/1952	pass	
TestMapIterDeleteReplace/1953	pass	
TestMapIterDeleteReplace/1954	pass	
TestMapIterDeleteReplace/1955	pass	
TestMapIterDeleteReplace/1956	pass	
TestMapIterDeleteReplace/1957	pass	
TestMapIterDeleteReplace/1958	pass	
TestMapIterDeleteReplace/1959	pass	
TestMapIterDeleteReplace/196	pass	
TestMapIterDeleteReplace/1960	pass	
TestMapIterDeleteReplace/1961	pass	
TestMapIterDeleteReplace/1962	pass	
TestMapIterDeleteReplace/1963	pass	
TestMapIterDeleteReplace/1964	pass	
TestMapIterDeleteReplace/1965	pass	
TestMapIterDeleteReplace/1966	pass	
TestMapIterDeleteReplace/1967	pass	
TestMapIterDeleteReplace/1968	pass	
TestMapIterDeleteReplace/1969	pass	
TestMapIterDeleteReplace/197	pass	
TestMapIterDeleteReplace/1970	pass	
TestMapIterDeleteReplace/1971	pass	
TestMapIterDeleteReplace/1972	pass	
TestMapIterDeleteReplace/1973	pass	
TestMapIterDeleteReplace/1974	pass	
TestMapIterDeleteReplace/1975	pass	
TestMapIterDeleteReplace/1976	pass	
TestMapIterDeleteReplace/1977	pass	
TestMapIterDeleteReplace/1978	pass	
TestMapIterDeleteReplace/1979	pass	
TestMapIterDeleteReplace/198	pass	
TestMapIterDeleteReplace/1980	pass	
TestMapIterDeleteReplace/1981	pass	
TestMapIterDeleteReplace/1982	pass	
TestMapIterDeleteReplace/1983	pass	
TestMapIterDeleteReplace/1984	pass	
TestMapIterDeleteReplace/1985	pass	
TestMapIterDeleteReplace/1986	pass	
TestMapIterDeleteReplace/1987	pass	
TestMapIterDeleteReplace/1988	pass	
TestMapIterDeleteReplace/1989	pass	
TestMapIterDeleteReplace/199	pass	
TestMapIterDeleteReplace/1990	pass	
TestMapIterDeleteReplace/1991	pass	
TestMapIterDeleteReplace/1992	pass	
TestMapIterDeleteReplace/1993	pass	
TestMapIterDeleteReplace/1994	pass	
TestMapIterDeleteReplace/1995	pass	
TestMapIterDeleteReplace/1996	pass	
TestMapIterDeleteReplace/1997	pass	
TestMapIterDeleteReplace/1998	pass	
TestMapIterDeleteReplace/1999	pass	
TestMapIterDeleteReplace/2	pass	
TestMapIterDeleteReplace/20	pass	
TestMapIterDeleteReplace/200	pass	
TestMapIterDeleteReplace/2000	pass	
TestMapIterDeleteReplace/2001	pass	
TestMapIterDeleteReplace/2002	pass	
TestMapIterDeleteReplace/2003	pass	
TestMapIterDeleteReplace/2004	pass	
TestMapIterDeleteReplace/2005	pass	
TestMapIterDeleteReplace/2006	pass	
TestMapIterDeleteReplace/2007	pass	
TestMapIterDeleteReplace/2008	pass	
TestMapIterDeleteReplace/2009	pass	
TestMapIterDeleteReplace/201	pass	
TestMapIterDeleteReplace/2010	pass	
TestMapIterDeleteReplace/2011	pass	
TestMapIterDeleteReplace/2012	pass	
TestMapIterDeleteReplace/2013	pass	
TestMapIterDeleteReplace/2014	pass	
TestMapIterDeleteReplace/2015	pass	
TestMapIterDeleteReplace/2016	pass	
TestMapIterDeleteReplace/2017	pass	
TestMapIterDeleteReplace/2018	pass	
TestMapIterDeleteReplace/2019	pass	
TestMapIterDeleteReplace/202	pass	
TestMapIterDeleteReplace/2020	pass	
TestMapIterDeleteReplace/2021	pass	
TestMapIterDeleteReplace/2022	pass	
TestMapIterDeleteReplace/2023	pass	
TestMapIterDeleteReplace/2024	pass	
TestMapIterDeleteReplace/2025	pass	
TestMapIterDeleteReplace/2026	pass	
TestMapIterDeleteReplace/2027	pass	
TestMapIterDeleteReplace/2028	pass	
TestMapIterDeleteReplace/2029	pass	
TestMapIterDeleteReplace/203	pass	
TestMapIterDeleteReplace/2030	pass	
TestMapIterDeleteReplace/2031	pass	
TestMapIterDeleteReplace/2032	pass	
TestMapIterDeleteReplace/2033	pass	
TestMapIterDeleteReplace/2034	pass	
TestMapIterDeleteReplace/2035	pass	
TestMapIterDeleteReplace/2036	pass	
TestMapIterDeleteReplace/2037	pass	
TestMapIterDeleteReplace/2038	pass	
TestMapIterDeleteReplace/2039	pass	
TestMapIterDeleteReplace/204	pass	
TestMapIterDeleteReplace/2040	pass	
TestMapIterDeleteReplace/2041	pass	
TestMapIterDeleteReplace/2042	pass	
TestMapIterDeleteReplace/2043	pass	
TestMapIterDeleteReplace/2044	pass	
TestMapIterDeleteReplace/2045	pass	
TestMapIterDeleteReplace/2046	pass	
TestMapIterDeleteReplace/2047	pass	
TestMapIterDeleteReplace/2048	pass	
TestMapIterDeleteReplace/2049	pass	
TestMapIterDeleteReplace/205	pass	
TestMapIterDeleteReplace/2050	pass	
TestMapIterDeleteReplace/2051	pass	
TestMapIterDeleteReplace/2052	pass	
TestMapIterDeleteReplace/2053	pass	
TestMapIterDeleteReplace/2054	pass	
TestMapIterDeleteReplace/2055	pass	
TestMapIterDeleteReplace/2056	pass	
TestMapIterDeleteReplace/2057	pass	
TestMapIterDeleteReplace/2058	pass	
TestMapIterDeleteReplace/2059	pass	
TestMapIterDeleteReplace/206	pass	
TestMapIterDeleteReplace/2060	pass	
TestMapIterDeleteReplace/2061	pass	
TestMapIterDeleteReplace/2062	pass	
TestMapIterDeleteReplace/2063	pass	
TestMapIterDeleteReplace/2064	pass	
TestMapIterDeleteReplace/2065	pass	
TestMapIterDeleteReplace/2066	pass	
TestMapIterDeleteReplace/2067	pass	
TestMapIterDeleteReplace/2068	pass	
TestMapIterDeleteReplace/2069	pass	
TestMapIterDeleteReplace/207	pass	
TestMapIterDeleteReplace/2070	pass	
TestMapIterDeleteReplace/2071	pass	
TestMapIterDeleteReplace/2072	pass	
TestMapIterDeleteReplace/2073	pass	
TestMapIterDeleteReplace/2074	pass	
TestMapIterDeleteReplace/2075	pass	
TestMapIterDeleteReplace/2076	pass	
TestMapIterDeleteReplace/2077	pass	
TestMapIterDeleteReplace/2078	pass	
TestMapIterDeleteReplace/2079	pass	
TestMapIterDeleteReplace/208	pass	
TestMapIterDeleteReplace/2080	pass	
TestMapIterDeleteReplace/2081	pass	
TestMapIterDeleteReplace/2082	pass	
TestMapIterDeleteReplace/2083	pass	
TestMapIterDeleteReplace/2084	pass	
TestMapIterDeleteReplace/2085	pass	
TestMapIterDeleteReplace/2086	pass	
TestMapIterDeleteReplace/2087	pass	
TestMapIterDeleteReplace/2088	pass	
TestMapIterDeleteReplace/2089	pass	
TestMapIterDeleteReplace/209	pass	
TestMapIterDeleteReplace/2090	pass	
TestMapIterDeleteReplace/2091	pass	
TestMapIterDeleteReplace/2092	pass	
TestMapIterDeleteReplace/2093	pass	
TestMapIterDeleteReplace/2094	pass	
TestMapIterDeleteReplace/2095	pass	
TestMapIterDeleteReplace/2096	pass	
TestMapIterDeleteReplace/2097	pass	
TestMapIterDeleteReplace/2098	pass	
TestMapIterDeleteReplace/2099	pass	
TestMapIterDeleteReplace/21	pass	
TestMapIterDeleteReplace/210	pass	
TestMapIterDeleteReplace/2100	pass	
TestMapIterDeleteReplace/2101	pass	
TestMapIterDeleteReplace/2102	pass	
TestMapIterDeleteReplace/2103	pass	
TestMapIterDeleteReplace/2104	pass	
TestMapIterDeleteReplace/2105	pass	
TestMapIterDeleteReplace/2106	pass	
TestMapIterDeleteReplace/2107	pass	
TestMapIterDeleteReplace/2108	pass	
TestMapIterDeleteReplace/2109	pass	
TestMapIterDeleteReplace/211	pass	
TestMapIterDeleteReplace/2110	pass	
TestMapIterDeleteReplace/2111	pass	
TestMapIterDeleteReplace/2112	pass	
TestMapIterDeleteReplace/2113	pass	
TestMapIterDeleteReplace/2114	pass	
TestMapIterDeleteReplace/2115	pass	
TestMapIterDeleteReplace/2116	pass	
TestMapIterDeleteReplace/2117	pass	
TestMapIterDeleteReplace/2118	pass	
TestMapIterDeleteReplace/2119	pass	
TestMapIterDeleteReplace/212	pass	
TestMapIterDeleteReplace/2120	pass	
TestMapIterDeleteReplace/2121	pass	
TestMapIterDeleteReplace/2122	pass	
TestMapIterDeleteReplace/2123	pass	
TestMapIterDeleteReplace/2124	pass	
TestMapIterDeleteReplace/2125	pass	
TestMapIterDeleteReplace/2126	pass	
TestMapIterDeleteReplace/2127	pass	
TestMapIterDeleteReplace/2128	pass	
TestMapIterDeleteReplace/2129	pass	
TestMapIterDeleteReplace/213	pass	
TestMapIterDeleteReplace/2130	pass	
TestMapIterDeleteReplace/2131	pass	
TestMapIterDeleteReplace/2132	pass	
TestMapIterDeleteReplace/2133	pass	
TestMapIterDeleteReplace/2134	pass	
TestMapIterDeleteReplace/2135	pass	
TestMapIterDeleteReplace/2136	pass	
TestMapIterDeleteReplace/2137	pass	
TestMapIterDeleteReplace/2138	pass	
TestMapIterDeleteReplace/2139	pass	
TestMapIterDeleteReplace/214	pass	
TestMapIterDeleteReplace/2140	pass	
TestMapIterDeleteReplace/2141	pass	
TestMapIterDeleteReplace/2142	pass	
TestMapIterDeleteReplace/2143	pass	
TestMapIterDeleteReplace/2144	pass	
TestMapIterDeleteReplace/2145	pass	
TestMapIterDeleteReplace/2146	pass	
TestMapIterDeleteReplace/2147	pass	
TestMapIterDeleteReplace/2148	pass	
TestMapIterDeleteReplace/2149	pass	
TestMapIterDeleteReplace/215	pass	
TestMapIterDeleteReplace/2150	pass	
TestMapIterDeleteReplace/2151	pass	
TestMapIterDeleteReplace/2152	pass	
TestMapIterDeleteReplace/2153	pass	
TestMapIterDeleteReplace/2154	pass	
TestMapIterDeleteReplace/2155	pass	
TestMapIterDeleteReplace/2156	pass	
TestMapIterDeleteReplace/2157	pass	
TestMapIterDeleteReplace/2158	pass	
TestMapIterDeleteReplace/2159	pass	
TestMapIterDeleteReplace/216	pass	
TestMapIterDeleteReplace/2160	pass	
TestMapIterDeleteReplace/2161	pass	
TestMapIterDeleteReplace/2162	pass	
TestMapIterDeleteReplace/2163	pass	
TestMapIterDeleteReplace/2164	pass	
TestMapIterDeleteReplace/2165	pass	
TestMapIterDeleteReplace/2166	pass	
TestMapIterDeleteReplace/2167	pass	
TestMapIterDeleteReplace/2168	pass	
TestMapIterDeleteReplace/2169	pass	
TestMapIterDeleteReplace/217	pass	
TestMapIterDeleteReplace/2170	pass	
TestMapIterDeleteReplace/2171	pass	
TestMapIterDeleteReplace/2172	pass	
TestMapIterDeleteReplace/2173	pass	
TestMapIterDeleteReplace/2174	pass	
TestMapIterDeleteReplace/2175	pass	
TestMapIterDeleteReplace/2176	pass	
TestMapIterDeleteReplace/2177	pass	
TestMapIterDeleteReplace/2178	pass	
TestMapIterDeleteReplace/2179	pass	
TestMapIterDeleteReplace/218	pass	
TestMapIterDeleteReplace/2180	pass	
TestMapIterDeleteReplace/2181	pass	
TestMapIterDeleteReplace/2182	pass	
TestMapIterDeleteReplace/2183	pass	
TestMapIterDeleteReplace/2184	pass	
TestMapIterDeleteReplace/2185	pass	
TestMapIterDeleteReplace/2186	pass	
TestMapIterDeleteReplace/2187	pass	
TestMapIterDeleteReplace/2188	pass	
TestMapIterDeleteReplace/2189	pass	
TestMapIterDeleteReplace/219	pass	
TestMapIterDeleteReplace/2190	pass	
TestMapIterDeleteReplace/2191	pass	
TestMapIterDeleteReplace/2192	pass	
TestMapIterDeleteReplace/2193	pass	
TestMapIterDeleteReplace/2194	pass	
TestMapIterDeleteReplace/2195	pass	
TestMapIterDeleteReplace/2196	pass	
TestMapIterDeleteReplace/2197	pass	
TestMapIterDeleteReplace/2198	pass	
TestMapIterDeleteReplace/2199	pass	
TestMapIterDeleteReplace/22	pass	
TestMapIterDeleteReplace/220	pass	
TestMapIterDeleteReplace/2200	pass	
TestMapIterDeleteReplace/2201	pass	
TestMapIterDeleteReplace/2202	pass	
TestMapIterDeleteReplace/2203	pass	
TestMapIterDeleteReplace/2204	pass	
TestMapIterDeleteReplace/2205	pass	
TestMapIterDeleteReplace/2206	pass	
TestMapIterDeleteReplace/2207	pass	
TestMapIterDeleteReplace/2208	pass	
TestMapIterDeleteReplace/2209	pass	
TestMapIterDeleteReplace/221	pass	
TestMapIterDeleteReplace/2210	pass	
TestMapIterDeleteReplace/2211	pass	
TestMapIterDeleteReplace/2212	pass	
TestMapIterDeleteReplace/2213	pass	
TestMapIterDeleteReplace/2214	pass	
TestMapIterDeleteReplace/2215	pass	
TestMapIterDeleteReplace/2216	pass	
TestMapIterDeleteReplace/2217	pass	
TestMapIterDeleteReplace/2218	pass	
TestMapIterDeleteReplace/2219	pass	
TestMapIterDeleteReplace/222	pass	
TestMapIterDeleteReplace/2220	pass	
TestMapIterDeleteReplace/2221	pass	
TestMapIterDeleteReplace/2222	pass	
TestMapIterDeleteReplace/2223	pass	
TestMapIterDeleteReplace/2224	pass	
TestMapIterDeleteReplace/2225	pass	
TestMapIterDeleteReplace/2226	pass	
TestMapIterDeleteReplace/2227	pass	
TestMapIterDeleteReplace/2228	pass	
TestMapIterDeleteReplace/2229	pass	
TestMapIterDeleteReplace/223	pass	
TestMapIterDeleteReplace/2230	pass	
TestMapIterDeleteReplace/2231	pass	
TestMapIterDeleteReplace/2232	pass	
TestMapIterDeleteReplace/2233	pass	
TestMapIterDeleteReplace/2234	pass	
TestMapIterDeleteReplace/2235	pass	
TestMapIterDeleteReplace/2236	pass	
TestMapIterDeleteReplace/2237	pass	
TestMapIterDeleteReplace/2238	pass	
TestMapIterDeleteReplace/2239	pass	
TestMapIterDeleteReplace/224	pass	
TestMapIterDeleteReplace/2240	pass	
TestMapIterDeleteReplace/2241	pass	
TestMapIterDeleteReplace/2242	pass	
TestMapIterDeleteReplace/2243	pass	
TestMapIterDeleteReplace/2244	pass	
TestMapIterDeleteReplace/2245	pass	
TestMapIterDeleteReplace/2246	pass	
TestMapIterDeleteReplace/2247	pass	
TestMapIterDeleteReplace/2248	pass	
TestMapIterDeleteReplace/2249	pass	
TestMapIterDeleteReplace/225	pass	
TestMapIterDeleteReplace/2250	pass	
TestMapIterDeleteReplace/2251	pass	
TestMapIterDeleteReplace/2252	pass	
TestMapIterDeleteReplace/2253	pass	
TestMapIterDeleteReplace/2254	pass	
TestMapIterDeleteReplace/2255	pass	
TestMapIterDeleteReplace/2256	pass	
TestMapIterDeleteReplace/2257	pass	
TestMapIterDeleteReplace/2258	pass	
TestMapIterDeleteReplace/2259	pass	
TestMapIterDeleteReplace/226	pass	
TestMapIterDeleteReplace/2260	pass	
TestMapIterDeleteReplace/2261	pass	
TestMapIterDeleteReplace/2262	pass	
TestMapIterDeleteReplace/2263	pass	
TestMapIterDeleteReplace/2264	pass	
TestMapIterDeleteReplace/2265	pass	
TestMapIterDeleteReplace/2266	pass	
TestMapIterDeleteReplace/2267	pass	
TestMapIterDeleteReplace/2268	pass	
TestMapIterDeleteReplace/2269	pass	
TestMapIterDeleteReplace/227	pass	
TestMapIterDeleteReplace/2270	pass	
TestMapIterDeleteReplace/2271	pass	
TestMapIterDeleteReplace/2272	pass	
TestMapIterDeleteReplace/2273	pass	
TestMapIterDeleteReplace/2274	pass	
TestMapIterDeleteReplace/2275	pass	
TestMapIterDeleteReplace/2276	pass	
TestMapIterDeleteReplace/2277	pass	
TestMapIterDeleteReplace/2278	pass	
TestMapIterDeleteReplace/2279	pass	
TestMapIterDeleteReplace/228	pass	
TestMapIterDeleteReplace/2280	pass	
TestMapIterDeleteReplace/2281	pass	
TestMapIterDeleteReplace/2282	pass	
TestMapIterDeleteReplace/2283	pass	
TestMapIterDeleteReplace/2284	pass	
TestMapIterDeleteReplace/2285	pass	
TestMapIterDeleteReplace/2286	pass	
TestMapIterDeleteReplace/2287	pass	
TestMapIterDeleteReplace/2288	pass	
TestMapIterDeleteReplace/2289	pass	
TestMapIterDeleteReplace/229	pass	
TestMapIterDeleteReplace/2290	pass	
TestMapIterDeleteReplace/2291	pass	
TestMapIterDeleteReplace/2292	pass	
TestMapIterDeleteReplace/2293	pass	
TestMapIterDeleteReplace/2294	pass	
TestMapIterDeleteReplace/2295	pass	
TestMapIterDeleteReplace/2296	pass	
TestMapIterDeleteReplace/2297	pass	
TestMapIterDeleteReplace/2298	pass	
TestMapIterDeleteReplace/2299	pass	
TestMapIterDeleteReplace/23	pass	
TestMapIterDeleteReplace/230	pass	
TestMapIterDeleteReplace/2300	pass	
TestMapIterDeleteReplace/2301	pass	
TestMapIterDeleteReplace/2302	pass	
TestMapIterDeleteReplace/2303	pass	
TestMapIterDeleteReplace/2304	pass	
TestMapIterDeleteReplace/2305	pass	
TestMapIterDeleteReplace/2306	pass	
TestMapIterDeleteReplace/2307	pass	
TestMapIterDeleteReplace/2308	pass	
TestMapIterDeleteReplace/2309	pass	
TestMapIterDeleteReplace/231	pass	
TestMapIterDeleteReplace/2310	pass	
TestMapIterDeleteReplace/2311	pass	
TestMapIterDeleteReplace/2312	pass	
TestMapIterDeleteReplace/2313	pass	
TestMapIterDeleteReplace/2314	pass	
TestMapIterDeleteReplace/2315	pass	
TestMapIterDeleteReplace/2316	pass	
TestMapIterDeleteReplace/2317	pass	
TestMapIterDeleteReplace/2318	pass	
TestMapIterDeleteReplace/2319	pass	
TestMapIterDeleteReplace/232	pass	
TestMapIterDeleteReplace/2320	pass	
TestMapIterDeleteReplace/2321	pass	
TestMapIterDeleteReplace/2322	pass	
TestMapIterDeleteReplace/2323	pass	
TestMapIterDeleteReplace/2324	pass	
TestMapIterDeleteReplace/2325	pass	
TestMapIterDeleteReplace/2326	pass	
TestMapIterDeleteReplace/2327	pass	
TestMapIterDeleteReplace/2328	pass	
TestMapIterDeleteReplace/2329	pass	
TestMapIterDeleteReplace/233	pass	
TestMapIterDeleteReplace/2330	pass	
TestMapIterDeleteReplace/2331	pass	
TestMapIterDeleteReplace/2332	pass	
TestMapIterDeleteReplace/2333	pass	
TestMapIterDeleteReplace/2334	pass	
TestMapIterDeleteReplace/2335	pass	
TestMapIterDeleteReplace/2336	pass	
TestMapIterDeleteReplace/2337	pass	
TestMapIterDeleteReplace/2338	pass	
TestMapIterDeleteReplace/2339	pass	
TestMapIterDeleteReplace/234	pass	
TestMapIterDeleteReplace/2340	pass	
TestMapIterDeleteReplace/2341	pass	
TestMapIterDeleteReplace/2342	pass	
TestMapIterDeleteReplace/2343	pass	
TestMapIterDeleteReplace/2344	pass	
TestMapIterDeleteReplace/2345	pass	
TestMapIterDeleteReplace/2346	pass	
TestMapIterDeleteReplace/2347	pass	
TestMapIterDeleteReplace/2348	pass	
TestMapIterDeleteReplace/2349	pass	
TestMapIterDeleteReplace/235	pass	
TestMapIterDeleteReplace/2350	pass	
TestMapIterDeleteReplace/2351	pass	
TestMapIterDeleteReplace/2352	pass	
TestMapIterDeleteReplace/2353	pass	
TestMapIterDeleteReplace/2354	pass	
TestMapIterDeleteReplace/2355	pass	
TestMapIterDeleteReplace/2356	pass	
TestMapIterDeleteReplace/2357	pass	
TestMapIterDeleteReplace/2358	pass	
TestMapIterDeleteReplace/2359	pass	
TestMapIterDeleteReplace/236	pass	
TestMapIterDeleteReplace/2360	pass	
TestMapIterDeleteReplace/2361	pass	
TestMapIterDeleteReplace/2362	pass	
TestMapIterDeleteReplace/2363	pass	
TestMapIterDeleteReplace/2364	pass	
TestMapIterDeleteReplace/2365	pass	
TestMapIterDeleteReplace/2366	pass	
TestMapIterDeleteReplace/2367	pass	
TestMapIterDeleteReplace/2368	pass	
TestMapIterDeleteReplace/2369	pass	
TestMapIterDeleteReplace/237	pass	
TestMapIterDeleteReplace/2370	pass	
TestMapIterDeleteReplace/2371	pass	
TestMapIterDeleteReplace/2372	pass	
TestMapIterDeleteReplace/2373	pass	
TestMapIterDeleteReplace/2374	pass	
TestMapIterDeleteReplace/2375	pass	
TestMapIterDeleteReplace/2376	pass	
TestMapIterDeleteReplace/2377	pass	
TestMapIterDeleteReplace/2378	pass	
TestMapIterDeleteReplace/2379	pass	
TestMapIterDeleteReplace/238	pass	
TestMapIterDeleteReplace/2380	pass	
TestMapIterDeleteReplace/2381	pass	
TestMapIterDeleteReplace/2382	pass	
TestMapIterDeleteReplace/2383	pass	
TestMapIterDeleteReplace/2384	pass	
TestMapIterDeleteReplace/2385	pass	
TestMapIterDeleteReplace/2386	pass	
TestMapIterDeleteReplace/2387	pass	
TestMapIterDeleteReplace/2388	pass	
TestMapIterDeleteReplace/2389	pass	
TestMapIterDeleteReplace/239	pass	
TestMapIterDeleteReplace/2390	pass	
TestMapIterDeleteReplace/2391	pass	
TestMapIterDeleteReplace/2392	pass	
TestMapIterDeleteReplace/2393	pass	
TestMapIterDeleteReplace/2394	pass	
TestMapIterDeleteReplace/2395	pass	
TestMapIterDeleteReplace/2396	pass	
TestMapIterDeleteReplace/2397	pass	
TestMapIterDeleteReplace/2398	pass	
TestMapIterDeleteReplace/2399	pass	
TestMapIterDeleteReplace/24	pass	
TestMapIterDeleteReplace/240	pass	
TestMapIterDeleteReplace/2400	pass	
TestMapIterDeleteReplace/2401	pass	
TestMapIterDeleteReplace/2402	pass	
TestMapIterDeleteReplace/2403	pass	
TestMapIterDeleteReplace/2404	pass	
TestMapIterDeleteReplace/2405	pass	
TestMapIterDeleteReplace/2406	pass	
TestMapIterDeleteReplace/2407	pass	
TestMapIterDeleteReplace/2408	pass	
TestMapIterDeleteReplace/2409	pass	
TestMapIterDeleteReplace/241	pass	
TestMapIterDeleteReplace/2410	pass	
TestMapIterDeleteReplace/2411	pass	
TestMapIterDeleteReplace/2412	pass	
TestMapIterDeleteReplace/2413	pass	
TestMapIterDeleteReplace/2414	pass	
TestMapIterDeleteReplace/2415	pass	
TestMapIterDeleteReplace/2416	pass	
TestMapIterDeleteReplace/2417	pass	
TestMapIterDeleteReplace/2418	pass	
TestMapIterDeleteReplace/2419	pass	
TestMapIterDeleteReplace/242	pass	
TestMapIterDeleteReplace/2420	pass	
TestMapIterDeleteReplace/2421	pass	
TestMapIterDeleteReplace/2422	pass	
TestMapIterDeleteReplace/2423	pass	
TestMapIterDeleteReplace/2424	pass	
TestMapIterDeleteReplace/2425	pass	
TestMapIterDeleteReplace/2426	pass	
TestMapIterDeleteReplace/2427	pass	
TestMapIterDeleteReplace/2428	pass	
TestMapIterDeleteReplace/2429	pass	
TestMapIterDeleteReplace/243	pass	
TestMapIterDeleteReplace/2430	pass	
TestMapIterDeleteReplace/2431	pass	
TestMapIterDeleteReplace/2432	pass	
TestMapIterDeleteReplace/2433	pass	
TestMapIterDeleteReplace/2434	pass	
TestMapIterDeleteReplace/2435	pass	
TestMapIterDeleteReplace/2436	pass	
TestMapIterDeleteReplace/2437	pass	
TestMapIterDeleteReplace/2438	pass	
TestMapIterDeleteReplace/2439	pass	
TestMapIterDeleteReplace/244	pass	
TestMapIterDeleteReplace/2440	pass	
TestMapIterDeleteReplace/2441	pass	
TestMapIterDeleteReplace/2442	pass	
TestMapIterDeleteReplace/2443	pass	
TestMapIterDeleteReplace/2444	pass	
TestMapIterDeleteReplace/2445	pass	
TestMapIterDeleteReplace/2446	pass	
TestMapIterDeleteReplace/2447	pass	
TestMapIterDeleteReplace/2448	pass	
TestMapIterDeleteReplace/2449	pass	
TestMapIterDeleteReplace/245	pass	
TestMapIterDeleteReplace/2450	pass	
TestMapIterDeleteReplace/2451	pass	
TestMapIterDeleteReplace/2452	pass	
TestMapIterDeleteReplace/2453	pass	
TestMapIterDeleteReplace/2454	pass	
TestMapIterDeleteReplace/2455	pass	
TestMapIterDeleteReplace/2456	pass	
TestMapIterDeleteReplace/2457	pass	
TestMapIterDeleteReplace/2458	pass	
TestMapIterDeleteReplace/2459	pass	
TestMapIterDeleteReplace/246	pass	
TestMapIterDeleteReplace/2460	pass	
TestMapIterDeleteReplace/2461	pass	
TestMapIterDeleteReplace/2462	pass	
TestMapIterDeleteReplace/2463	pass	
TestMapIterDeleteReplace/2464	pass	
TestMapIterDeleteReplace/2465	pass	
TestMapIterDeleteReplace/2466	pass	
TestMapIterDeleteReplace/2467	pass	
TestMapIterDeleteReplace/2468	pass	
TestMapIterDeleteReplace/2469	pass	
TestMapIterDeleteReplace/247	pass	
TestMapIterDeleteReplace/2470	pass	
TestMapIterDeleteReplace/2471	pass	
TestMapIterDeleteReplace/2472	pass	
TestMapIterDeleteReplace/2473	pass	
TestMapIterDeleteReplace/2474	pass	
TestMapIterDeleteReplace/2475	pass	
TestMapIterDeleteReplace/2476	pass	
TestMapIterDeleteReplace/2477	pass	
TestMapIterDeleteReplace/2478	pass	
TestMapIterDeleteReplace/2479	pass	
TestMapIterDeleteReplace/248	pass	
TestMapIterDeleteReplace/2480	pass	
TestMapIterDeleteReplace/2481	pass	
TestMapIterDeleteReplace/2482	pass	
TestMapIterDeleteReplace/2483	pass	
TestMapIterDeleteReplace/2484	pass	
TestMapIterDeleteReplace/2485	pass	
TestMapIterDeleteReplace/2486	pass	
TestMapIterDeleteReplace/2487	pass	
TestMapIterDeleteReplace/2488	pass	
TestMapIterDeleteReplace/2489	pass	
TestMapIterDeleteReplace/249	pass	
TestMapIterDeleteReplace/2490	pass	
TestMapIterDeleteReplace/2491	pass	
TestMapIterDeleteReplace/2492	pass	
TestMapIterDeleteReplace/2493	pass	
TestMapIterDeleteReplace/2494	pass	
TestMapIterDeleteReplace/2495	pass	
TestMapIterDeleteReplace/2496	pass	
TestMapIterDeleteReplace/2497	pass	
TestMapIterDeleteReplace/2498	pass	
TestMapIterDeleteReplace/2499	pass	
TestMapIterDeleteReplace/25	pass	
TestMapIterDeleteReplace/250	pass	
TestMapIterDeleteReplace/2500	pass	
TestMapIterDeleteReplace/2501	pass	
TestMapIterDeleteReplace/2502	pass	
TestMapIterDeleteReplace/2503	pass	
TestMapIterDeleteReplace/2504	pass	
TestMapIterDeleteReplace/2505	pass	
TestMapIterDeleteReplace/2506	pass	
TestMapIterDeleteReplace/2507	pass	
TestMapIterDeleteReplace/2508	pass	
TestMapIterDeleteReplace/2509	pass	
TestMapIterDeleteReplace/251	pass	
TestMapIterDeleteReplace/2510	pass	
TestMapIterDeleteReplace/2511	pass	
TestMapIterDeleteReplace/2512	pass	
TestMapIterDeleteReplace/2513	pass	
TestMapIterDeleteReplace/2514	pass	
TestMapIterDeleteReplace/2515	pass	
TestMapIterDeleteReplace/2516	pass	
TestMapIterDeleteReplace/2517	pass	
TestMapIterDeleteReplace/2518	pass	
TestMapIterDeleteReplace/2519	pass	
TestMapIterDeleteReplace/252	pass	
TestMapIterDeleteReplace/2520	pass	
TestMapIterDeleteReplace/2521	pass	
TestMapIterDeleteReplace/2522	pass	
TestMapIterDeleteReplace/2523	pass	
TestMapIterDeleteReplace/2524	pass	
TestMapIterDeleteReplace/2525	pass	
TestMapIterDeleteReplace/2526	pass	
TestMapIterDeleteReplace/2527	pass	
TestMapIterDeleteReplace/2528	pass	
TestMapIterDeleteReplace/2529	pass	
TestMapIterDeleteReplace/253	pass	
TestMapIterDeleteReplace/2530	pass	
TestMapIterDeleteReplace/2531	pass	
TestMapIterDeleteReplace/2532	pass	
TestMapIterDeleteReplace/2533	pass	
TestMapIterDeleteReplace/2534	pass	
TestMapIterDeleteReplace/2535	pass	
TestMapIterDeleteReplace/2536	pass	
TestMapIterDeleteReplace/2537	pass	
TestMapIterDeleteReplace/2538	pass	
TestMapIterDeleteReplace/2539	pass	
TestMapIterDeleteReplace/254	pass	
TestMapIterDeleteReplace/2540	pass	
TestMapIterDeleteReplace/2541	pass	
TestMapIterDeleteReplace/2542	pass	
TestMapIterDeleteReplace/2543	pass	
TestMapIterDeleteReplace/2544	pass	
TestMapIterDeleteReplace/2545	pass	
TestMapIterDeleteReplace/2546	pass	
TestMapIterDeleteReplace/2547	pass	
TestMapIterDeleteReplace/2548	pass	
TestMapIterDeleteReplace/2549	pass	
TestMapIterDeleteReplace/255	pass	
TestMapIterDeleteReplace/2550	pass	
TestMapIterDeleteReplace/2551	pass	
TestMapIterDeleteReplace/2552	pass	
TestMapIterDeleteReplace/2553	pass	
TestMapIterDeleteReplace/2554	pass	
TestMapIterDeleteReplace/2555	pass	
TestMapIterDeleteReplace/2556	pass	
TestMapIterDeleteReplace/2557	pass	
TestMapIterDeleteReplace/2558	pass	
TestMapIterDeleteReplace/2559	pass	
TestMapIterDeleteReplace/256	pass	
TestMapIterDeleteReplace/2560	pass	
TestMapIterDeleteReplace/2561	pass	
TestMapIterDeleteReplace/2562	pass	
TestMapIterDeleteReplace/2563	pass	
TestMapIterDeleteReplace/2564	pass	
TestMapIterDeleteReplace/2565	pass	
TestMapIterDeleteReplace/2566	pass	
TestMapIterDeleteReplace/2567	pass	
TestMapIterDeleteReplace/2568	pass	
TestMapIterDeleteReplace/2569	pass	
TestMapIterDeleteReplace/257	pass	
TestMapIterDeleteReplace/2570	pass	
TestMapIterDeleteReplace/2571	pass	
TestMapIterDeleteReplace/2572	pass	
TestMapIterDeleteReplace/2573	pass	
TestMapIterDeleteReplace/2574	pass	
TestMapIterDeleteReplace/2575	pass	
TestMapIterDeleteReplace/2576	pass	
TestMapIterDeleteReplace/2577	pass	
TestMapIterDeleteReplace/2578	pass	
TestMapIterDeleteReplace/2579	pass	
TestMapIterDeleteReplace/258	pass	
TestMapIterDeleteReplace/2580	pass	
TestMapIterDeleteReplace/2581	pass	
TestMapIterDeleteReplace/2582	pass	
TestMapIterDeleteReplace/2583	pass	
TestMapIterDeleteReplace/2584	pass	
TestMapIterDeleteReplace/2585	pass	
TestMapIterDeleteReplace/2586	pass	
TestMapIterDeleteReplace/2587	pass	
TestMapIterDeleteReplace/2588	pass	
TestMapIterDeleteReplace/2589	pass	
TestMapIterDeleteReplace/259	pass	
TestMapIterDeleteReplace/2590	pass	
TestMapIterDeleteReplace/2591	pass	
TestMapIterDeleteReplace/2592	pass	
TestMapIterDeleteReplace/2593	pass	
TestMapIterDeleteReplace/2594	pass	
TestMapIterDeleteReplace/2595	pass	
TestMapIterDeleteReplace/2596	pass	
TestMapIterDeleteReplace/2597	pass	
TestMapIterDeleteReplace/2598	pass	
TestMapIterDeleteReplace/2599	pass	
TestMapIterDeleteReplace/26	pass	
TestMapIterDeleteReplace/260	pass	
TestMapIterDeleteReplace/2600	pass	
TestMapIterDeleteReplace/2601	pass	
TestMapIterDeleteReplace/2602	pass	
TestMapIterDeleteReplace/2603	pass	
TestMapIterDeleteReplace/2604	pass	
TestMapIterDeleteReplace/2605	pass	
TestMapIterDeleteReplace/2606	pass	
TestMapIterDeleteReplace/2607	pass	
TestMapIterDeleteReplace/2608	pass	
TestMapIterDeleteReplace/2609	pass	
TestMapIterDeleteReplace/261	pass	
TestMapIterDeleteReplace/2610	pass	
TestMapIterDeleteReplace/2611	pass	
TestMapIterDeleteReplace/2612	pass	
TestMapIterDeleteReplace/2613	pass	
TestMapIterDeleteReplace/2614	pass	
TestMapIterDeleteReplace/2615	pass	
TestMapIterDeleteReplace/2616	pass	
TestMapIterDeleteReplace/2617	pass	
TestMapIterDeleteReplace/2618	pass	
TestMapIterDeleteReplace/2619	pass	
TestMapIterDeleteReplace/262	pass	
TestMapIterDeleteReplace/2620	pass	
TestMapIterDeleteReplace/2621	pass	
TestMapIterDeleteReplace/2622	pass	
TestMapIterDeleteReplace/2623	pass	
TestMapIterDeleteReplace/2624	pass	
TestMapIterDeleteReplace/2625	pass	
TestMapIterDeleteReplace/2626	pass	
TestMapIterDeleteReplace/2627	pass	
TestMapIterDeleteReplace/2628	pass	
TestMapIterDeleteReplace/2629	pass	
TestMapIterDeleteReplace/263	pass	
TestMapIterDeleteReplace/2630	pass	
TestMapIterDeleteReplace/2631	pass	
TestMapIterDeleteReplace/2632	pass	
TestMapIterDeleteReplace/2633	pass	
TestMapIterDeleteReplace/2634	pass	
TestMapIterDeleteReplace/2635	pass	
TestMapIterDeleteReplace/2636	pass	
TestMapIterDeleteReplace/2637	pass	
TestMapIterDeleteReplace/2638	pass	
TestMapIterDeleteReplace/2639	pass	
TestMapIterDeleteReplace/264	pass	
TestMapIterDeleteReplace/2640	pass	
TestMapIterDeleteReplace/2641	pass	
TestMapIterDeleteReplace/2642	pass	
TestMapIterDeleteReplace/2643	pass	
TestMapIterDeleteReplace/2644	pass	
TestMapIterDeleteReplace/2645	pass	
TestMapIterDeleteReplace/2646	pass	
TestMapIterDeleteReplace/2647	pass	
TestMapIterDeleteReplace/2648	pass	
TestMapIterDeleteReplace/2649	pass	
TestMapIterDeleteReplace/265	pass	
TestMapIterDeleteReplace/2650	pass	
TestMapIterDeleteReplace/2651	pass	
TestMapIterDeleteReplace/2652	pass	
TestMapIterDeleteReplace/2653	pass	
TestMapIterDeleteReplace/2654	pass	
TestMapIterDeleteReplace/2655	pass	
TestMapIterDeleteReplace/2656	pass	
TestMapIterDeleteReplace/2657	pass	
TestMapIterDeleteReplace/2658	pass	
TestMapIterDeleteReplace/2659	pass	
TestMapIterDeleteReplace/266	pass	
TestMapIterDeleteReplace/2660	pass	
TestMapIterDeleteReplace/2661	pass	
TestMapIterDeleteReplace/2662	pass	
TestMapIterDeleteReplace/2663	pass	
TestMapIterDeleteReplace/2664	pass	
TestMapIterDeleteReplace/2665	pass	
TestMapIterDeleteReplace/2666	pass	
TestMapIterDeleteReplace/2667	pass	
TestMapIterDeleteReplace/2668	pass	
TestMapIterDeleteReplace/2669	pass	
TestMapIterDeleteReplace/267	pass	
TestMapIterDeleteReplace/2670	pass	
TestMapIterDeleteReplace/2671	pass	
TestMapIterDeleteReplace/2672	pass	
TestMapIterDeleteReplace/2673	pass	
TestMapIterDeleteReplace/2674	pass	
TestMapIterDeleteReplace/2675	pass	
TestMapIterDeleteReplace/2676	pass	
TestMapIterDeleteReplace/2677	pass	
TestMapIterDeleteReplace/2678	pass	
TestMapIterDeleteReplace/2679	pass	
TestMapIterDeleteReplace/268	pass	
TestMapIterDeleteReplace/2680	pass	
TestMapIterDeleteReplace/2681	pass	
TestMapIterDeleteReplace/2682	pass	
TestMapIterDeleteReplace/2683	pass	
TestMapIterDeleteReplace/2684	pass	
TestMapIterDeleteReplace/2685	pass	
TestMapIterDeleteReplace/2686	pass	
TestMapIterDeleteReplace/2687	pass	
TestMapIterDeleteReplace/2688	pass	
TestMapIterDeleteReplace/2689	pass	
TestMapIterDeleteReplace/269	pass	
TestMapIterDeleteReplace/2690	pass	
TestMapIterDeleteReplace/2691	pass	
TestMapIterDeleteReplace/2692	pass	
TestMapIterDeleteReplace/2693	pass	
TestMapIterDeleteReplace/2694	pass	
TestMapIterDeleteReplace/2695	pass	
TestMapIterDeleteReplace/2696	pass	
TestMapIterDeleteReplace/2697	pass	
TestMapIterDeleteReplace/2698	pass	
TestMapIterDeleteReplace/2699	pass	
TestMapIterDeleteReplace/27	pass	
TestMapIterDeleteReplace/270	pass	
TestMapIterDeleteReplace/2700	pass	
TestMapIterDeleteReplace/2701	pass	
TestMapIterDeleteReplace/2702	pass	
TestMapIterDeleteReplace/2703	pass	
TestMapIterDeleteReplace/2704	pass	
TestMapIterDeleteReplace/2705	pass	
TestMapIterDeleteReplace/2706	pass	
TestMapIterDeleteReplace/2707	pass	
TestMapIterDeleteReplace/2708	pass	
TestMapIterDeleteReplace/2709	pass	
TestMapIterDeleteReplace/271	pass	
TestMapIterDeleteReplace/2710	pass	
TestMapIterDeleteReplace/2711	pass	
TestMapIterDeleteReplace/2712	pass	
TestMapIterDeleteReplace/2713	pass	
TestMapIterDeleteReplace/2714	pass	
TestMapIterDeleteReplace/2715	pass	
TestMapIterDeleteReplace/2716	pass	
TestMapIterDeleteReplace/2717	pass	
TestMapIterDeleteReplace/2718	pass	
TestMapIterDeleteReplace/2719	pass	
TestMapIterDeleteReplace/272	pass	
TestMapIterDeleteReplace/2720	pass	
TestMapIterDeleteReplace/2721	pass	
TestMapIterDeleteReplace/2722	pass	
TestMapIterDeleteReplace/2723	pass	
TestMapIterDeleteReplace/2724	pass	
TestMapIterDeleteReplace/2725	pass	
TestMapIterDeleteReplace/2726	pass	
TestMapIterDeleteReplace/2727	pass	
TestMapIterDeleteReplace/2728	pass	
TestMapIterDeleteReplace/2729	pass	
TestMapIterDeleteReplace/273	pass	
TestMapIterDeleteReplace/2730	pass	
TestMapIterDeleteReplace/2731	pass	
TestMapIterDeleteReplace/2732	pass	
TestMapIterDeleteReplace/2733	pass	
TestMapIterDeleteReplace/2734	pass	
TestMapIterDeleteReplace/2735	pass	
TestMapIterDeleteReplace/2736	pass	
TestMapIterDeleteReplace/2737	pass	
TestMapIterDeleteReplace/2738	pass	
TestMapIterDeleteReplace/2739	pass	
TestMapIterDeleteReplace/274	pass	
TestMapIterDeleteReplace/2740	pass	
TestMapIterDeleteReplace/2741	pass	
TestMapIterDeleteReplace/2742	pass	
TestMapIterDeleteReplace/2743	pass	
TestMapIterDeleteReplace/2744	pass	
TestMapIterDeleteReplace/2745	pass	
TestMapIterDeleteReplace/2746	pass	
TestMapIterDeleteReplace/2747	pass	
TestMapIterDeleteReplace/2748	pass	
TestMapIterDeleteReplace/2749	pass	
TestMapIterDeleteReplace/275	pass	
TestMapIterDeleteReplace/2750	pass	
TestMapIterDeleteReplace/2751	pass	
TestMapIterDeleteReplace/2752	pass	
TestMapIterDeleteReplace/2753	pass	
TestMapIterDeleteReplace/2754	pass	
TestMapIterDeleteReplace/2755	pass	
TestMapIterDeleteReplace/2756	pass	
TestMapIterDeleteReplace/2757	pass	
TestMapIterDeleteReplace/2758	pass	
TestMapIterDeleteReplace/2759	pass	
TestMapIterDeleteReplace/276	pass	
TestMapIterDeleteReplace/2760	pass	
TestMapIterDeleteReplace/2761	pass	
TestMapIterDeleteReplace/2762	pass	
TestMapIterDeleteReplace/2763	pass	
TestMapIterDeleteReplace/2764	pass	
TestMapIterDeleteReplace/2765	pass	
TestMapIterDeleteReplace/2766	pass	
TestMapIterDeleteReplace/2767	pass	
TestMapIterDeleteReplace/2768	pass	
TestMapIterDeleteReplace/2769	pass	
TestMapIterDeleteReplace/277	pass	
TestMapIterDeleteReplace/2770	pass	
TestMapIterDeleteReplace/2771	pass	
TestMapIterDeleteReplace/2772	pass	
TestMapIterDeleteReplace/2773	pass	
TestMapIterDeleteReplace/2774	pass	
TestMapIterDeleteReplace/2775	pass	
TestMapIterDeleteReplace/2776	pass	
TestMapIterDeleteReplace/2777	pass	
TestMapIterDeleteReplace/2778	pass	
TestMapIterDeleteReplace/2779	pass	
TestMapIterDeleteReplace/278	pass	
TestMapIterDeleteReplace/2780	pass	
TestMapIterDeleteReplace/2781	pass	
TestMapIterDeleteReplace/2782	pass	
TestMapIterDeleteReplace/2783	pass	
TestMapIterDeleteReplace/2784	pass	
TestMapIterDeleteReplace/2785	pass	
TestMapIterDeleteReplace/2786	pass	
TestMapIterDeleteReplace/2787	pass	
TestMapIterDeleteReplace/2788	pass	
TestMapIterDeleteReplace/2789	pass	
TestMapIterDeleteReplace/279	pass	
TestMapIterDeleteReplace/2790	pass	
TestMapIterDeleteReplace/2791	pass	
TestMapIterDeleteReplace/2792	pass	
TestMapIterDeleteReplace/2793	pass	
TestMapIterDeleteReplace/2794	pass	
TestMapIterDeleteReplace/2795	pass	
TestMapIterDeleteReplace/2796	pass	
TestMapIterDeleteReplace/2797	pass	
TestMapIterDeleteReplace/2798	pass	
TestMapIterDeleteReplace/2799	pass	
TestMapIterDeleteReplace/28	pass	
TestMapIterDeleteReplace/280	pass	
TestMapIterDeleteReplace/2800	pass	
TestMapIterDeleteReplace/2801	pass	
TestMapIterDeleteReplace/2802	pass	
TestMapIterDeleteReplace/2803	pass	
TestMapIterDeleteReplace/2804	pass	
TestMapIterDeleteReplace/2805	pass	
TestMapIterDeleteReplace/2806	pass	
TestMapIterDeleteReplace/2807	pass	
TestMapIterDeleteReplace/2808	pass	
TestMapIterDeleteReplace/2809	pass	
TestMapIterDeleteReplace/281	pass	
TestMapIterDeleteReplace/2810	pass	
TestMapIterDeleteReplace/2811	pass	
TestMapIterDeleteReplace/2812	pass	
TestMapIterDeleteReplace/2813	pass	
TestMapIterDeleteReplace/2814	pass	
TestMapIterDeleteReplace/2815	pass	
TestMapIterDeleteReplace/2816	pass	
TestMapIterDeleteReplace/2817	pass	
TestMapIterDeleteReplace/2818	pass	
TestMapIterDeleteReplace/2819	pass	
TestMapIterDeleteReplace/282	pass	
TestMapIterDeleteReplace/2820	pass	
TestMapIterDeleteReplace/2821	pass	
TestMapIterDeleteReplace/2822	pass	
TestMapIterDeleteReplace/2823	pass	
TestMapIterDeleteReplace/2824	pass	
TestMapIterDeleteReplace/2825	pass	
TestMapIterDeleteReplace/2826	pass	
TestMapIterDeleteReplace/2827	pass	
TestMapIterDeleteReplace/2828	pass	
TestMapIterDeleteReplace/2829	pass	
TestMapIterDeleteReplace/283	pass	
TestMapIterDeleteReplace/2830	pass	
TestMapIterDeleteReplace/2831	pass	
TestMapIterDeleteReplace/2832	pass	
TestMapIterDeleteReplace/2833	pass	
TestMapIterDeleteReplace/2834	pass	
TestMapIterDeleteReplace/2835	pass	
TestMapIterDeleteReplace/2836	pass	
TestMapIterDeleteReplace/2837	pass	
TestMapIterDeleteReplace/2838	pass	
TestMapIterDeleteReplace/2839	pass	
TestMapIterDeleteReplace/284	pass	
TestMapIterDeleteReplace/2840	pass	
TestMapIterDeleteReplace/2841	pass	
TestMapIterDeleteReplace/2842	pass	
TestMapIterDeleteReplace/2843	pass	
TestMapIterDeleteReplace/2844	pass	
TestMapIterDeleteReplace/2845	pass	
TestMapIterDeleteReplace/2846	pass	
TestMapIterDeleteReplace/2847	pass	
TestMapIterDeleteReplace/2848	pass	
TestMapIterDeleteReplace/2849	pass	
TestMapIterDeleteReplace/285	pass	
TestMapIterDeleteReplace/2850	pass	
TestMapIterDeleteReplace/2851	pass	
TestMapIterDeleteReplace/2852	pass	
TestMapIterDeleteReplace/2853	pass	
TestMapIterDeleteReplace/2854	pass	
TestMapIterDeleteReplace/2855	pass	
TestMapIterDeleteReplace/2856	pass	
TestMapIterDeleteReplace/2857	pass	
TestMapIterDeleteReplace/2858	pass	
TestMapIterDeleteReplace/2859	pass	
TestMapIterDeleteReplace/286	pass	
TestMapIterDeleteReplace/2860	pass	
TestMapIterDeleteReplace/2861	pass	
TestMapIterDeleteReplace/2862	pass	
TestMapIterDeleteReplace/2863	pass	
TestMapIterDeleteReplace/2864	pass	
TestMapIterDeleteReplace/2865	pass	
TestMapIterDeleteReplace/2866	pass	
TestMapIterDeleteReplace/2867	pass	
TestMapIterDeleteReplace/2868	pass	
TestMapIterDeleteReplace/2869	pass	
TestMapIterDeleteReplace/287	pass	
TestMapIterDeleteReplace/2870	pass	
TestMapIterDeleteReplace/2871	pass	
TestMapIterDeleteReplace/2872	pass	
TestMapIterDeleteReplace/2873	pass	
TestMapIterDeleteReplace/2874	pass	
TestMapIterDeleteReplace/2875	pass	
TestMapIterDeleteReplace/2876	pass	
TestMapIterDeleteReplace/2877	pass	
TestMapIterDeleteReplace/2878	pass	
TestMapIterDeleteReplace/2879	pass	
TestMapIterDeleteReplace/288	pass	
TestMapIterDeleteReplace/2880	pass	
TestMapIterDeleteReplace/2881	pass	
TestMapIterDeleteReplace/2882	pass	
TestMapIterDeleteReplace/2883	pass	
TestMapIterDeleteReplace/2884	pass	
TestMapIterDeleteReplace/2885	pass	
TestMapIterDeleteReplace/2886	pass	
TestMapIterDeleteReplace/2887	pass	
TestMapIterDeleteReplace/2888	pass	
TestMapIterDeleteReplace/2889	pass	
TestMapIterDeleteReplace/289	pass	
TestMapIterDeleteReplace/2890	pass	
TestMapIterDeleteReplace/2891	pass	
TestMapIterDeleteReplace/2892	pass	
TestMapIterDeleteReplace/2893	pass	
TestMapIterDeleteReplace/2894	pass	
TestMapIterDeleteReplace/2895	pass	
TestMapIterDeleteReplace/2896	pass	
TestMapIterDeleteReplace/2897	pass	
TestMapIterDeleteReplace/2898	pass	
TestMapIterDeleteReplace/2899	pass	
TestMapIterDeleteReplace/29	pass	
TestMapIterDeleteReplace/290	pass	
TestMapIterDeleteReplace/2900	pass	
TestMapIterDeleteReplace/2901	pass	
TestMapIterDeleteReplace/2902	pass	
TestMapIterDeleteReplace/2903	pass	
TestMapIterDeleteReplace/2904	pass	
TestMapIterDeleteReplace/2905	pass	
TestMapIterDeleteReplace/2906	pass	
TestMapIterDeleteReplace/2907	pass	
TestMapIterDeleteReplace/2908	pass	
TestMapIterDeleteReplace/2909	pass	
TestMapIterDeleteReplace/291	pass	
TestMapIterDeleteReplace/2910	pass	
TestMapIterDeleteReplace/2911	pass	
TestMapIterDeleteReplace/2912	pass	
TestMapIterDeleteReplace/2913	pass	
TestMapIterDeleteReplace/2914	pass	
TestMapIterDeleteReplace/2915	pass	
TestMapIterDeleteReplace/2916	pass	
TestMapIterDeleteReplace/2917	pass	
TestMapIterDeleteReplace/2918	pass	
TestMapIterDeleteReplace/2919	pass	
TestMapIterDeleteReplace/292	pass	
TestMapIterDeleteReplace/2920	pass	
TestMapIterDeleteReplace/2921	pass	
TestMapIterDeleteReplace/2922	pass	
TestMapIterDeleteReplace/2923	pass	
TestMapIterDeleteReplace/2924	pass	
TestMapIterDeleteReplace/2925	pass	
TestMapIterDeleteReplace/2926	pass	
TestMapIterDeleteReplace/2927	pass	
TestMapIterDeleteReplace/2928	pass	
TestMapIterDeleteReplace/2929	pass	
TestMapIterDeleteReplace/293	pass	
TestMapIterDeleteReplace/2930	pass	
TestMapIterDeleteReplace/2931	pass	
TestMapIterDeleteReplace/2932	pass	
TestMapIterDeleteReplace/2933	pass	
TestMapIterDeleteReplace/2934	pass	
TestMapIterDeleteReplace/2935	pass	
TestMapIterDeleteReplace/2936	pass	
TestMapIterDeleteReplace/2937	pass	
TestMapIterDeleteReplace/2938	pass	
TestMapIterDeleteReplace/2939	pass	
TestMapIterDeleteReplace/294	pass	
TestMapIterDeleteReplace/2940	pass	
TestMapIterDeleteReplace/2941	pass	
TestMapIterDeleteReplace/2942	pass	
TestMapIterDeleteReplace/2943	pass	
TestMapIterDeleteReplace/2944	pass	
TestMapIterDeleteReplace/2945	pass	
TestMapIterDeleteReplace/2946	pass	
TestMapIterDeleteReplace/2947	pass	
TestMapIterDeleteReplace/2948	pass	
TestMapIterDeleteReplace/2949	pass	
TestMapIterDeleteReplace/295	pass	
TestMapIterDeleteReplace/2950	pass	
TestMapIterDeleteReplace/2951	pass	
TestMapIterDeleteReplace/2952	pass	
TestMapIterDeleteReplace/2953	pass	
TestMapIterDeleteReplace/2954	pass	
TestMapIterDeleteReplace/2955	pass	
TestMapIterDeleteReplace/2956	pass	
TestMapIterDeleteReplace/2957	pass	
TestMapIterDeleteReplace/2958	pass	
TestMapIterDeleteReplace/2959	pass	
TestMapIterDeleteReplace/296	pass	
TestMapIterDeleteReplace/2960	pass	
TestMapIterDeleteReplace/2961	pass	
TestMapIterDeleteReplace/2962	pass	
TestMapIterDeleteReplace/2963	pass	
TestMapIterDeleteReplace/2964	pass	
TestMapIterDeleteReplace/2965	pass	
TestMapIterDeleteReplace/2966	pass	
TestMapIterDeleteReplace/2967	pass	
TestMapIterDeleteReplace/2968	pass	
TestMapIterDeleteReplace/2969	pass	
TestMapIterDeleteReplace/297	pass	
TestMapIterDeleteReplace/2970	pass	
TestMapIterDeleteReplace/2971	pass	
TestMapIterDeleteReplace/2972	pass	
TestMapIterDeleteReplace/2973	pass	
TestMapIterDeleteReplace/2974	pass	
TestMapIterDeleteReplace/2975	pass	
TestMapIterDeleteReplace/2976	pass	
TestMapIterDeleteReplace/2977	pass	
TestMapIterDeleteReplace/2978	pass	
TestMapIterDeleteReplace/2979	pass	
TestMapIterDeleteReplace/298	pass	
TestMapIterDeleteReplace/2980	pass	
TestMapIterDeleteReplace/2981	pass	
TestMapIterDeleteReplace/2982	pass	
TestMapIterDeleteReplace/2983	pass	
TestMapIterDeleteReplace/2984	pass	
TestMapIterDeleteReplace/2985	pass	
TestMapIterDeleteReplace/2986	pass	
TestMapIterDeleteReplace/2987	pass	
TestMapIterDeleteReplace/2988	pass	
TestMapIterDeleteReplace/2989	pass	
TestMapIterDeleteReplace/299	pass	
TestMapIterDeleteReplace/2990	pass	
TestMapIterDeleteReplace/2991	pass	
TestMapIterDeleteReplace/2992	pass	
TestMapIterDeleteReplace/2993	pass	
TestMapIterDeleteReplace/2994	pass	
TestMapIterDeleteReplace/2995	pass	
TestMapIterDeleteReplace/2996	pass	
TestMapIterDeleteReplace/2997	pass	
TestMapIterDeleteReplace/2998	pass	
TestMapIterDeleteReplace/2999	pass	
TestMapIterDeleteReplace/3	pass	
TestMapIterDeleteReplace/30	pass	
TestMapIterDeleteReplace/300	pass	
TestMapIterDeleteReplace/3000	pass	
TestMapIterDeleteReplace/3001	pass	
TestMapIterDeleteReplace/3002	pass	
TestMapIterDeleteReplace/3003	pass	
TestMapIterDeleteReplace/3004	pass	
TestMapIterDeleteReplace/3005	pass	
TestMapIterDeleteReplace/3006	pass	
TestMapIterDeleteReplace/3007	pass	
TestMapIterDeleteReplace/3008	pass	
TestMapIterDeleteReplace/3009	pass	
TestMapIterDeleteReplace/301	pass	
TestMapIterDeleteReplace/3010	pass	
TestMapIterDeleteReplace/3011	pass	
TestMapIterDeleteReplace/3012	pass	
TestMapIterDeleteReplace/3013	pass	
TestMapIterDeleteReplace/3014	pass	
TestMapIterDeleteReplace/3015	pass	
TestMapIterDeleteReplace/3016	pass	
TestMapIterDeleteReplace/3017	pass	
TestMapIterDeleteReplace/3018	pass	
TestMapIterDeleteReplace/3019	pass	
TestMapIterDeleteReplace/302	pass	
TestMapIterDeleteReplace/3020	pass	
TestMapIterDeleteReplace/3021	pass	
TestMapIterDeleteReplace/3022	pass	
TestMapIterDeleteReplace/3023	pass	
TestMapIterDeleteReplace/3024	pass	
TestMapIterDeleteReplace/3025	pass	
TestMapIterDeleteReplace/3026	pass	
TestMapIterDeleteReplace/3027	pass	
TestMapIterDeleteReplace/3028	pass	
TestMapIterDeleteReplace/3029	pass	
TestMapIterDeleteReplace/303	pass	
TestMapIterDeleteReplace/3030	pass	
TestMapIterDeleteReplace/3031	pass	
TestMapIterDeleteReplace/3032	pass	
TestMapIterDeleteReplace/3033	pass	
TestMapIterDeleteReplace/3034	pass	
TestMapIterDeleteReplace/3035	pass	
TestMapIterDeleteReplace/3036	pass	
TestMapIterDeleteReplace/3037	pass	
TestMapIterDeleteReplace/3038	pass	
TestMapIterDeleteReplace/3039	pass	
TestMapIterDeleteReplace/304	pass	
TestMapIterDeleteReplace/3040	pass	
TestMapIterDeleteReplace/3041	pass	
TestMapIterDeleteReplace/3042	pass	
TestMapIterDeleteReplace/3043	pass	
TestMapIterDeleteReplace/3044	pass	
TestMapIterDeleteReplace/3045	pass	
TestMapIterDeleteReplace/3046	pass	
TestMapIterDeleteReplace/3047	pass	
TestMapIterDeleteReplace/3048	pass	
TestMapIterDeleteReplace/3049	pass	
TestMapIterDeleteReplace/305	pass	
TestMapIterDeleteReplace/3050	pass	
TestMapIterDeleteReplace/3051	pass	
TestMapIterDeleteReplace/3052	pass	
TestMapIterDeleteReplace/3053	pass	
TestMapIterDeleteReplace/3054	pass	
TestMapIterDeleteReplace/3055	pass	
TestMapIterDeleteReplace/3056	pass	
TestMapIterDeleteReplace/3057	pass	
TestMapIterDeleteReplace/3058	pass	
TestMapIterDeleteReplace/3059	pass	
TestMapIterDeleteReplace/306	pass	
TestMapIterDeleteReplace/3060	pass	
TestMapIterDeleteReplace/3061	pass	
TestMapIterDeleteReplace/3062	pass	
TestMapIterDeleteReplace/3063	pass	
TestMapIterDeleteReplace/3064	pass	
TestMapIterDeleteReplace/3065	pass	
TestMapIterDeleteReplace/3066	pass	
TestMapIterDeleteReplace/3067	pass	
TestMapIterDeleteReplace/3068	pass	
TestMapIterDeleteReplace/3069	pass	
TestMapIterDeleteReplace/307	pass	
TestMapIterDeleteReplace/3070	pass	
TestMapIterDeleteReplace/3071	pass	
TestMapIterDeleteReplace/3072	pass	
TestMapIterDeleteReplace/3073	pass	
TestMapIterDeleteReplace/3074	pass	
TestMapIterDeleteReplace/3075	pass	
TestMapIterDeleteReplace/3076	pass	
TestMapIterDeleteReplace/3077	pass	
TestMapIterDeleteReplace/3078	pass	
TestMapIterDeleteReplace/3079	pass	
TestMapIterDeleteReplace/308	pass	
TestMapIterDeleteReplace/3080	pass	
TestMapIterDeleteReplace/3081	pass	
TestMapIterDeleteReplace/3082	pass	
TestMapIterDeleteReplace/3083	pass	
TestMapIterDeleteReplace/3084	pass	
TestMapIterDeleteReplace/3085	pass	
TestMapIterDeleteReplace/3086	pass	
TestMapIterDeleteReplace/3087	pass	
TestMapIterDeleteReplace/3088	pass	
TestMapIterDeleteReplace/3089	pass	
TestMapIterDeleteReplace/309	pass	
TestMapIterDeleteReplace/3090	pass	
TestMapIterDeleteReplace/3091	pass	
TestMapIterDeleteReplace/3092	pass	
TestMapIterDeleteReplace/3093	pass	
TestMapIterDeleteReplace/3094	pass	
TestMapIterDeleteReplace/3095	pass	
TestMapIterDeleteReplace/3096	pass	
TestMapIterDeleteReplace/3097	pass	
TestMapIterDeleteReplace/3098	pass	
TestMapIterDeleteReplace/3099	pass	
TestMapIterDeleteReplace/31	pass	
TestMapIterDeleteReplace/310	pass	
TestMapIterDeleteReplace/3100	pass	
TestMapIterDeleteReplace/3101	pass	
TestMapIterDeleteReplace/3102	pass	
TestMapIterDeleteReplace/3103	pass	
TestMapIterDeleteReplace/3104	pass	
TestMapIterDeleteReplace/3105	pass	
TestMapIterDeleteReplace/3106	pass	
TestMapIterDeleteReplace/3107	pass	
TestMapIterDeleteReplace/3108	pass	
TestMapIterDeleteReplace/3109	pass	
TestMapIterDeleteReplace/311	pass	
TestMapIterDeleteReplace/3110	pass	
TestMapIterDeleteReplace/3111	pass	
TestMapIterDeleteReplace/3112	pass	
TestMapIterDeleteReplace/3113	pass	
TestMapIterDeleteReplace/3114	pass	
TestMapIterDeleteReplace/3115	pass	
TestMapIterDeleteReplace/3116	pass	
TestMapIterDeleteReplace/3117	pass	
TestMapIterDeleteReplace/3118	pass	
TestMapIterDeleteReplace/3119	pass	
TestMapIterDeleteReplace/312	pass	
TestMapIterDeleteReplace/3120	pass	
TestMapIterDeleteReplace/3121	pass	
TestMapIterDeleteReplace/3122	pass	
TestMapIterDeleteReplace/3123	pass	
TestMapIterDeleteReplace/3124	pass	
TestMapIterDeleteReplace/3125	pass	
TestMapIterDeleteReplace/3126	pass	
TestMapIterDeleteReplace/3127	pass	
TestMapIterDeleteReplace/3128	pass	
TestMapIterDeleteReplace/3129	pass	
TestMapIterDeleteReplace/313	pass	
TestMapIterDeleteReplace/3130	pass	
TestMapIterDeleteReplace/3131	pass	
TestMapIterDeleteReplace/3132	pass	
TestMapIterDeleteReplace/3133	pass	
TestMapIterDeleteReplace/3134	pass	
TestMapIterDeleteReplace/3135	pass	
TestMapIterDeleteReplace/3136	pass	
TestMapIterDeleteReplace/3137	pass	
TestMapIterDeleteReplace/3138	pass	
TestMapIterDeleteReplace/3139	pass	
TestMapIterDeleteReplace/314	pass	
TestMapIterDeleteReplace/3140	pass	
TestMapIterDeleteReplace/3141	pass	
TestMapIterDeleteReplace/3142	pass	
TestMapIterDeleteReplace/3143	pass	
TestMapIterDeleteReplace/3144	pass	
TestMapIterDeleteReplace/3145	pass	
TestMapIterDeleteReplace/3146	pass	
TestMapIterDeleteReplace/3147	pass	
TestMapIterDeleteReplace/3148	pass	
TestMapIterDeleteReplace/3149	pass	
TestMapIterDeleteReplace/315	pass	
TestMapIterDeleteReplace/3150	pass	
TestMapIterDeleteReplace/3151	pass	
TestMapIterDeleteReplace/3152	pass	
TestMapIterDeleteReplace/3153	pass	
TestMapIterDeleteReplace/3154	pass	
TestMapIterDeleteReplace/3155	pass	
TestMapIterDeleteReplace/3156	pass	
TestMapIterDeleteReplace/3157	pass	
TestMapIterDeleteReplace/3158	pass	
TestMapIterDeleteReplace/3159	pass	
TestMapIterDeleteReplace/316	pass	
TestMapIterDeleteReplace/3160	pass	
TestMapIterDeleteReplace/3161	pass	
TestMapIterDeleteReplace/3162	pass	
TestMapIterDeleteReplace/3163	pass	
TestMapIterDeleteReplace/3164	pass	
TestMapIterDeleteReplace/3165	pass	
TestMapIterDeleteReplace/3166	pass	
TestMapIterDeleteReplace/3167	pass	
TestMapIterDeleteReplace/3168	pass	
TestMapIterDeleteReplace/3169	pass	
TestMapIterDeleteReplace/317	pass	
TestMapIterDeleteReplace/3170	pass	
TestMapIterDeleteReplace/3171	pass	
TestMapIterDeleteReplace/3172	pass	
TestMapIterDeleteReplace/3173	pass	
TestMapIterDeleteReplace/3174	pass	
TestMapIterDeleteReplace/3175	pass	
TestMapIterDeleteReplace/3176	pass	
TestMapIterDeleteReplace/3177	pass	
TestMapIterDeleteReplace/3178	pass	
TestMapIterDeleteReplace/3179	pass	
TestMapIterDeleteReplace/318	pass	
TestMapIterDeleteReplace/3180	pass	
TestMapIterDeleteReplace/3181	pass	
TestMapIterDeleteReplace/3182	pass	
TestMapIterDeleteReplace/3183	pass	
TestMapIterDeleteReplace/3184	pass	
TestMapIterDeleteReplace/3185	pass	
TestMapIterDeleteReplace/3186	pass	
TestMapIterDeleteReplace/3187	pass	
TestMapIterDeleteReplace/3188	pass	
TestMapIterDeleteReplace/3189	pass	
TestMapIterDeleteReplace/319	pass	
TestMapIterDeleteReplace/3190	pass	
TestMapIterDeleteReplace/3191	pass	
TestMapIterDeleteReplace/3192	pass	
TestMapIterDeleteReplace/3193	pass	
TestMapIterDeleteReplace/3194	pass	
TestMapIterDeleteReplace/3195	pass	
TestMapIterDeleteReplace/3196	pass	
TestMapIterDeleteReplace/3197	pass	
TestMapIterDeleteReplace/3198	pass	
TestMapIterDeleteReplace/3199	pass	
TestMapIterDeleteReplace/32	pass	
TestMapIterDeleteReplace/320	pass	
TestMapIterDeleteReplace/3200	pass	
TestMapIterDeleteReplace/3201	pass	
TestMapIterDeleteReplace/3202	pass	
TestMapIterDeleteReplace/3203	pass	
TestMapIterDeleteReplace/3204	pass	
TestMapIterDeleteReplace/3205	pass	
TestMapIterDeleteReplace/3206	pass	
TestMapIterDeleteReplace/3207	pass	
TestMapIterDeleteReplace/3208	pass	
TestMapIterDeleteReplace/3209	pass	
TestMapIterDeleteReplace/321	pass	
TestMapIterDeleteReplace/3210	pass	
TestMapIterDeleteReplace/3211	pass	
TestMapIterDeleteReplace/3212	pass	
TestMapIterDeleteReplace/3213	pass	
TestMapIterDeleteReplace/3214	pass	
TestMapIterDeleteReplace/3215	pass	
TestMapIterDeleteReplace/3216	pass	
TestMapIterDeleteReplace/3217	pass	
TestMapIterDeleteReplace/3218	pass	
TestMapIterDeleteReplace/3219	pass	
TestMapIterDeleteReplace/322	pass	
TestMapIterDeleteReplace/3220	pass	
TestMapIterDeleteReplace/3221	pass	
TestMapIterDeleteReplace/3222	pass	
TestMapIterDeleteReplace/3223	pass	
TestMapIterDeleteReplace/3224	pass	
TestMapIterDeleteReplace/3225	pass	
TestMapIterDeleteReplace/3226	pass	
TestMapIterDeleteReplace/3227	pass	
TestMapIterDeleteReplace/3228	pass	
TestMapIterDeleteReplace/3229	pass	
TestMapIterDeleteReplace/323	pass	
TestMapIterDeleteReplace/3230	pass	
TestMapIterDeleteReplace/3231	pass	
TestMapIterDeleteReplace/3232	pass	
TestMapIterDeleteReplace/3233	pass	
TestMapIterDeleteReplace/3234	pass	
TestMapIterDeleteReplace/3235	pass	
TestMapIterDeleteReplace/3236	pass	
TestMapIterDeleteReplace/3237	pass	
TestMapIterDeleteReplace/3238	pass	
TestMapIterDeleteReplace/3239	pass	
TestMapIterDeleteReplace/324	pass	
TestMapIterDeleteReplace/3240	pass	
TestMapIterDeleteReplace/3241	pass	
TestMapIterDeleteReplace/3242	pass	
TestMapIterDeleteReplace/3243	pass	
TestMapIterDeleteReplace/3244	pass	
TestMapIterDeleteReplace/3245	pass	
TestMapIterDeleteReplace/3246	pass	
TestMapIterDeleteReplace/3247	pass	
TestMapIterDeleteReplace/3248	pass	
TestMapIterDeleteReplace/3249	pass	
TestMapIterDeleteReplace/325	pass	
TestMapIterDeleteReplace/3250	pass	
TestMapIterDeleteReplace/3251	pass	
TestMapIterDeleteReplace/3252	pass	
TestMapIterDeleteReplace/3253	pass	
TestMapIterDeleteReplace/3254	pass	
TestMapIterDeleteReplace/3255	pass	
TestMapIterDeleteReplace/3256	pass	
TestMapIterDeleteReplace/3257	pass	
TestMapIterDeleteReplace/3258	pass	
TestMapIterDeleteReplace/3259	pass	
TestMapIterDeleteReplace/326	pass	
TestMapIterDeleteReplace/3260	pass	
TestMapIterDeleteReplace/3261	pass	
TestMapIterDeleteReplace/3262	pass	
TestMapIterDeleteReplace/3263	pass	
TestMapIterDeleteReplace/3264	pass	
TestMapIterDeleteReplace/3265	pass	
TestMapIterDeleteReplace/3266	pass	
TestMapIterDeleteReplace/3267	pass	
TestMapIterDeleteReplace/3268	pass	
TestMapIterDeleteReplace/3269	pass	
TestMapIterDeleteReplace/327	pass	
TestMapIterDeleteReplace/3270	pass	
TestMapIterDeleteReplace/3271	pass	
TestMapIterDeleteReplace/3272	pass	
TestMapIterDeleteReplace/3273	pass	
TestMapIterDeleteReplace/3274	pass	
TestMapIterDeleteReplace/3275	pass	
TestMapIterDeleteReplace/3276	pass	
TestMapIterDeleteReplace/3277	pass	
TestMapIterDeleteReplace/3278	pass	
TestMapIterDeleteReplace/3279	pass	
TestMapIterDeleteReplace/328	pass	
TestMapIterDeleteReplace/3280	pass	
TestMapIterDeleteReplace/3281	pass	
TestMapIterDeleteReplace/3282	pass	
TestMapIterDeleteReplace/3283	pass	
TestMapIterDeleteReplace/3284	pass	
TestMapIterDeleteReplace/3285	pass	
TestMapIterDeleteReplace/3286	pass	
TestMapIterDeleteReplace/3287	pass	
TestMapIterDeleteReplace/3288	pass	
TestMapIterDeleteReplace/3289	pass	
TestMapIterDeleteReplace/329	pass	
TestMapIterDeleteReplace/3290	pass	
TestMapIterDeleteReplace/3291	pass	
TestMapIterDeleteReplace/3292	pass	
TestMapIterDeleteReplace/3293	pass	
TestMapIterDeleteReplace/3294	pass	
TestMapIterDeleteReplace/3295	pass	
TestMapIterDeleteReplace/3296	pass	
TestMapIterDeleteReplace/3297	pass	
TestMapIterDeleteReplace/3298	pass	
TestMapIterDeleteReplace/3299	pass	
TestMapIterDeleteReplace/33	pass	
TestMapIterDeleteReplace/330	pass	
TestMapIterDeleteReplace/3300	pass	
TestMapIterDeleteReplace/3301	pass	
TestMapIterDeleteReplace/3302	pass	
TestMapIterDeleteReplace/3303	pass	
TestMapIterDeleteReplace/3304	pass	
TestMapIterDeleteReplace/3305	pass	
TestMapIterDeleteReplace/3306	pass	
TestMapIterDeleteReplace/3307	pass	
TestMapIterDeleteReplace/3308	pass	
TestMapIterDeleteReplace/3309	pass	
TestMapIterDeleteReplace/331	pass	
TestMapIterDeleteReplace/3310	pass	
TestMapIterDeleteReplace/3311	pass	
TestMapIterDeleteReplace/3312	pass	
TestMapIterDeleteReplace/3313	pass	
TestMapIterDeleteReplace/3314	pass	
TestMapIterDeleteReplace/3315	pass	
TestMapIterDeleteReplace/3316	pass	
TestMapIterDeleteReplace/3317	pass	
TestMapIterDeleteReplace/3318	pass	
TestMapIterDeleteReplace/3319	pass	
TestMapIterDeleteReplace/332	pass	
TestMapIterDeleteReplace/3320	pass	
TestMapIterDeleteReplace/3321	pass	
TestMapIterDeleteReplace/3322	pass	
TestMapIterDeleteReplace/3323	pass	
TestMapIterDeleteReplace/3324	pass	
TestMapIterDeleteReplace/3325	pass	
TestMapIterDeleteReplace/3326	pass	
TestMapIterDeleteReplace/3327	pass	
TestMapIterDeleteReplace/3328	pass	
TestMapIterDeleteReplace/3329	pass	
TestMapIterDeleteReplace/333	pass	
TestMapIterDeleteReplace/3330	pass	
TestMapIterDeleteReplace/3331	pass	
TestMapIterDeleteReplace/3332	pass	
TestMapIterDeleteReplace/3333	pass	
TestMapIterDeleteReplace/3334	pass	
TestMapIterDeleteReplace/3335	pass	
TestMapIterDeleteReplace/3336	pass	
TestMapIterDeleteReplace/3337	pass	
TestMapIterDeleteReplace/3338	pass	
TestMapIterDeleteReplace/3339	pass	
TestMapIterDeleteReplace/334	pass	
TestMapIterDeleteReplace/3340	pass	
TestMapIterDeleteReplace/3341	pass	
TestMapIterDeleteReplace/3342	pass	
TestMapIterDeleteReplace/3343	pass	
TestMapIterDeleteReplace/3344	pass	
TestMapIterDeleteReplace/3345	pass	
TestMapIterDeleteReplace/3346	pass	
TestMapIterDeleteReplace/3347	pass	
TestMapIterDeleteReplace/3348	pass	
TestMapIterDeleteReplace/3349	pass	
TestMapIterDeleteReplace/335	pass	
TestMapIterDeleteReplace/3350	pass	
TestMapIterDeleteReplace/3351	pass	
TestMapIterDeleteReplace/3352	pass	
TestMapIterDeleteReplace/3353	pass	
TestMapIterDeleteReplace/3354	pass	
TestMapIterDeleteReplace/3355	pass	
TestMapIterDeleteReplace/3356	pass	
TestMapIterDeleteReplace/3357	pass	
TestMapIterDeleteReplace/3358	pass	
TestMapIterDeleteReplace/3359	pass	
TestMapIterDeleteReplace/336	pass	
TestMapIterDeleteReplace/3360	pass	
TestMapIterDeleteReplace/3361	pass	
TestMapIterDeleteReplace/3362	pass	
TestMapIterDeleteReplace/3363	pass	
TestMapIterDeleteReplace/3364	pass	
TestMapIterDeleteReplace/3365	pass	
TestMapIterDeleteReplace/3366	pass	
TestMapIterDeleteReplace/3367	pass	
TestMapIterDeleteReplace/3368	pass	
TestMapIterDeleteReplace/3369	pass	
TestMapIterDeleteReplace/337	pass	
TestMapIterDeleteReplace/3370	pass	
TestMapIterDeleteReplace/3371	pass	
TestMapIterDeleteReplace/3372	pass	
TestMapIterDeleteReplace/3373	pass	
TestMapIterDeleteReplace/3374	pass	
TestMapIterDeleteReplace/3375	pass	
TestMapIterDeleteReplace/3376	pass	
TestMapIterDeleteReplace/3377	pass	
TestMapIterDeleteReplace/3378	pass	
TestMapIterDeleteReplace/3379	pass	
TestMapIterDeleteReplace/338	pass	
TestMapIterDeleteReplace/3380	pass	
TestMapIterDeleteReplace/3381	pass	
TestMapIterDeleteReplace/3382	pass	
TestMapIterDeleteReplace/3383	pass	
TestMapIterDeleteReplace/3384	pass	
TestMapIterDeleteReplace/3385	pass	
TestMapIterDeleteReplace/3386	pass	
TestMapIterDeleteReplace/3387	pass	
TestMapIterDeleteReplace/3388	pass	
TestMapIterDeleteReplace/3389	pass	
TestMapIterDeleteReplace/339	pass	
TestMapIterDeleteReplace/3390	pass	
TestMapIterDeleteReplace/3391	pass	
TestMapIterDeleteReplace/3392	pass	
TestMapIterDeleteReplace/3393	pass	
TestMapIterDeleteReplace/3394	pass	
TestMapIterDeleteReplace/3395	pass	
TestMapIterDeleteReplace/3396	pass	
TestMapIterDeleteReplace/3397	pass	
TestMapIterDeleteReplace/3398	pass	
TestMapIterDeleteReplace/3399	pass	
TestMapIterDeleteReplace/34	pass	
TestMapIterDeleteReplace/340	pass	
TestMapIterDeleteReplace/3400	pass	
TestMapIterDeleteReplace/3401	pass	
TestMapIterDeleteReplace/3402	pass	
TestMapIterDeleteReplace/3403	pass	
TestMapIterDeleteReplace/3404	pass	
TestMapIterDeleteReplace/3405	pass	
TestMapIterDeleteReplace/3406	pass	
TestMapIterDeleteReplace/3407	pass	
TestMapIterDeleteReplace/3408	pass	
TestMapIterDeleteReplace/3409	pass	
TestMapIterDeleteReplace/341	pass	
TestMapIterDeleteReplace/3410	pass	
TestMapIterDeleteReplace/3411	pass	
TestMapIterDeleteReplace/3412	pass	
TestMapIterDeleteReplace/3413	pass	
TestMapIterDeleteReplace/3414	pass	
TestMapIterDeleteReplace/3415	pass	
TestMapIterDeleteReplace/3416	pass	
TestMapIterDeleteReplace/3417	pass	
TestMapIterDeleteReplace/3418	pass	
TestMapIterDeleteReplace/3419	pass	
TestMapIterDeleteReplace/342	pass	
TestMapIterDeleteReplace/3420	pass	
TestMapIterDeleteReplace/3421	pass	
TestMapIterDeleteReplace/3422	pass	
TestMapIterDeleteReplace/3423	pass	
TestMapIterDeleteReplace/3424	pass	
TestMapIterDeleteReplace/3425	pass	
TestMapIterDeleteReplace/3426	pass	
TestMapIterDeleteReplace/3427	pass	
TestMapIterDeleteReplace/3428	pass	
TestMapIterDeleteReplace/3429	pass	
TestMapIterDeleteReplace/343	pass	
TestMapIterDeleteReplace/3430	pass	
TestMapIterDeleteReplace/3431	pass	
TestMapIterDeleteReplace/3432	pass	
TestMapIterDeleteReplace/3433	pass	
TestMapIterDeleteReplace/3434	pass	
TestMapIterDeleteReplace/3435	pass	
TestMapIterDeleteReplace/3436	pass	
TestMapIterDeleteReplace/3437	pass	
TestMapIterDeleteReplace/3438	pass	
TestMapIterDeleteReplace/3439	pass	
TestMapIterDeleteReplace/344	pass	
TestMapIterDeleteReplace/3440	pass	
TestMapIterDeleteReplace/3441	pass	
TestMapIterDeleteReplace/3442	pass	
TestMapIterDeleteReplace/3443	pass	
TestMapIterDeleteReplace/3444	pass	
TestMapIterDeleteReplace/3445	pass	
TestMapIterDeleteReplace/3446	pass	
TestMapIterDeleteReplace/3447	pass	
TestMapIterDeleteReplace/3448	pass	
TestMapIterDeleteReplace/3449	pass	
TestMapIterDeleteReplace/345	pass	
TestMapIterDeleteReplace/3450	pass	
TestMapIterDeleteReplace/3451	pass	
TestMapIterDeleteReplace/3452	pass	
TestMapIterDeleteReplace/3453	pass	
TestMapIterDeleteReplace/3454	pass	
TestMapIterDeleteReplace/3455	pass	
TestMapIterDeleteReplace/3456	pass	
TestMapIterDeleteReplace/3457	pass	
TestMapIterDeleteReplace/3458	pass	
TestMapIterDeleteReplace/3459	pass	
TestMapIterDeleteReplace/346	pass	
TestMapIterDeleteReplace/3460	pass	
TestMapIterDeleteReplace/3461	pass	
TestMapIterDeleteReplace/3462	pass	
TestMapIterDeleteReplace/3463	pass	
TestMapIterDeleteReplace/3464	pass	
TestMapIterDeleteReplace/3465	pass	
TestMapIterDeleteReplace/3466	pass	
TestMapIterDeleteReplace/3467	pass	
TestMapIterDeleteReplace/3468	pass	
TestMapIterDeleteReplace/3469	pass	
TestMapIterDeleteReplace/347	pass	
TestMapIterDeleteReplace/3470	pass	
TestMapIterDeleteReplace/3471	pass	
TestMapIterDeleteReplace/3472	pass	
TestMapIterDeleteReplace/3473	pass	
TestMapIterDeleteReplace/3474	pass	
TestMapIterDeleteReplace/3475	pass	
TestMapIterDeleteReplace/3476	pass	
TestMapIterDeleteReplace/3477	pass	
TestMapIterDeleteReplace/3478	pass	
TestMapIterDeleteReplace/3479	pass	
TestMapIterDeleteReplace/348	pass	
TestMapIterDeleteReplace/3480	pass	
TestMapIterDeleteReplace/3481	pass	
TestMapIterDeleteReplace/3482	pass	
TestMapIterDeleteReplace/3483	pass	
TestMapIterDeleteReplace/3484	pass	
TestMapIterDeleteReplace/3485	pass	
TestMapIterDeleteReplace/3486	pass	
TestMapIterDeleteReplace/3487	pass	
TestMapIterDeleteReplace/3488	pass	
TestMapIterDeleteReplace/3489	pass	
TestMapIterDeleteReplace/349	pass	
TestMapIterDeleteReplace/3490	pass	
TestMapIterDeleteReplace/3491	pass	
TestMapIterDeleteReplace/3492	pass	
TestMapIterDeleteReplace/3493	pass	
TestMapIterDeleteReplace/3494	pass	
TestMapIterDeleteReplace/3495	pass	
TestMapIterDeleteReplace/3496	pass	
TestMapIterDeleteReplace/3497	pass	
TestMapIterDeleteReplace/3498	pass	
TestMapIterDeleteReplace/3499	pass	
TestMapIterDeleteReplace/35	pass	
TestMapIterDeleteReplace/350	pass	
TestMapIterDeleteReplace/3500	pass	
TestMapIterDeleteReplace/3501	pass	
TestMapIterDeleteReplace/3502	pass	
TestMapIterDeleteReplace/3503	pass	
TestMapIterDeleteReplace/3504	pass	
TestMapIterDeleteReplace/3505	pass	
TestMapIterDeleteReplace/3506	pass	
TestMapIterDeleteReplace/3507	pass	
TestMapIterDeleteReplace/3508	pass	
TestMapIterDeleteReplace/3509	pass	
TestMapIterDeleteReplace/351	pass	
TestMapIterDeleteReplace/3510	pass	
TestMapIterDeleteReplace/3511	pass	
TestMapIterDeleteReplace/3512	pass	
TestMapIterDeleteReplace/3513	pass	
TestMapIterDeleteReplace/3514	pass	
TestMapIterDeleteReplace/3515	pass	
TestMapIterDeleteReplace/3516	pass	
TestMapIterDeleteReplace/3517	pass	
TestMapIterDeleteReplace/3518	pass	
TestMapIterDeleteReplace/3519	pass	
TestMapIterDeleteReplace/352	pass	
TestMapIterDeleteReplace/3520	pass	
TestMapIterDeleteReplace/3521	pass	
TestMapIterDeleteReplace/3522	pass	
TestMapIterDeleteReplace/3523	pass	
TestMapIterDeleteReplace/3524	pass	
TestMapIterDeleteReplace/3525	pass	
TestMapIterDeleteReplace/3526	pass	
TestMapIterDeleteReplace/3527	pass	
TestMapIterDeleteReplace/3528	pass	
TestMapIterDeleteReplace/3529	pass	
TestMapIterDeleteReplace/353	pass	
TestMapIterDeleteReplace/3530	pass	
TestMapIterDeleteReplace/3531	pass	
TestMapIterDeleteReplace/3532	pass	
TestMapIterDeleteReplace/3533	pass	
TestMapIterDeleteReplace/3534	pass	
TestMapIterDeleteReplace/3535	pass	
TestMapIterDeleteReplace/3536	pass	
TestMapIterDeleteReplace/3537	pass	
TestMapIterDeleteReplace/3538	pass	
TestMapIterDeleteReplace/3539	pass	
TestMapIterDeleteReplace/354	pass	
TestMapIterDeleteReplace/3540	pass	
TestMapIterDeleteReplace/3541	pass	
TestMapIterDeleteReplace/3542	pass	
TestMapIterDeleteReplace/3543	pass	
TestMapIterDeleteReplace/3544	pass	
TestMapIterDeleteReplace/3545	pass	
TestMapIterDeleteReplace/3546	pass	
TestMapIterDeleteReplace/3547	pass	
TestMapIterDeleteReplace/3548	pass	
TestMapIterDeleteReplace/3549	pass	
TestMapIterDeleteReplace/355	pass	
TestMapIterDeleteReplace/3550	pass	
TestMapIterDeleteReplace/3551	pass	
TestMapIterDeleteReplace/3552	pass	
TestMapIterDeleteReplace/3553	pass	
TestMapIterDeleteReplace/3554	pass	
TestMapIterDeleteReplace/3555	pass	
TestMapIterDeleteReplace/3556	pass	
TestMapIterDeleteReplace/3557	pass	
TestMapIterDeleteReplace/3558	pass	
TestMapIterDeleteReplace/3559	pass	
TestMapIterDeleteReplace/356	pass	
TestMapIterDeleteReplace/3560	pass	
TestMapIterDeleteReplace/3561	pass	
TestMapIterDeleteReplace/3562	pass	
TestMapIterDeleteReplace/3563	pass	
TestMapIterDeleteReplace/3564	pass	
TestMapIterDeleteReplace/3565	pass	
TestMapIterDeleteReplace/3566	pass	
TestMapIterDeleteReplace/3567	pass	
TestMapIterDeleteReplace/3568	pass	
TestMapIterDeleteReplace/3569	pass	
TestMapIterDeleteReplace/357	pass	
TestMapIterDeleteReplace/3570	pass	
TestMapIterDeleteReplace/3571	pass	
TestMapIterDeleteReplace/3572	pass	
TestMapIterDeleteReplace/3573	pass	
TestMapIterDeleteReplace/3574	pass	
TestMapIterDeleteReplace/3575	pass	
TestMapIterDeleteReplace/3576	pass	
TestMapIterDeleteReplace/3577	pass	
TestMapIterDeleteReplace/3578	pass	
TestMapIterDeleteReplace/3579	pass	
TestMapIterDeleteReplace/358	pass	
TestMapIterDeleteReplace/3580	pass	
TestMapIterDeleteReplace/3581	pass	
TestMapIterDeleteReplace/3582	pass	
TestMapIterDeleteReplace/3583	pass	
TestMapIterDeleteReplace/3584	pass	
TestMapIterDeleteReplace/3585	pass	
TestMapIterDeleteReplace/3586	pass	
TestMapIterDeleteReplace/3587	pass	
TestMapIterDeleteReplace/3588	pass	
TestMapIterDeleteReplace/3589	pass	
TestMapIterDeleteReplace/359	pass	
TestMapIterDeleteReplace/3590	pass	
TestMapIterDeleteReplace/3591	pass	
TestMapIterDeleteReplace/3592	pass	
TestMapIterDeleteReplace/3593	pass	
TestMapIterDeleteReplace/3594	pass	
TestMapIterDeleteReplace/3595	pass	
TestMapIterDeleteReplace/3596	pass	
TestMapIterDeleteReplace/3597	pass	
TestMapIterDeleteReplace/3598	pass	
TestMapIterDeleteReplace/3599	pass	
TestMapIterDeleteReplace/36	pass	
TestMapIterDeleteReplace/360	pass	
TestMapIterDeleteReplace/3600	pass	
TestMapIterDeleteReplace/3601	pass	
TestMapIterDeleteReplace/3602	pass	
TestMapIterDeleteReplace/3603	pass	
TestMapIterDeleteReplace/3604	pass	
TestMapIterDeleteReplace/3605	pass	
TestMapIterDeleteReplace/3606	pass	
TestMapIterDeleteReplace/3607	pass	
TestMapIterDeleteReplace/3608	pass	
TestMapIterDeleteReplace/3609	pass	
TestMapIterDeleteReplace/361	pass	
TestMapIterDeleteReplace/3610	pass	
TestMapIterDeleteReplace/3611	pass	
TestMapIterDeleteReplace/3612	pass	
TestMapIterDeleteReplace/3613	pass	
TestMapIterDeleteReplace/3614	pass	
TestMapIterDeleteReplace/3615	pass	
TestMapIterDeleteReplace/3616	pass	
TestMapIterDeleteReplace/3617	pass	
TestMapIterDeleteReplace/3618	pass	
TestMapIterDeleteReplace/3619	pass	
TestMapIterDeleteReplace/362	pass	
TestMapIterDeleteReplace/3620	pass	
TestMapIterDeleteReplace/3621	pass	
TestMapIterDeleteReplace/3622	pass	
TestMapIterDeleteReplace/3623	pass	
TestMapIterDeleteReplace/3624	pass	
TestMapIterDeleteReplace/3625	pass	
TestMapIterDeleteReplace/3626	pass	
TestMapIterDeleteReplace/3627	pass	
TestMapIterDeleteReplace/3628	pass	
TestMapIterDeleteReplace/3629	pass	
TestMapIterDeleteReplace/363	pass	
TestMapIterDeleteReplace/3630	pass	
TestMapIterDeleteReplace/3631	pass	
TestMapIterDeleteReplace/3632	pass	
TestMapIterDeleteReplace/3633	pass	
TestMapIterDeleteReplace/3634	pass	
TestMapIterDeleteReplace/3635	pass	
TestMapIterDeleteReplace/3636	pass	
TestMapIterDeleteReplace/3637	pass	
TestMapIterDeleteReplace/3638	pass	
TestMapIterDeleteReplace/3639	pass	
TestMapIterDeleteReplace/364	pass	
TestMapIterDeleteReplace/3640	pass	
TestMapIterDeleteReplace/3641	pass	
TestMapIterDeleteReplace/3642	pass	
TestMapIterDeleteReplace/3643	pass	
TestMapIterDeleteReplace/3644	pass	
TestMapIterDeleteReplace/3645	pass	
TestMapIterDeleteReplace/3646	pass	
TestMapIterDeleteReplace/3647	pass	
TestMapIterDeleteReplace/3648	pass	
TestMapIterDeleteReplace/3649	pass	
TestMapIterDeleteReplace/365	pass	
TestMapIterDeleteReplace/3650	pass	
TestMapIterDeleteReplace/3651	pass	
TestMapIterDeleteReplace/3652	pass	
TestMapIterDeleteReplace/3653	pass	
TestMapIterDeleteReplace/3654	pass	
TestMapIterDeleteReplace/3655	pass	
TestMapIterDeleteReplace/3656	pass	
TestMapIterDeleteReplace/3657	pass	
TestMapIterDeleteReplace/3658	pass	
TestMapIterDeleteReplace/3659	pass	
TestMapIterDeleteReplace/366	pass	
TestMapIterDeleteReplace/3660	pass	
TestMapIterDeleteReplace/3661	pass	
TestMapIterDeleteReplace/3662	pass	
TestMapIterDeleteReplace/3663	pass	
TestMapIterDeleteReplace/3664	pass	
TestMapIterDeleteReplace/3665	pass	
TestMapIterDeleteReplace/3666	pass	
TestMapIterDeleteReplace/3667	pass	
TestMapIterDeleteReplace/3668	pass	
TestMapIterDeleteReplace/3669	pass	
TestMapIterDeleteReplace/367	pass	
TestMapIterDeleteReplace/3670	pass	
TestMapIterDeleteReplace/3671	pass	
TestMapIterDeleteReplace/3672	pass	
TestMapIterDeleteReplace/3673	pass	
TestMapIterDeleteReplace/3674	pass	
TestMapIterDeleteReplace/3675	pass	
TestMapIterDeleteReplace/3676	pass	
TestMapIterDeleteReplace/3677	pass	
TestMapIterDeleteReplace/3678	pass	
TestMapIterDeleteReplace/3679	pass	
TestMapIterDeleteReplace/368	pass	
TestMapIterDeleteReplace/3680	pass	
TestMapIterDeleteReplace/3681	pass	
TestMapIterDeleteReplace/3682	pass	
TestMapIterDeleteReplace/3683	pass	
TestMapIterDeleteReplace/3684	pass	
TestMapIterDeleteReplace/3685	pass	
TestMapIterDeleteReplace/3686	pass	
TestMapIterDeleteReplace/3687	pass	
TestMapIterDeleteReplace/3688	pass	
TestMapIterDeleteReplace/3689	pass	
TestMapIterDeleteReplace/369	pass	
TestMapIterDeleteReplace/3690	pass	
TestMapIterDeleteReplace/3691	pass	
TestMapIterDeleteReplace/3692	pass	
TestMapIterDeleteReplace/3693	pass	
TestMapIterDeleteReplace/3694	pass	
TestMapIterDeleteReplace/3695	pass	
TestMapIterDeleteReplace/3696	pass	
TestMapIterDeleteReplace/3697	pass	
TestMapIterDeleteReplace/3698	pass	
TestMapIterDeleteReplace/3699	pass	
TestMapIterDeleteReplace/37	pass	
TestMapIterDeleteReplace/370	pass	
TestMapIterDeleteReplace/3700	pass	
TestMapIterDeleteReplace/3701	pass	
TestMapIterDeleteReplace/3702	pass	
TestMapIterDeleteReplace/3703	pass	
TestMapIterDeleteReplace/3704	pass	
TestMapIterDeleteReplace/3705	pass	
TestMapIterDeleteReplace/3706	pass	
TestMapIterDeleteReplace/3707	pass	
TestMapIterDeleteReplace/3708	pass	
TestMapIterDeleteReplace/3709	pass	
TestMapIterDeleteReplace/371	pass	
TestMapIterDeleteReplace/3710	pass	
TestMapIterDeleteReplace/3711	pass	
TestMapIterDeleteReplace/3712	pass	
TestMapIterDeleteReplace/3713	pass	
TestMapIterDeleteReplace/3714	pass	
TestMapIterDeleteReplace/3715	pass	
TestMapIterDeleteReplace/3716	pass	
TestMapIterDeleteReplace/3717	pass	
TestMapIterDeleteReplace/3718	pass	
TestMapIterDeleteReplace/3719	pass	
TestMapIterDeleteReplace/372	pass	
TestMapIterDeleteReplace/3720	pass	
TestMapIterDeleteReplace/3721	pass	
TestMapIterDeleteReplace/3722	pass	
TestMapIterDeleteReplace/3723	pass	
TestMapIterDeleteReplace/3724	pass	
TestMapIterDeleteReplace/3725	pass	
TestMapIterDeleteReplace/3726	pass	
TestMapIterDeleteReplace/3727	pass	
TestMapIterDeleteReplace/3728	pass	
TestMapIterDeleteReplace/3729	pass	
TestMapIterDeleteReplace/373	pass	
TestMapIterDeleteReplace/3730	pass	
TestMapIterDeleteReplace/3731	pass	
TestMapIterDeleteReplace/3732	pass	
TestMapIterDeleteReplace/3733	pass	
TestMapIterDeleteReplace/3734	pass	
TestMapIterDeleteReplace/3735	pass	
TestMapIterDeleteReplace/3736	pass	
TestMapIterDeleteReplace/3737	pass	
TestMapIterDeleteReplace/3738	pass	
TestMapIterDeleteReplace/3739	pass	
TestMapIterDeleteReplace/374	pass	
TestMapIterDeleteReplace/3740	pass	
TestMapIterDeleteReplace/3741	pass	
TestMapIterDeleteReplace/3742	pass	
TestMapIterDeleteReplace/3743	pass	
TestMapIterDeleteReplace/3744	pass	
TestMapIterDeleteReplace/3745	pass	
TestMapIterDeleteReplace/3746	pass	
TestMapIterDeleteReplace/3747	pass	
TestMapIterDeleteReplace/3748	pass	
TestMapIterDeleteReplace/3749	pass	
TestMapIterDeleteReplace/375	pass	
TestMapIterDeleteReplace/3750	pass	
TestMapIterDeleteReplace/3751	pass	
TestMapIterDeleteReplace/3752	pass	
TestMapIterDeleteReplace/3753	pass	
TestMapIterDeleteReplace/3754	pass	
TestMapIterDeleteReplace/3755	pass	
TestMapIterDeleteReplace/3756	pass	
TestMapIterDeleteReplace/3757	pass	
TestMapIterDeleteReplace/3758	pass	
TestMapIterDeleteReplace/3759	pass	
TestMapIterDeleteReplace/376	pass	
TestMapIterDeleteReplace/3760	pass	
TestMapIterDeleteReplace/3761	pass	
TestMapIterDeleteReplace/3762	pass	
TestMapIterDeleteReplace/3763	pass	
TestMapIterDeleteReplace/3764	pass	
TestMapIterDeleteReplace/3765	pass	
TestMapIterDeleteReplace/3766	pass	
TestMapIterDeleteReplace/3767	pass	
TestMapIterDeleteReplace/3768	pass	
TestMapIterDeleteReplace/3769	pass	
TestMapIterDeleteReplace/377	pass	
TestMapIterDeleteReplace/3770	pass	
TestMapIterDeleteReplace/3771	pass	
TestMapIterDeleteReplace/3772	pass	
TestMapIterDeleteReplace/3773	pass	
TestMapIterDeleteReplace/3774	pass	
TestMapIterDeleteReplace/3775	pass	
TestMapIterDeleteReplace/3776	pass	
TestMapIterDeleteReplace/3777	pass	
TestMapIterDeleteReplace/3778	pass	
TestMapIterDeleteReplace/3779	pass	
TestMapIterDeleteReplace/378	pass	
TestMapIterDeleteReplace/3780	pass	
TestMapIterDeleteReplace/3781	pass	
TestMapIterDeleteReplace/3782	pass	
TestMapIterDeleteReplace/3783	pass	
TestMapIterDeleteReplace/3784	pass	
TestMapIterDeleteReplace/3785	pass	
TestMapIterDeleteReplace/3786	pass	
TestMapIterDeleteReplace/3787	pass	
TestMapIterDeleteReplace/3788	pass	
TestMapIterDeleteReplace/3789	pass	
TestMapIterDeleteReplace/379	pass	
TestMapIterDeleteReplace/3790	pass	
TestMapIterDeleteReplace/3791	pass	
TestMapIterDeleteReplace/3792	pass	
TestMapIterDeleteReplace/3793	pass	
TestMapIterDeleteReplace/3794	pass	
TestMapIterDeleteReplace/3795	pass	
TestMapIterDeleteReplace/3796	pass	
TestMapIterDeleteReplace/3797	pass	
TestMapIterDeleteReplace/3798	pass	
TestMapIterDeleteReplace/3799	pass	
TestMapIterDeleteReplace/38	pass	
TestMapIterDeleteReplace/380	pass	
TestMapIterDeleteReplace/3800	pass	
TestMapIterDeleteReplace/3801	pass	
TestMapIterDeleteReplace/3802	pass	
TestMapIterDeleteReplace/3803	pass	
TestMapIterDeleteReplace/3804	pass	
TestMapIterDeleteReplace/3805	pass	
TestMapIterDeleteReplace/3806	pass	
TestMapIterDeleteReplace/3807	pass	
TestMapIterDeleteReplace/3808	pass	
TestMapIterDeleteReplace/3809	pass	
TestMapIterDeleteReplace/381	pass	
TestMapIterDeleteReplace/3810	pass	
TestMapIterDeleteReplace/3811	pass	
TestMapIterDeleteReplace/3812	pass	
TestMapIterDeleteReplace/3813	pass	
TestMapIterDeleteReplace/3814	pass	
TestMapIterDeleteReplace/3815	pass	
TestMapIterDeleteReplace/3816	pass	
TestMapIterDeleteReplace/3817	pass	
TestMapIterDeleteReplace/3818	pass	
TestMapIterDeleteReplace/3819	pass	
TestMapIterDeleteReplace/382	pass	
TestMapIterDeleteReplace/3820	pass	
TestMapIterDeleteReplace/3821	pass	
TestMapIterDeleteReplace/3822	pass	
TestMapIterDeleteReplace/3823	pass	
TestMapIterDeleteReplace/3824	pass	
TestMapIterDeleteReplace/3825	pass	
TestMapIterDeleteReplace/3826	pass	
TestMapIterDeleteReplace/3827	pass	
TestMapIterDeleteReplace/3828	pass	
TestMapIterDeleteReplace/3829	pass	
TestMapIterDeleteReplace/383	pass	
TestMapIterDeleteReplace/3830	pass	
TestMapIterDeleteReplace/3831	pass	
TestMapIterDeleteReplace/3832	pass	
TestMapIterDeleteReplace/3833	pass	
TestMapIterDeleteReplace/3834	pass	
TestMapIterDeleteReplace/3835	pass	
TestMapIterDeleteReplace/3836	pass	
TestMapIterDeleteReplace/3837	pass	
TestMapIterDeleteReplace/3838	pass	
TestMapIterDeleteReplace/3839	pass	
TestMapIterDeleteReplace/384	pass	
TestMapIterDeleteReplace/3840	pass	
TestMapIterDeleteReplace/3841	pass	
TestMapIterDeleteReplace/3842	pass	
TestMapIterDeleteReplace/3843	pass	
TestMapIterDeleteReplace/3844	pass	
TestMapIterDeleteReplace/3845	pass	
TestMapIterDeleteReplace/3846	pass	
TestMapIterDeleteReplace/3847	pass	
TestMapIterDeleteReplace/3848	pass	
TestMapIterDeleteReplace/3849	pass	
TestMapIterDeleteReplace/385	pass	
TestMapIterDeleteReplace/3850	pass	
TestMapIterDeleteReplace/3851	pass	
TestMapIterDeleteReplace/3852	pass	
TestMapIterDeleteReplace/3853	pass	
TestMapIterDeleteReplace/3854	pass	
TestMapIterDeleteReplace/3855	pass	
TestMapIterDeleteReplace/3856	pass	
TestMapIterDeleteReplace/3857	pass	
TestMapIterDeleteReplace/3858	pass	
TestMapIterDeleteReplace/3859	pass	
TestMapIterDeleteReplace/386	pass	
TestMapIterDeleteReplace/3860	pass	
TestMapIterDeleteReplace/3861	pass	
TestMapIterDeleteReplace/3862	pass	
TestMapIterDeleteReplace/3863	pass	
TestMapIterDeleteReplace/3864	pass	
TestMapIterDeleteReplace/3865	pass	
TestMapIterDeleteReplace/3866	pass	
TestMapIterDeleteReplace/3867	pass	
TestMapIterDeleteReplace/3868	pass	
TestMapIterDeleteReplace/3869	pass	
TestMapIterDeleteReplace/387	pass	
TestMapIterDeleteReplace/3870	pass	
TestMapIterDeleteReplace/3871	pass	
TestMapIterDeleteReplace/3872	pass	
TestMapIterDeleteReplace/3873	pass	
TestMapIterDeleteReplace/3874	pass	
TestMapIterDeleteReplace/3875	pass	
TestMapIterDeleteReplace/3876	pass	
TestMapIterDeleteReplace/3877	pass	
TestMapIterDeleteReplace/3878	pass	
TestMapIterDeleteReplace/3879	pass	
TestMapIterDeleteReplace/388	pass	
TestMapIterDeleteReplace/3880	pass	
TestMapIterDeleteReplace/3881	pass	
TestMapIterDeleteReplace/3882	pass	
TestMapIterDeleteReplace/3883	pass	
TestMapIterDeleteReplace/3884	pass	
TestMapIterDeleteReplace/3885	pass	
TestMapIterDeleteReplace/3886	pass	
TestMapIterDeleteReplace/3887	pass	
TestMapIterDeleteReplace/3888	pass	
TestMapIterDeleteReplace/3889	pass	
TestMapIterDeleteReplace/389	pass	
TestMapIterDeleteReplace/3890	pass	
TestMapIterDeleteReplace/3891	pass	
TestMapIterDeleteReplace/3892	pass	
TestMapIterDeleteReplace/3893	pass	
TestMapIterDeleteReplace/3894	pass	
TestMapIterDeleteReplace/3895	pass	
TestMapIterDeleteReplace/3896	pass	
TestMapIterDeleteReplace/3897	pass	
TestMapIterDeleteReplace/3898	pass	
TestMapIterDeleteReplace/3899	pass	
TestMapIterDeleteReplace/39	pass	
TestMapIterDeleteReplace/390	pass	
TestMapIterDeleteReplace/3900	pass	
TestMapIterDeleteReplace/3901	pass	
TestMapIterDeleteReplace/3902	pass	
TestMapIterDeleteReplace/3903	pass	
TestMapIterDeleteReplace/3904	pass	
TestMapIterDeleteReplace/3905	pass	
TestMapIterDeleteReplace/3906	pass	
TestMapIterDeleteReplace/3907	pass	
TestMapIterDeleteReplace/3908	pass	
TestMapIterDeleteReplace/3909	pass	
TestMapIterDeleteReplace/391	pass	
TestMapIterDeleteReplace/3910	pass	
TestMapIterDeleteReplace/3911	pass	
TestMapIterDeleteReplace/3912	pass	
TestMapIterDeleteReplace/3913	pass	
TestMapIterDeleteReplace/3914	pass	
TestMapIterDeleteReplace/3915	pass	
TestMapIterDeleteReplace/3916	pass	
TestMapIterDeleteReplace/3917	pass	
TestMapIterDeleteReplace/3918	pass	
TestMapIterDeleteReplace/3919	pass	
TestMapIterDeleteReplace/392	pass	
TestMapIterDeleteReplace/3920	pass	
TestMapIterDeleteReplace/3921	pass	
TestMapIterDeleteReplace/3922	pass	
TestMapIterDeleteReplace/3923	pass	
TestMapIterDeleteReplace/3924	pass	
TestMapIterDeleteReplace/3925	pass	
TestMapIterDeleteReplace/3926	pass	
TestMapIterDeleteReplace/3927	pass	
TestMapIterDeleteReplace/3928	pass	
TestMapIterDeleteReplace/3929	pass	
TestMapIterDeleteReplace/393	pass	
TestMapIterDeleteReplace/3930	pass	
TestMapIterDeleteReplace/3931	pass	
TestMapIterDeleteReplace/3932	pass	
TestMapIterDeleteReplace/3933	pass	
TestMapIterDeleteReplace/3934	pass	
TestMapIterDeleteReplace/3935	pass	
TestMapIterDeleteReplace/3936	pass	
TestMapIterDeleteReplace/3937	pass	
TestMapIterDeleteReplace/3938	pass	
TestMapIterDeleteReplace/3939	pass	
TestMapIterDeleteReplace/394	pass	
TestMapIterDeleteReplace/3940	pass	
TestMapIterDeleteReplace/3941	pass	
TestMapIterDeleteReplace/3942	pass	
TestMapIterDeleteReplace/3943	pass	
TestMapIterDeleteReplace/3944	pass	
TestMapIterDeleteReplace/3945	pass	
TestMapIterDeleteReplace/3946	pass	
TestMapIterDeleteReplace/3947	pass	
TestMapIterDeleteReplace/3948	pass	
TestMapIterDeleteReplace/3949	pass	
TestMapIterDeleteReplace/395	pass	
TestMapIterDeleteReplace/3950	pass	
TestMapIterDeleteReplace/3951	pass	
TestMapIterDeleteReplace/3952	pass	
TestMapIterDeleteReplace/3953	pass	
TestMapIterDeleteReplace/3954	pass	
TestMapIterDeleteReplace/3955	pass	
TestMapIterDeleteReplace/3956	pass	
TestMapIterDeleteReplace/3957	pass	
TestMapIterDeleteReplace/3958	pass	
TestMapIterDeleteReplace/3959	pass	
TestMapIterDeleteReplace/396	pass	
TestMapIterDeleteReplace/3960	pass	
TestMapIterDeleteReplace/3961	pass	
TestMapIterDeleteReplace/3962	pass	
TestMapIterDeleteReplace/3963	pass	
TestMapIterDeleteReplace/3964	pass	
TestMapIterDeleteReplace/3965	pass	
TestMapIterDeleteReplace/3966	pass	
TestMapIterDeleteReplace/3967	pass	
TestMapIterDeleteReplace/3968	pass	
TestMapIterDeleteReplace/3969	pass	
TestMapIterDeleteReplace/397	pass	
TestMapIterDeleteReplace/3970	pass	
TestMapIterDeleteReplace/3971	pass	
TestMapIterDeleteReplace/3972	pass	
TestMapIterDeleteReplace/3973	pass	
TestMapIterDeleteReplace/3974	pass	
TestMapIterDeleteReplace/3975	pass	
TestMapIterDeleteReplace/3976	pass	
TestMapIterDeleteReplace/3977	pass	
TestMapIterDeleteReplace/3978	pass	
TestMapIterDeleteReplace/3979	pass	
TestMapIterDeleteReplace/398	pass	
TestMapIterDeleteReplace/3980	pass	
TestMapIterDeleteReplace/3981	pass	
TestMapIterDeleteReplace/3982	pass	
TestMapIterDeleteReplace/3983	pass	
TestMapIterDeleteReplace/3984	pass	
TestMapIterDeleteReplace/3985	pass	
TestMapIterDeleteReplace/3986	pass	
TestMapIterDeleteReplace/3987	pass	
TestMapIterDeleteReplace/3988	pass	
TestMapIterDeleteReplace/3989	pass	
TestMapIterDeleteReplace/399	pass	
TestMapIterDeleteReplace/3990	pass	
TestMapIterDeleteReplace/3991	pass	
TestMapIterDeleteReplace/3992	pass	
TestMapIterDeleteReplace/3993	pass	
TestMapIterDeleteReplace/3994	pass	
TestMapIterDeleteReplace/3995	pass	
TestMapIterDeleteReplace/3996	pass	
TestMapIterDeleteReplace/3997	pass	
TestMapIterDeleteReplace/3998	pass	
TestMapIterDeleteReplace/3999	pass	
TestMapIterDeleteReplace/4	pass	
TestMapIterDeleteReplace/40	pass	
TestMapIterDeleteReplace/400	pass	
TestMapIterDeleteReplace/4000	pass	
TestMapIterDeleteReplace/4001	pass	
TestMapIterDeleteReplace/4002	pass	
TestMapIterDeleteReplace/4003	pass	
TestMapIterDeleteReplace/4004	pass	
TestMapIterDeleteReplace/4005	pass	
TestMapIterDeleteReplace/4006	pass	
TestMapIterDeleteReplace/4007	pass	
TestMapIterDeleteReplace/4008	pass	
TestMapIterDeleteReplace/4009	pass	
TestMapIterDeleteReplace/401	pass	
TestMapIterDeleteReplace/4010	pass	
TestMapIterDeleteReplace/4011	pass	
TestMapIterDeleteReplace/4012	pass	
TestMapIterDeleteReplace/4013	pass	
TestMapIterDeleteReplace/4014	pass	
TestMapIterDeleteReplace/4015	pass	
TestMapIterDeleteReplace/4016	pass	
TestMapIterDeleteReplace/4017	pass	
TestMapIterDeleteReplace/4018	pass	
TestMapIterDeleteReplace/4019	pass	
TestMapIterDeleteReplace/402	pass	
TestMapIterDeleteReplace/4020	pass	
TestMapIterDeleteReplace/4021	pass	
TestMapIterDeleteReplace/4022	pass	
TestMapIterDeleteReplace/4023	pass	
TestMapIterDeleteReplace/4024	pass	
TestMapIterDeleteReplace/4025	pass	
TestMapIterDeleteReplace/4026	pass	
TestMapIterDeleteReplace/4027	pass	
TestMapIterDeleteReplace/4028	pass	
TestMapIterDeleteReplace/4029	pass	
TestMapIterDeleteReplace/403	pass	
TestMapIterDeleteReplace/4030	pass	
TestMapIterDeleteReplace/4031	pass	
TestMapIterDeleteReplace/4032	pass	
TestMapIterDeleteReplace/4033	pass	
TestMapIterDeleteReplace/4034	pass	
TestMapIterDeleteReplace/4035	pass	
TestMapIterDeleteReplace/4036	pass	
TestMapIterDeleteReplace/4037	pass	
TestMapIterDeleteReplace/4038	pass	
TestMapIterDeleteReplace/4039	pass	
TestMapIterDeleteReplace/404	pass	
TestMapIterDeleteReplace/4040	pass	
TestMapIterDeleteReplace/4041	pass	
TestMapIterDeleteReplace/4042	pass	
TestMapIterDeleteReplace/4043	pass	
TestMapIterDeleteReplace/4044	pass	
TestMapIterDeleteReplace/4045	pass	
TestMapIterDeleteReplace/4046	pass	
TestMapIterDeleteReplace/4047	pass	
TestMapIterDeleteReplace/4048	pass	
TestMapIterDeleteReplace/4049	pass	
TestMapIterDeleteReplace/405	pass	
TestMapIterDeleteReplace/4050	pass	
TestMapIterDeleteReplace/4051	pass	
TestMapIterDeleteReplace/4052	pass	
TestMapIterDeleteReplace/4053	pass	
TestMapIterDeleteReplace/4054	pass	
TestMapIterDeleteReplace/4055	pass	
TestMapIterDeleteReplace/4056	pass	
TestMapIterDeleteReplace/4057	pass	
TestMapIterDeleteReplace/4058	pass	
TestMapIterDeleteReplace/4059	pass	
TestMapIterDeleteReplace/406	pass	
TestMapIterDeleteReplace/4060	pass	
TestMapIterDeleteReplace/4061	pass	
TestMapIterDeleteReplace/4062	pass	
TestMapIterDeleteReplace/4063	pass	
TestMapIterDeleteReplace/4064	pass	
TestMapIterDeleteReplace/4065	pass	
TestMapIterDeleteReplace/4066	pass	
TestMapIterDeleteReplace/4067	pass	
TestMapIterDeleteReplace/4068	pass	
TestMapIterDeleteReplace/4069	pass	
TestMapIterDeleteReplace/407	pass	
TestMapIterDeleteReplace/4070	pass	
TestMapIterDeleteReplace/4071	pass	
TestMapIterDeleteReplace/4072	pass	
TestMapIterDeleteReplace/4073	pass	
TestMapIterDeleteReplace/4074	pass	
TestMapIterDeleteReplace/4075	pass	
TestMapIterDeleteReplace/4076	pass	
TestMapIterDeleteReplace/4077	pass	
TestMapIterDeleteReplace/4078	pass	
TestMapIterDeleteReplace/4079	pass	
TestMapIterDeleteReplace/408	pass	
TestMapIterDeleteReplace/4080	pass	
TestMapIterDeleteReplace/4081	pass	
TestMapIterDeleteReplace/4082	pass	
TestMapIterDeleteReplace/4083	pass	
TestMapIterDeleteReplace/4084	pass	
TestMapIterDeleteReplace/4085	pass	
TestMapIterDeleteReplace/4086	pass	
TestMapIterDeleteReplace/4087	pass	
TestMapIterDeleteReplace/4088	pass	
TestMapIterDeleteReplace/4089	pass	
TestMapIterDeleteReplace/409	pass	
TestMapIterDeleteReplace/4090	pass	
TestMapIterDeleteReplace/4091	pass	
TestMapIterDeleteReplace/4092	pass	
TestMapIterDeleteReplace/4093	pass	
TestMapIterDeleteReplace/4094	pass	
TestMapIterDeleteReplace/4095	pass	
TestMapIterDeleteReplace/4096	pass	
TestMapIterDeleteReplace/4097	pass	
TestMapIterDeleteReplace/4098	pass	
TestMapIterDeleteReplace/4099	pass	
TestMapIterDeleteReplace/41	pass	
TestMapIterDeleteReplace/410	pass	
TestMapIterDeleteReplace/4100	pass	
TestMapIterDeleteReplace/4101	pass	
TestMapIterDeleteReplace/4102	pass	
TestMapIterDeleteReplace/4103	pass	
TestMapIterDeleteReplace/4104	pass	
TestMapIterDeleteReplace/4105	pass	
TestMapIterDeleteReplace/4106	pass	
TestMapIterDeleteReplace/4107	pass	
TestMapIterDeleteReplace/4108	pass	
TestMapIterDeleteReplace/4109	pass	
TestMapIterDeleteReplace/411	pass	
TestMapIterDeleteReplace/4110	pass	
TestMapIterDeleteReplace/4111	pass	
TestMapIterDeleteReplace/4112	pass	
TestMapIterDeleteReplace/4113	pass	
TestMapIterDeleteReplace/4114	pass	
TestMapIterDeleteReplace/4115	pass	
TestMapIterDeleteReplace/4116	pass	
TestMapIterDeleteReplace/4117	pass	
TestMapIterDeleteReplace/4118	pass	
TestMapIterDeleteReplace/4119	pass	
TestMapIterDeleteReplace/412	pass	
TestMapIterDeleteReplace/4120	pass	
TestMapIterDeleteReplace/4121	pass	
TestMapIterDeleteReplace/4122	pass	
TestMapIterDeleteReplace/4123	pass	
TestMapIterDeleteReplace/4124	pass	
TestMapIterDeleteReplace/4125	pass	
TestMapIterDeleteReplace/4126	pass	
TestMapIterDeleteReplace/4127	pass	
TestMapIterDeleteReplace/4128	pass	
TestMapIterDeleteReplace/4129	pass	
TestMapIterDeleteReplace/413	pass	
TestMapIterDeleteReplace/4130	pass	
TestMapIterDeleteReplace/4131	pass	
TestMapIterDeleteReplace/4132	pass	
TestMapIterDeleteReplace/4133	pass	
TestMapIterDeleteReplace/4134	pass	
TestMapIterDeleteReplace/4135	pass	
TestMapIterDeleteReplace/4136	pass	
TestMapIterDeleteReplace/4137	pass	
TestMapIterDeleteReplace/4138	pass	
TestMapIterDeleteReplace/4139	pass	
TestMapIterDeleteReplace/414	pass	
TestMapIterDeleteReplace/4140	pass	
TestMapIterDeleteReplace/4141	pass	
TestMapIterDeleteReplace/4142	pass	
TestMapIterDeleteReplace/4143	pass	
TestMapIterDeleteReplace/4144	pass	
TestMapIterDeleteReplace/4145	pass	
TestMapIterDeleteReplace/4146	pass	
TestMapIterDeleteReplace/4147	pass	
TestMapIterDeleteReplace/4148	pass	
TestMapIterDeleteReplace/4149	pass	
TestMapIterDeleteReplace/415	pass	
TestMapIterDeleteReplace/4150	pass	
TestMapIterDeleteReplace/4151	pass	
TestMapIterDeleteReplace/4152	pass	
TestMapIterDeleteReplace/4153	pass	
TestMapIterDeleteReplace/4154	pass	
TestMapIterDeleteReplace/4155	pass	
TestMapIterDeleteReplace/4156	pass	
TestMapIterDeleteReplace/4157	pass	
TestMapIterDeleteReplace/4158	pass	
TestMapIterDeleteReplace/4159	pass	
TestMapIterDeleteReplace/416	pass	
TestMapIterDeleteReplace/4160	pass	
TestMapIterDeleteReplace/4161	pass	
TestMapIterDeleteReplace/4162	pass	
TestMapIterDeleteReplace/4163	pass	
TestMapIterDeleteReplace/4164	pass	
TestMapIterDeleteReplace/4165	pass	
TestMapIterDeleteReplace/4166	pass	
TestMapIterDeleteReplace/4167	pass	
TestMapIterDeleteReplace/4168	pass	
TestMapIterDeleteReplace/4169	pass	
TestMapIterDeleteReplace/417	pass	
TestMapIterDeleteReplace/4170	pass	
TestMapIterDeleteReplace/4171	pass	
TestMapIterDeleteReplace/4172	pass	
TestMapIterDeleteReplace/4173	pass	
TestMapIterDeleteReplace/4174	pass	
TestMapIterDeleteReplace/4175	pass	
TestMapIterDeleteReplace/4176	pass	
TestMapIterDeleteReplace/4177	pass	
TestMapIterDeleteReplace/4178	pass	
TestMapIterDeleteReplace/4179	pass	
TestMapIterDeleteReplace/418	pass	
TestMapIterDeleteReplace/4180	pass	
TestMapIterDeleteReplace/4181	pass	
TestMapIterDeleteReplace/4182	pass	
TestMapIterDeleteReplace/4183	pass	
TestMapIterDeleteReplace/4184	pass	
TestMapIterDeleteReplace/4185	pass	
TestMapIterDeleteReplace/4186	pass	
TestMapIterDeleteReplace/4187	pass	
TestMapIterDeleteReplace/4188	pass	
TestMapIterDeleteReplace/4189	pass	
TestMapIterDeleteReplace/419	pass	
TestMapIterDeleteReplace/4190	pass	
TestMapIterDeleteReplace/4191	pass	
TestMapIterDeleteReplace/4192	pass	
TestMapIterDeleteReplace/4193	pass	
TestMapIterDeleteReplace/4194	pass	
TestMapIterDeleteReplace/4195	pass	
TestMapIterDeleteReplace/4196	pass	
TestMapIterDeleteReplace/4197	pass	
TestMapIterDeleteReplace/4198	pass	
TestMapIterDeleteReplace/4199	pass	
TestMapIterDeleteReplace/42	pass	
TestMapIterDeleteReplace/420	pass	
TestMapIterDeleteReplace/4200	pass	
TestMapIterDeleteReplace/4201	pass	
TestMapIterDeleteReplace/4202	pass	
TestMapIterDeleteReplace/4203	pass	
TestMapIterDeleteReplace/4204	pass	
TestMapIterDeleteReplace/4205	pass	
TestMapIterDeleteReplace/4206	pass	
TestMapIterDeleteReplace/4207	pass	
TestMapIterDeleteReplace/4208	pass	
TestMapIterDeleteReplace/4209	pass	
TestMapIterDeleteReplace/421	pass	
TestMapIterDeleteReplace/4210	pass	
TestMapIterDeleteReplace/4211	pass	
TestMapIterDeleteReplace/4212	pass	
TestMapIterDeleteReplace/4213	pass	
TestMapIterDeleteReplace/4214	pass	
TestMapIterDeleteReplace/4215	pass	
TestMapIterDeleteReplace/4216	pass	
TestMapIterDeleteReplace/4217	pass	
TestMapIterDeleteReplace/4218	pass	
TestMapIterDeleteReplace/4219	pass	
TestMapIterDeleteReplace/422	pass	
TestMapIterDeleteReplace/4220	pass	
TestMapIterDeleteReplace/4221	pass	
TestMapIterDeleteReplace/4222	pass	
TestMapIterDeleteReplace/4223	pass	
TestMapIterDeleteReplace/4224	pass	
TestMapIterDeleteReplace/4225	pass	
TestMapIterDeleteReplace/4226	pass	
TestMapIterDeleteReplace/4227	pass	
TestMapIterDeleteReplace/4228	pass	
TestMapIterDeleteReplace/4229	pass	
TestMapIterDeleteReplace/423	pass	
TestMapIterDeleteReplace/4230	pass	
TestMapIterDeleteReplace/4231	pass	
TestMapIterDeleteReplace/4232	pass	
TestMapIterDeleteReplace/4233	pass	
TestMapIterDeleteReplace/4234	pass	
TestMapIterDeleteReplace/4235	pass	
TestMapIterDeleteReplace/4236	pass	
TestMapIterDeleteReplace/4237	pass	
TestMapIterDeleteReplace/4238	pass	
TestMapIterDeleteReplace/4239	pass	
TestMapIterDeleteReplace/424	pass	
TestMapIterDeleteReplace/4240	pass	
TestMapIterDeleteReplace/4241	pass	
TestMapIterDeleteReplace/4242	pass	
TestMapIterDeleteReplace/4243	pass	
TestMapIterDeleteReplace/4244	pass	
TestMapIterDeleteReplace/4245	pass	
TestMapIterDeleteReplace/4246	pass	
TestMapIterDeleteReplace/4247	pass	
TestMapIterDeleteReplace/4248	pass	
TestMapIterDeleteReplace/4249	pass	
TestMapIterDeleteReplace/425	pass	
TestMapIterDeleteReplace/4250	pass	
TestMapIterDeleteReplace/4251	pass	
TestMapIterDeleteReplace/4252	pass	
TestMapIterDeleteReplace/4253	pass	
TestMapIterDeleteReplace/4254	pass	
TestMapIterDeleteReplace/4255	pass	
TestMapIterDeleteReplace/4256	pass	
TestMapIterDeleteReplace/4257	pass	
TestMapIterDeleteReplace/4258	pass	
TestMapIterDeleteReplace/4259	pass	
TestMapIterDeleteReplace/426	pass	
TestMapIterDeleteReplace/4260	pass	
TestMapIterDeleteReplace/4261	pass	
TestMapIterDeleteReplace/4262	pass	
TestMapIterDeleteReplace/4263	pass	
TestMapIterDeleteReplace/4264	pass	
TestMapIterDeleteReplace/4265	pass	
TestMapIterDeleteReplace/4266	pass	
TestMapIterDeleteReplace/4267	pass	
TestMapIterDeleteReplace/4268	pass	
TestMapIterDeleteReplace/4269	pass	
TestMapIterDeleteReplace/427	pass	
TestMapIterDeleteReplace/4270	pass	
TestMapIterDeleteReplace/4271	pass	
TestMapIterDeleteReplace/4272	pass	
TestMapIterDeleteReplace/4273	pass	
TestMapIterDeleteReplace/4274	pass	
TestMapIterDeleteReplace/4275	pass	
TestMapIterDeleteReplace/4276	pass	
TestMapIterDeleteReplace/4277	pass	
TestMapIterDeleteReplace/4278	pass	
TestMapIterDeleteReplace/4279	pass	
TestMapIterDeleteReplace/428	pass	
TestMapIterDeleteReplace/4280	pass	
TestMapIterDeleteReplace/4281	pass	
TestMapIterDeleteReplace/4282	pass	
TestMapIterDeleteReplace/4283	pass	
TestMapIterDeleteReplace/4284	pass	
TestMapIterDeleteReplace/4285	pass	
TestMapIterDeleteReplace/4286	pass	
TestMapIterDeleteReplace/4287	pass	
TestMapIterDeleteReplace/4288	pass	
TestMapIterDeleteReplace/4289	pass	
TestMapIterDeleteReplace/429	pass	
TestMapIterDeleteReplace/4290	pass	
TestMapIterDeleteReplace/4291	pass	
TestMapIterDeleteReplace/4292	pass	
TestMapIterDeleteReplace/4293	pass	
TestMapIterDeleteReplace/4294	pass	
TestMapIterDeleteReplace/4295	pass	
TestMapIterDeleteReplace/4296	pass	
TestMapIterDeleteReplace/4297	pass	
TestMapIterDeleteReplace/4298	pass	
TestMapIterDeleteReplace/4299	pass	
TestMapIterDeleteReplace/43	pass	
TestMapIterDeleteReplace/430	pass	
TestMapIterDeleteReplace/4300	pass	
TestMapIterDeleteReplace/4301	pass	
TestMapIterDeleteReplace/4302	pass	
TestMapIterDeleteReplace/4303	pass	
TestMapIterDeleteReplace/4304	pass	
TestMapIterDeleteReplace/4305	pass	
TestMapIterDeleteReplace/4306	pass	
TestMapIterDeleteReplace/4307	pass	
TestMapIterDeleteReplace/4308	pass	
TestMapIterDeleteReplace/4309	pass	
TestMapIterDeleteReplace/431	pass	
TestMapIterDeleteReplace/4310	pass	
TestMapIterDeleteReplace/4311	pass	
TestMapIterDeleteReplace/4312	pass	
TestMapIterDeleteReplace/4313	pass	
TestMapIterDeleteReplace/4314	pass	
TestMapIterDeleteReplace/4315	pass	
TestMapIterDeleteReplace/4316	pass	
TestMapIterDeleteReplace/4317	pass	
TestMapIterDeleteReplace/4318	pass	
TestMapIterDeleteReplace/4319	pass	
TestMapIterDeleteReplace/432	pass	
TestMapIterDeleteReplace/4320	pass	
TestMapIterDeleteReplace/4321	pass	
TestMapIterDeleteReplace/4322	pass	
TestMapIterDeleteReplace/4323	pass	
TestMapIterDeleteReplace/4324	pass	
TestMapIterDeleteReplace/4325	pass	
TestMapIterDeleteReplace/4326	pass	
TestMapIterDeleteReplace/4327	pass	
TestMapIterDeleteReplace/4328	pass	
TestMapIterDeleteReplace/4329	pass	
TestMapIterDeleteReplace/433	pass	
TestMapIterDeleteReplace/4330	pass	
TestMapIterDeleteReplace/4331	pass	
TestMapIterDeleteReplace/4332	pass	
TestMapIterDeleteReplace/4333	pass	
TestMapIterDeleteReplace/4334	pass	
TestMapIterDeleteReplace/4335	pass	
TestMapIterDeleteReplace/4336	pass	
TestMapIterDeleteReplace/4337	pass	
TestMapIterDeleteReplace/4338	pass	
TestMapIterDeleteReplace/4339	pass	
TestMapIterDeleteReplace/434	pass	
TestMapIterDeleteReplace/4340	pass	
TestMapIterDeleteReplace/4341	pass	
TestMapIterDeleteReplace/4342	pass	
TestMapIterDeleteReplace/4343	pass	
TestMapIterDeleteReplace/4344	pass	
TestMapIterDeleteReplace/4345	pass	
TestMapIterDeleteReplace/4346	pass	
TestMapIterDeleteReplace/4347	pass	
TestMapIterDeleteReplace/4348	pass	
TestMapIterDeleteReplace/4349	pass	
TestMapIterDeleteReplace/435	pass	
TestMapIterDeleteReplace/4350	pass	
TestMapIterDeleteReplace/4351	pass	
TestMapIterDeleteReplace/4352	pass	
TestMapIterDeleteReplace/4353	pass	
TestMapIterDeleteReplace/4354	pass	
TestMapIterDeleteReplace/4355	pass	
TestMapIterDeleteReplace/4356	pass	
TestMapIterDeleteReplace/4357	pass	
TestMapIterDeleteReplace/4358	pass	
TestMapIterDeleteReplace/4359	pass	
TestMapIterDeleteReplace/436	pass	
TestMapIterDeleteReplace/4360	pass	
TestMapIterDeleteReplace/4361	pass	
TestMapIterDeleteReplace/4362	pass	
TestMapIterDeleteReplace/4363	pass	
TestMapIterDeleteReplace/4364	pass	
TestMapIterDeleteReplace/4365	pass	
TestMapIterDeleteReplace/4366	pass	
TestMapIterDeleteReplace/4367	pass	
TestMapIterDeleteReplace/4368	pass	
TestMapIterDeleteReplace/4369	pass	
TestMapIterDeleteReplace/437	pass	
TestMapIterDeleteReplace/4370	pass	
TestMapIterDeleteReplace/4371	pass	
TestMapIterDeleteReplace/4372	pass	
TestMapIterDeleteReplace/4373	pass	
TestMapIterDeleteReplace/4374	pass	
TestMapIterDeleteReplace/4375	pass	
TestMapIterDeleteReplace/4376	pass	
TestMapIterDeleteReplace/4377	pass	
TestMapIterDeleteReplace/4378	pass	
TestMapIterDeleteReplace/4379	pass	
TestMapIterDeleteReplace/438	pass	
TestMapIterDeleteReplace/4380	pass	
TestMapIterDeleteReplace/4381	pass	
TestMapIterDeleteReplace/4382	pass	
TestMapIterDeleteReplace/4383	pass	
TestMapIterDeleteReplace/4384	pass	
TestMapIterDeleteReplace/4385	pass	
TestMapIterDeleteReplace/4386	pass	
TestMapIterDeleteReplace/4387	pass	
TestMapIterDeleteReplace/4388	pass	
TestMapIterDeleteReplace/4389	pass	
TestMapIterDeleteReplace/439	pass	
TestMapIterDeleteReplace/4390	pass	
TestMapIterDeleteReplace/4391	pass	
TestMapIterDeleteReplace/4392	pass	
TestMapIterDeleteReplace/4393	pass	
TestMapIterDeleteReplace/4394	pass	
TestMapIterDeleteReplace/4395	pass	
TestMapIterDeleteReplace/4396	pass	
TestMapIterDeleteReplace/4397	pass	
TestMapIterDeleteReplace/4398	pass	
TestMapIterDeleteReplace/4399	pass	
TestMapIterDeleteReplace/44	pass	
TestMapIterDeleteReplace/440	pass	
TestMapIterDeleteReplace/4400	pass	
TestMapIterDeleteReplace/4401	pass	
TestMapIterDeleteReplace/4402	pass	
TestMapIterDeleteReplace/4403	pass	
TestMapIterDeleteReplace/4404	pass	
TestMapIterDeleteReplace/4405	pass	
TestMapIterDeleteReplace/4406	pass	
TestMapIterDeleteReplace/4407	pass	
TestMapIterDeleteReplace/4408	pass	
TestMapIterDeleteReplace/4409	pass	
TestMapIterDeleteReplace/441	pass	
TestMapIterDeleteReplace/4410	pass	
TestMapIterDeleteReplace/4411	pass	
TestMapIterDeleteReplace/4412	pass	
TestMapIterDeleteReplace/4413	pass	
TestMapIterDeleteReplace/4414	pass	
TestMapIterDeleteReplace/4415	pass	
TestMapIterDeleteReplace/4416	pass	
TestMapIterDeleteReplace/4417	pass	
TestMapIterDeleteReplace/4418	pass	
TestMapIterDeleteReplace/4419	pass	
TestMapIterDeleteReplace/442	pass	
TestMapIterDeleteReplace/4420	pass	
TestMapIterDeleteReplace/4421	pass	
TestMapIterDeleteReplace/4422	pass	
TestMapIterDeleteReplace/4423	pass	
TestMapIterDeleteReplace/4424	pass	
TestMapIterDeleteReplace/4425	pass	
TestMapIterDeleteReplace/4426	pass	
TestMapIterDeleteReplace/4427	pass	
TestMapIterDeleteReplace/4428	pass	
TestMapIterDeleteReplace/4429	pass	
TestMapIterDeleteReplace/443	pass	
TestMapIterDeleteReplace/4430	pass	
TestMapIterDeleteReplace/4431	pass	
TestMapIterDeleteReplace/4432	pass	
TestMapIterDeleteReplace/4433	pass	
TestMapIterDeleteReplace/4434	pass	
TestMapIterDeleteReplace/4435	pass	
TestMapIterDeleteReplace/4436	pass	
TestMapIterDeleteReplace/4437	pass	
TestMapIterDeleteReplace/4438	pass	
TestMapIterDeleteReplace/4439	pass	
TestMapIterDeleteReplace/444	pass	
TestMapIterDeleteReplace/4440	pass	
TestMapIterDeleteReplace/4441	pass	
TestMapIterDeleteReplace/4442	pass	
TestMapIterDeleteReplace/4443	pass	
TestMapIterDeleteReplace/4444	pass	
TestMapIterDeleteReplace/4445	pass	
TestMapIterDeleteReplace/4446	pass	
TestMapIterDeleteReplace/4447	pass	
TestMapIterDeleteReplace/4448	pass	
TestMapIterDeleteReplace/4449	pass	
TestMapIterDeleteReplace/445	pass	
TestMapIterDeleteReplace/4450	pass	
TestMapIterDeleteReplace/4451	pass	
TestMapIterDeleteReplace/4452	pass	
TestMapIterDeleteReplace/4453	pass	
TestMapIterDeleteReplace/4454	pass	
TestMapIterDeleteReplace/4455	pass	
TestMapIterDeleteReplace/4456	pass	
TestMapIterDeleteReplace/4457	pass	
TestMapIterDeleteReplace/4458	pass	
TestMapIterDeleteReplace/4459	pass	
TestMapIterDeleteReplace/446	pass	
TestMapIterDeleteReplace/4460	pass	
TestMapIterDeleteReplace/4461	pass	
TestMapIterDeleteReplace/4462	pass	
TestMapIterDeleteReplace/4463	pass	
TestMapIterDeleteReplace/4464	pass	
TestMapIterDeleteReplace/4465	pass	
TestMapIterDeleteReplace/4466	pass	
TestMapIterDeleteReplace/4467	pass	
TestMapIterDeleteReplace/4468	pass	
TestMapIterDeleteReplace/4469	pass	
TestMapIterDeleteReplace/447	pass	
TestMapIterDeleteReplace/4470	pass	
TestMapIterDeleteReplace/4471	pass	
TestMapIterDeleteReplace/4472	pass	
TestMapIterDeleteReplace/4473	pass	
TestMapIterDeleteReplace/4474	pass	
TestMapIterDeleteReplace/4475	pass	
TestMapIterDeleteReplace/4476	pass	
TestMapIterDeleteReplace/4477	pass	
TestMapIterDeleteReplace/4478	pass	
TestMapIterDeleteReplace/4479	pass	
TestMapIterDeleteReplace/448	pass	
TestMapIterDeleteReplace/4480	pass	
TestMapIterDeleteReplace/4481	pass	
TestMapIterDeleteReplace/4482	pass	
TestMapIterDeleteReplace/4483	pass	
TestMapIterDeleteReplace/4484	pass	
TestMapIterDeleteReplace/4485	pass	
TestMapIterDeleteReplace/4486	pass	
TestMapIterDeleteReplace/4487	pass	
TestMapIterDeleteReplace/4488	pass	
TestMapIterDeleteReplace/4489	pass	
TestMapIterDeleteReplace/449	pass	
TestMapIterDeleteReplace/4490	pass	
TestMapIterDeleteReplace/4491	pass	
TestMapIterDeleteReplace/4492	pass	
TestMapIterDeleteReplace/4493	pass	
TestMapIterDeleteReplace/4494	pass	
TestMapIterDeleteReplace/4495	pass	
TestMapIterDeleteReplace/4496	pass	
TestMapIterDeleteReplace/4497	pass	
TestMapIterDeleteReplace/4498	pass	
TestMapIterDeleteReplace/4499	pass	
TestMapIterDeleteReplace/45	pass	
TestMapIterDeleteReplace/450	pass	
TestMapIterDeleteReplace/4500	pass	
TestMapIterDeleteReplace/4501	pass	
TestMapIterDeleteReplace/4502	pass	
TestMapIterDeleteReplace/4503	pass	
TestMapIterDeleteReplace/4504	pass	
TestMapIterDeleteReplace/4505	pass	
TestMapIterDeleteReplace/4506	pass	
TestMapIterDeleteReplace/4507	pass	
TestMapIterDeleteReplace/4508	pass	
TestMapIterDeleteReplace/4509	pass	
TestMapIterDeleteReplace/451	pass	
TestMapIterDeleteReplace/4510	pass	
TestMapIterDeleteReplace/4511	pass	
TestMapIterDeleteReplace/4512	pass	
TestMapIterDeleteReplace/4513	pass	
TestMapIterDeleteReplace/4514	pass	
TestMapIterDeleteReplace/4515	pass	
TestMapIterDeleteReplace/4516	pass	
TestMapIterDeleteReplace/4517	pass	
TestMapIterDeleteReplace/4518	pass	
TestMapIterDeleteReplace/4519	pass	
TestMapIterDeleteReplace/452	pass	
TestMapIterDeleteReplace/4520	pass	
TestMapIterDeleteReplace/4521	pass	
TestMapIterDeleteReplace/4522	pass	
TestMapIterDeleteReplace/4523	pass	
TestMapIterDeleteReplace/4524	pass	
TestMapIterDeleteReplace/4525	pass	
TestMapIterDeleteReplace/4526	pass	
TestMapIterDeleteReplace/4527	pass	
TestMapIterDeleteReplace/4528	pass	
TestMapIterDeleteReplace/4529	pass	
TestMapIterDeleteReplace/453	pass	
TestMapIterDeleteReplace/4530	pass	
TestMapIterDeleteReplace/4531	pass	
TestMapIterDeleteReplace/4532	pass	
TestMapIterDeleteReplace/4533	pass	
TestMapIterDeleteReplace/4534	pass	
TestMapIterDeleteReplace/4535	pass	
TestMapIterDeleteReplace/4536	pass	
TestMapIterDeleteReplace/4537	pass	
TestMapIterDeleteReplace/4538	pass	
TestMapIterDeleteReplace/4539	pass	
TestMapIterDeleteReplace/454	pass	
TestMapIterDeleteReplace/4540	pass	
TestMapIterDeleteReplace/4541	pass	
TestMapIterDeleteReplace/4542	pass	
TestMapIterDeleteReplace/4543	pass	
TestMapIterDeleteReplace/4544	pass	
TestMapIterDeleteReplace/4545	pass	
TestMapIterDeleteReplace/4546	pass	
TestMapIterDeleteReplace/4547	pass	
TestMapIterDeleteReplace/4548	pass	
TestMapIterDeleteReplace/4549	pass	
TestMapIterDeleteReplace/455	pass	
TestMapIterDeleteReplace/4550	pass	
TestMapIterDeleteReplace/4551	pass	
TestMapIterDeleteReplace/4552	pass	
TestMapIterDeleteReplace/4553	pass	
TestMapIterDeleteReplace/4554	pass	
TestMapIterDeleteReplace/4555	pass	
TestMapIterDeleteReplace/4556	pass	
TestMapIterDeleteReplace/4557	pass	
TestMapIterDeleteReplace/4558	pass	
TestMapIterDeleteReplace/4559	pass	
TestMapIterDeleteReplace/456	pass	
TestMapIterDeleteReplace/4560	pass	
TestMapIterDeleteReplace/4561	pass	
TestMapIterDeleteReplace/4562	pass	
TestMapIterDeleteReplace/4563	pass	
TestMapIterDeleteReplace/4564	pass	
TestMapIterDeleteReplace/4565	pass	
TestMapIterDeleteReplace/4566	pass	
TestMapIterDeleteReplace/4567	pass	
TestMapIterDeleteReplace/4568	pass	
TestMapIterDeleteReplace/4569	pass	
TestMapIterDeleteReplace/457	pass	
TestMapIterDeleteReplace/4570	pass	
TestMapIterDeleteReplace/4571	pass	
TestMapIterDeleteReplace/4572	pass	
TestMapIterDeleteReplace/4573	pass	
TestMapIterDeleteReplace/4574	pass	
TestMapIterDeleteReplace/4575	pass	
TestMapIterDeleteReplace/4576	pass	
TestMapIterDeleteReplace/4577	pass	
TestMapIterDeleteReplace/4578	pass	
TestMapIterDeleteReplace/4579	pass	
TestMapIterDeleteReplace/458	pass	
TestMapIterDeleteReplace/4580	pass	
TestMapIterDeleteReplace/4581	pass	
TestMapIterDeleteReplace/4582	pass	
TestMapIterDeleteReplace/4583	pass	
TestMapIterDeleteReplace/4584	pass	
TestMapIterDeleteReplace/4585	pass	
TestMapIterDeleteReplace/4586	pass	
TestMapIterDeleteReplace/4587	pass	
TestMapIterDeleteReplace/4588	pass	
TestMapIterDeleteReplace/4589	pass	
TestMapIterDeleteReplace/459	pass	
TestMapIterDeleteReplace/4590	pass	
TestMapIterDeleteReplace/4591	pass	
TestMapIterDeleteReplace/4592	pass	
TestMapIterDeleteReplace/4593	pass	
TestMapIterDeleteReplace/4594	pass	
TestMapIterDeleteReplace/4595	pass	
TestMapIterDeleteReplace/4596	pass	
TestMapIterDeleteReplace/4597	pass	
TestMapIterDeleteReplace/4598	pass	
TestMapIterDeleteReplace/4599	pass	
TestMapIterDeleteReplace/46	pass	
TestMapIterDeleteReplace/460	pass	
TestMapIterDeleteReplace/4600	pass	
TestMapIterDeleteReplace/4601	pass	
TestMapIterDeleteReplace/4602	pass	
TestMapIterDeleteReplace/4603	pass	
TestMapIterDeleteReplace/4604	pass	
TestMapIterDeleteReplace/4605	pass	
TestMapIterDeleteReplace/4606	pass	
TestMapIterDeleteReplace/4607	pass	
TestMapIterDeleteReplace/4608	pass	
TestMapIterDeleteReplace/4609	pass	
TestMapIterDeleteReplace/461	pass	
TestMapIterDeleteReplace/4610	pass	
TestMapIterDeleteReplace/4611	pass	
TestMapIterDeleteReplace/4612	pass	
TestMapIterDeleteReplace/4613	pass	
TestMapIterDeleteReplace/4614	pass	
TestMapIterDeleteReplace/4615	pass	
TestMapIterDeleteReplace/4616	pass	
TestMapIterDeleteReplace/4617	pass	
TestMapIterDeleteReplace/4618	pass	
TestMapIterDeleteReplace/4619	pass	
TestMapIterDeleteReplace/462	pass	
TestMapIterDeleteReplace/4620	pass	
TestMapIterDeleteReplace/4621	pass	
TestMapIterDeleteReplace/4622	pass	
TestMapIterDeleteReplace/4623	pass	
TestMapIterDeleteReplace/4624	pass	
TestMapIterDeleteReplace/4625	pass	
TestMapIterDeleteReplace/4626	pass	
TestMapIterDeleteReplace/4627	pass	
TestMapIterDeleteReplace/4628	pass	
TestMapIterDeleteReplace/4629	pass	
TestMapIterDeleteReplace/463	pass	
TestMapIterDeleteReplace/4630	pass	
TestMapIterDeleteReplace/4631	pass	
TestMapIterDeleteReplace/4632	pass	
TestMapIterDeleteReplace/4633	pass	
TestMapIterDeleteReplace/4634	pass	
TestMapIterDeleteReplace/4635	pass	
TestMapIterDeleteReplace/4636	pass	
TestMapIterDeleteReplace/4637	pass	
TestMapIterDeleteReplace/4638	pass	
TestMapIterDeleteReplace/4639	pass	
TestMapIterDeleteReplace/464	pass	
TestMapIterDeleteReplace/4640	pass	
TestMapIterDeleteReplace/4641	pass	
TestMapIterDeleteReplace/4642	pass	
TestMapIterDeleteReplace/4643	pass	
TestMapIterDeleteReplace/4644	pass	
TestMapIterDeleteReplace/4645	pass	
TestMapIterDeleteReplace/4646	pass	
TestMapIterDeleteReplace/4647	pass	
TestMapIterDeleteReplace/4648	pass	
TestMapIterDeleteReplace/4649	pass	
TestMapIterDeleteReplace/465	pass	
TestMapIterDeleteReplace/4650	pass	
TestMapIterDeleteReplace/4651	pass	
TestMapIterDeleteReplace/4652	pass	
TestMapIterDeleteReplace/4653	pass	
TestMapIterDeleteReplace/4654	pass	
TestMapIterDeleteReplace/4655	pass	
TestMapIterDeleteReplace/4656	pass	
TestMapIterDeleteReplace/4657	pass	
TestMapIterDeleteReplace/4658	pass	
TestMapIterDeleteReplace/4659	pass	
TestMapIterDeleteReplace/466	pass	
TestMapIterDeleteReplace/4660	pass	
TestMapIterDeleteReplace/4661	pass	
TestMapIterDeleteReplace/4662	pass	
TestMapIterDeleteReplace/4663	pass	
TestMapIterDeleteReplace/4664	pass	
TestMapIterDeleteReplace/4665	pass	
TestMapIterDeleteReplace/4666	pass	
TestMapIterDeleteReplace/4667	pass	
TestMapIterDeleteReplace/4668	pass	
TestMapIterDeleteReplace/4669	pass	
TestMapIterDeleteReplace/467	pass	
TestMapIterDeleteReplace/4670	pass	
TestMapIterDeleteReplace/4671	pass	
TestMapIterDeleteReplace/4672	pass	
TestMapIterDeleteReplace/4673	pass	
TestMapIterDeleteReplace/4674	pass	
TestMapIterDeleteReplace/4675	pass	
TestMapIterDeleteReplace/4676	pass	
TestMapIterDeleteReplace/4677	pass	
TestMapIterDeleteReplace/4678	pass	
TestMapIterDeleteReplace/4679	pass	
TestMapIterDeleteReplace/468	pass	
TestMapIterDeleteReplace/4680	pass	
TestMapIterDeleteReplace/4681	pass	
TestMapIterDeleteReplace/4682	pass	
TestMapIterDeleteReplace/4683	pass	
TestMapIterDeleteReplace/4684	pass	
TestMapIterDeleteReplace/4685	pass	
TestMapIterDeleteReplace/4686	pass	
TestMapIterDeleteReplace/4687	pass	
TestMapIterDeleteReplace/4688	pass	
TestMapIterDeleteReplace/4689	pass	
TestMapIterDeleteReplace/469	pass	
TestMapIterDeleteReplace/4690	pass	
TestMapIterDeleteReplace/4691	pass	
TestMapIterDeleteReplace/4692	pass	
TestMapIterDeleteReplace/4693	pass	
TestMapIterDeleteReplace/4694	pass	
TestMapIterDeleteReplace/4695	pass	
TestMapIterDeleteReplace/4696	pass	
TestMapIterDeleteReplace/4697	pass	
TestMapIterDeleteReplace/4698	pass	
TestMapIterDeleteReplace/4699	pass	
TestMapIterDeleteReplace/47	pass	
TestMapIterDeleteReplace/470	pass	
TestMapIterDeleteReplace/4700	pass	
TestMapIterDeleteReplace/4701	pass	
TestMapIterDeleteReplace/4702	pass	
TestMapIterDeleteReplace/4703	pass	
TestMapIterDeleteReplace/4704	pass	
TestMapIterDeleteReplace/4705	pass	
TestMapIterDeleteReplace/4706	pass	
TestMapIterDeleteReplace/4707	pass	
TestMapIterDeleteReplace/4708	pass	
TestMapIterDeleteReplace/4709	pass	
TestMapIterDeleteReplace/471	pass	
TestMapIterDeleteReplace/4710	pass	
TestMapIterDeleteReplace/4711	pass	
TestMapIterDeleteReplace/4712	pass	
TestMapIterDeleteReplace/4713	pass	
TestMapIterDeleteReplace/4714	pass	
TestMapIterDeleteReplace/4715	pass	
TestMapIterDeleteReplace/4716	pass	
TestMapIterDeleteReplace/4717	pass	
TestMapIterDeleteReplace/4718	pass	
TestMapIterDeleteReplace/4719	pass	
TestMapIterDeleteReplace/472	pass	
TestMapIterDeleteReplace/4720	pass	
TestMapIterDeleteReplace/4721	pass	
TestMapIterDeleteReplace/4722	pass	
TestMapIterDeleteReplace/4723	pass	
TestMapIterDeleteReplace/4724	pass	
TestMapIterDeleteReplace/4725	pass	
TestMapIterDeleteReplace/4726	pass	
TestMapIterDeleteReplace/4727	pass	
TestMapIterDeleteReplace/4728	pass	
TestMapIterDeleteReplace/4729	pass	
TestMapIterDeleteReplace/473	pass	
TestMapIterDeleteReplace/4730	pass	
TestMapIterDeleteReplace/4731	pass	
TestMapIterDeleteReplace/4732	pass	
TestMapIterDeleteReplace/4733	pass	
TestMapIterDeleteReplace/4734	pass	
TestMapIterDeleteReplace/4735	pass	
TestMapIterDeleteReplace/4736	pass	
TestMapIterDeleteReplace/4737	pass	
TestMapIterDeleteReplace/4738	pass	
TestMapIterDeleteReplace/4739	pass	
TestMapIterDeleteReplace/474	pass	
TestMapIterDeleteReplace/4740	pass	
TestMapIterDeleteReplace/4741	pass	
TestMapIterDeleteReplace/4742	pass	
TestMapIterDeleteReplace/4743	pass	
TestMapIterDeleteReplace/4744	pass	
TestMapIterDeleteReplace/4745	pass	
TestMapIterDeleteReplace/4746	pass	
TestMapIterDeleteReplace/4747	pass	
TestMapIterDeleteReplace/4748	pass	
TestMapIterDeleteReplace/4749	pass	
TestMapIterDeleteReplace/475	pass	
TestMapIterDeleteReplace/4750	pass	
TestMapIterDeleteReplace/4751	pass	
TestMapIterDeleteReplace/4752	pass	
TestMapIterDeleteReplace/4753	pass	
TestMapIterDeleteReplace/4754	pass	
TestMapIterDeleteReplace/4755	pass	
TestMapIterDeleteReplace/4756	pass	
TestMapIterDeleteReplace/4757	pass	
TestMapIterDeleteReplace/4758	pass	
TestMapIterDeleteReplace/4759	pass	
TestMapIterDeleteReplace/476	pass	
TestMapIterDeleteReplace/4760	pass	
TestMapIterDeleteReplace/4761	pass	
TestMapIterDeleteReplace/4762	pass	
TestMapIterDeleteReplace/4763	pass	
TestMapIterDeleteReplace/4764	pass	
TestMapIterDeleteReplace/4765	pass	
TestMapIterDeleteReplace/4766	pass	
TestMapIterDeleteReplace/4767	pass	
TestMapIterDeleteReplace/4768	pass	
TestMapIterDeleteReplace/4769	pass	
TestMapIterDeleteReplace/477	pass	
TestMapIterDeleteReplace/4770	pass	
TestMapIterDeleteReplace/4771	pass	
TestMapIterDeleteReplace/4772	pass	
TestMapIterDeleteReplace/4773	pass	
TestMapIterDeleteReplace/4774	pass	
TestMapIterDeleteReplace/4775	pass	
TestMapIterDeleteReplace/4776	pass	
TestMapIterDeleteReplace/4777	pass	
TestMapIterDeleteReplace/4778	pass	
TestMapIterDeleteReplace/4779	pass	
TestMapIterDeleteReplace/478	pass	
TestMapIterDeleteReplace/4780	pass	
TestMapIterDeleteReplace/4781	pass	
TestMapIterDeleteReplace/4782	pass	
TestMapIterDeleteReplace/4783	pass	
TestMapIterDeleteReplace/4784	pass	
TestMapIterDeleteReplace/4785	pass	
TestMapIterDeleteReplace/4786	pass	
TestMapIterDeleteReplace/4787	pass	
TestMapIterDeleteReplace/4788	pass	
TestMapIterDeleteReplace/4789	pass	
TestMapIterDeleteReplace/479	pass	
TestMapIterDeleteReplace/4790	pass	
TestMapIterDeleteReplace/4791	pass	
TestMapIterDeleteReplace/4792	pass	
TestMapIterDeleteReplace/4793	pass	
TestMapIterDeleteReplace/4794	pass	
TestMapIterDeleteReplace/4795	pass	
TestMapIterDeleteReplace/4796	pass	
TestMapIterDeleteReplace/4797	pass	
TestMapIterDeleteReplace/4798	pass	
TestMapIterDeleteReplace/4799	pass	
TestMapIterDeleteReplace/48	pass	
TestMapIterDeleteReplace/480	pass	
TestMapIterDeleteReplace/4800	pass	
TestMapIterDeleteReplace/4801	pass	
TestMapIterDeleteReplace/4802	pass	
TestMapIterDeleteReplace/4803	pass	
TestMapIterDeleteReplace/4804	pass	
TestMapIterDeleteReplace/4805	pass	
TestMapIterDeleteReplace/4806	pass	
TestMapIterDeleteReplace/4807	pass	
TestMapIterDeleteReplace/4808	pass	
TestMapIterDeleteReplace/4809	pass	
TestMapIterDeleteReplace/481	pass	
TestMapIterDeleteReplace/4810	pass	
TestMapIterDeleteReplace/4811	pass	
TestMapIterDeleteReplace/4812	pass	
TestMapIterDeleteReplace/4813	pass	
TestMapIterDeleteReplace/4814	pass	
TestMapIterDeleteReplace/4815	pass	
TestMapIterDeleteReplace/4816	pass	
TestMapIterDeleteReplace/4817	pass	
TestMapIterDeleteReplace/4818	pass	
TestMapIterDeleteReplace/4819	pass	
TestMapIterDeleteReplace/482	pass	
TestMapIterDeleteReplace/4820	pass	
TestMapIterDeleteReplace/4821	pass	
TestMapIterDeleteReplace/4822	pass	
TestMapIterDeleteReplace/4823	pass	
TestMapIterDeleteReplace/4824	pass	
TestMapIterDeleteReplace/4825	pass	
TestMapIterDeleteReplace/4826	pass	
TestMapIterDeleteReplace/4827	pass	
TestMapIterDeleteReplace/4828	pass	
TestMapIterDeleteReplace/4829	pass	
TestMapIterDeleteReplace/483	pass	
TestMapIterDeleteReplace/4830	pass	
TestMapIterDeleteReplace/4831	pass	
TestMapIterDeleteReplace/4832	pass	
TestMapIterDeleteReplace/4833	pass	
TestMapIterDeleteReplace/4834	pass	
TestMapIterDeleteReplace/4835	pass	
TestMapIterDeleteReplace/4836	pass	
TestMapIterDeleteReplace/4837	pass	
TestMapIterDeleteReplace/4838	pass	
TestMapIterDeleteReplace/4839	pass	
TestMapIterDeleteReplace/484	pass	
TestMapIterDeleteReplace/4840	pass	
TestMapIterDeleteReplace/4841	pass	
TestMapIterDeleteReplace/4842	pass	
TestMapIterDeleteReplace/4843	pass	
TestMapIterDeleteReplace/4844	pass	
TestMapIterDeleteReplace/4845	pass	
TestMapIterDeleteReplace/4846	pass	
TestMapIterDeleteReplace/4847	pass	
TestMapIterDeleteReplace/4848	pass	
TestMapIterDeleteReplace/4849	pass	
TestMapIterDeleteReplace/485	pass	
TestMapIterDeleteReplace/4850	pass	
TestMapIterDeleteReplace/4851	pass	
TestMapIterDeleteReplace/4852	pass	
TestMapIterDeleteReplace/4853	pass	
TestMapIterDeleteReplace/4854	pass	
TestMapIterDeleteReplace/4855	pass	
TestMapIterDeleteReplace/4856	pass	
TestMapIterDeleteReplace/4857	pass	
TestMapIterDeleteReplace/4858	pass	
TestMapIterDeleteReplace/4859	pass	
TestMapIterDeleteReplace/486	pass	
TestMapIterDeleteReplace/4860	pass	
TestMapIterDeleteReplace/4861	pass	
TestMapIterDeleteReplace/4862	pass	
TestMapIterDeleteReplace/4863	pass	
TestMapIterDeleteReplace/4864	pass	
TestMapIterDeleteReplace/4865	pass	
TestMapIterDeleteReplace/4866	pass	
TestMapIterDeleteReplace/4867	pass	
TestMapIterDeleteReplace/4868	pass	
TestMapIterDeleteReplace/4869	pass	
TestMapIterDeleteReplace/487	pass	
TestMapIterDeleteReplace/4870	pass	
TestMapIterDeleteReplace/4871	pass	
TestMapIterDeleteReplace/4872	pass	
TestMapIterDeleteReplace/4873	pass	
TestMapIterDeleteReplace/4874	pass	
TestMapIterDeleteReplace/4875	pass	
TestMapIterDeleteReplace/4876	pass	
TestMapIterDeleteReplace/4877	pass	
TestMapIterDeleteReplace/4878	pass	
TestMapIterDeleteReplace/4879	pass	
TestMapIterDeleteReplace/488	pass	
TestMapIterDeleteReplace/4880	pass	
TestMapIterDeleteReplace/4881	pass	
TestMapIterDeleteReplace/4882	pass	
TestMapIterDeleteReplace/4883	pass	
TestMapIterDeleteReplace/4884	pass	
TestMapIterDeleteReplace/4885	pass	
TestMapIterDeleteReplace/4886	pass	
TestMapIterDeleteReplace/4887	pass	
TestMapIterDeleteReplace/4888	pass	
TestMapIterDeleteReplace/4889	pass	
TestMapIterDeleteReplace/489	pass	
TestMapIterDeleteReplace/4890	pass	
TestMapIterDeleteReplace/4891	pass	
TestMapIterDeleteReplace/4892	pass	
TestMapIterDeleteReplace/4893	pass	
TestMapIterDeleteReplace/4894	pass	
TestMapIterDeleteReplace/4895	pass	
TestMapIterDeleteReplace/4896	pass	
TestMapIterDeleteReplace/4897	pass	
TestMapIterDeleteReplace/4898	pass	
TestMapIterDeleteReplace/4899	pass	
TestMapIterDeleteReplace/49	pass	
TestMapIterDeleteReplace/490	pass	
TestMapIterDeleteReplace/4900	pass	
TestMapIterDeleteReplace/4901	pass	
TestMapIterDeleteReplace/4902	pass	
TestMapIterDeleteReplace/4903	pass	
TestMapIterDeleteReplace/4904	pass	
TestMapIterDeleteReplace/4905	pass	
TestMapIterDeleteReplace/4906	pass	
TestMapIterDeleteReplace/4907	pass	
TestMapIterDeleteReplace/4908	pass	
TestMapIterDeleteReplace/4909	pass	
TestMapIterDeleteReplace/491	pass	
TestMapIterDeleteReplace/4910	pass	
TestMapIterDeleteReplace/4911	pass	
TestMapIterDeleteReplace/4912	pass	
TestMapIterDeleteReplace/4913	pass	
TestMapIterDeleteReplace/4914	pass	
TestMapIterDeleteReplace/4915	pass	
TestMapIterDeleteReplace/4916	pass	
TestMapIterDeleteReplace/4917	pass	
TestMapIterDeleteReplace/4918	pass	
TestMapIterDeleteReplace/4919	pass	
TestMapIterDeleteReplace/492	pass	
TestMapIterDeleteReplace/4920	pass	
TestMapIterDeleteReplace/4921	pass	
TestMapIterDeleteReplace/4922	pass	
TestMapIterDeleteReplace/4923	pass	
TestMapIterDeleteReplace/4924	pass	
TestMapIterDeleteReplace/4925	pass	
TestMapIterDeleteReplace/4926	pass	
TestMapIterDeleteReplace/4927	pass	
TestMapIterDeleteReplace/4928	pass	
TestMapIterDeleteReplace/4929	pass	
TestMapIterDeleteReplace/493	pass	
TestMapIterDeleteReplace/4930	pass	
TestMapIterDeleteReplace/4931	pass	
TestMapIterDeleteReplace/4932	pass	
TestMapIterDeleteReplace/4933	pass	
TestMapIterDeleteReplace/4934	pass	
TestMapIterDeleteReplace/4935	pass	
TestMapIterDeleteReplace/4936	pass	
TestMapIterDeleteReplace/4937	pass	
TestMapIterDeleteReplace/4938	pass	
TestMapIterDeleteReplace/4939	pass	
TestMapIterDeleteReplace/494	pass	
TestMapIterDeleteReplace/4940	pass	
TestMapIterDeleteReplace/4941	pass	
TestMapIterDeleteReplace/4942	pass	
TestMapIterDeleteReplace/4943	pass	
TestMapIterDeleteReplace/4944	pass	
TestMapIterDeleteReplace/4945	pass	
TestMapIterDeleteReplace/4946	pass	
TestMapIterDeleteReplace/4947	pass	
TestMapIterDeleteReplace/4948	pass	
TestMapIterDeleteReplace/4949	pass	
TestMapIterDeleteReplace/495	pass	
TestMapIterDeleteReplace/4950	pass	
TestMapIterDeleteReplace/4951	pass	
TestMapIterDeleteReplace/4952	pass	
TestMapIterDeleteReplace/4953	pass	
TestMapIterDeleteReplace/4954	pass	
TestMapIterDeleteReplace/4955	pass	
TestMapIterDeleteReplace/4956	pass	
TestMapIterDeleteReplace/4957	pass	
TestMapIterDeleteReplace/4958	pass	
TestMapIterDeleteReplace/4959	pass	
TestMapIterDeleteReplace/496	pass	
TestMapIterDeleteReplace/4960	pass	
TestMapIterDeleteReplace/4961	pass	
TestMapIterDeleteReplace/4962	pass	
TestMapIterDeleteReplace/4963	pass	
TestMapIterDeleteReplace/4964	pass	
TestMapIterDeleteReplace/4965	pass	
TestMapIterDeleteReplace/4966	pass	
TestMapIterDeleteReplace/4967	pass	
TestMapIterDeleteReplace/4968	pass	
TestMapIterDeleteReplace/4969	pass	
TestMapIterDeleteReplace/497	pass	
TestMapIterDeleteReplace/4970	pass	
TestMapIterDeleteReplace/4971	pass	
TestMapIterDeleteReplace/4972	pass	
TestMapIterDeleteReplace/4973	pass	
TestMapIterDeleteReplace/4974	pass	
TestMapIterDeleteReplace/4975	pass	
TestMapIterDeleteReplace/4976	pass	
TestMapIterDeleteReplace/4977	pass	
TestMapIterDeleteReplace/4978	pass	
TestMapIterDeleteReplace/4979	pass	
TestMapIterDeleteReplace/498	pass	
TestMapIterDeleteReplace/4980	pass	
TestMapIterDeleteReplace/4981	pass	
TestMapIterDeleteReplace/4982	pass	
TestMapIterDeleteReplace/4983	pass	
TestMapIterDeleteReplace/4984	pass	
TestMapIterDeleteReplace/4985	pass	
TestMapIterDeleteReplace/4986	pass	
TestMapIterDeleteReplace/4987	pass	
TestMapIterDeleteReplace/4988	pass	
TestMapIterDeleteReplace/4989	pass	
TestMapIterDeleteReplace/499	pass	
TestMapIterDeleteReplace/4990	pass	
TestMapIterDeleteReplace/4991	pass	
TestMapIterDeleteReplace/4992	pass	
TestMapIterDeleteReplace/4993	pass	
TestMapIterDeleteReplace/4994	pass	
TestMapIterDeleteReplace/4995	pass	
TestMapIterDeleteReplace/4996	pass	
TestMapIterDeleteReplace/4997	pass	
TestMapIterDeleteReplace/4998	pass	
TestMapIterDeleteReplace/4999	pass	
TestMapIterDeleteReplace/5	pass	
TestMapIterDeleteReplace/50	pass	
TestMapIterDeleteReplace/500	pass	
TestMapIterDeleteReplace/5000	pass	
TestMapIterDeleteReplace/5001	pass	
TestMapIterDeleteReplace/5002	pass	
TestMapIterDeleteReplace/5003	pass	
TestMapIterDeleteReplace/5004	pass	
TestMapIterDeleteReplace/5005	pass	
TestMapIterDeleteReplace/5006	pass	
TestMapIterDeleteReplace/5007	pass	
TestMapIterDeleteReplace/5008	pass	
TestMapIterDeleteReplace/5009	pass	
TestMapIterDeleteReplace/501	pass	
TestMapIterDeleteReplace/5010	pass	
TestMapIterDeleteReplace/5011	pass	
TestMapIterDeleteReplace/5012	pass	
TestMapIterDeleteReplace/5013	pass	
TestMapIterDeleteReplace/5014	pass	
TestMapIterDeleteReplace/5015	pass	
TestMapIterDeleteReplace/5016	pass	
TestMapIterDeleteReplace/5017	pass	
TestMapIterDeleteReplace/5018	pass	
TestMapIterDeleteReplace/5019	pass	
TestMapIterDeleteReplace/502	pass	
TestMapIterDeleteReplace/5020	pass	
TestMapIterDeleteReplace/5021	pass	
TestMapIterDeleteReplace/5022	pass	
TestMapIterDeleteReplace/5023	pass	
TestMapIterDeleteReplace/5024	pass	
TestMapIterDeleteReplace/5025	pass	
TestMapIterDeleteReplace/5026	pass	
TestMapIterDeleteReplace/5027	pass	
TestMapIterDeleteReplace/5028	pass	
TestMapIterDeleteReplace/5029	pass	
TestMapIterDeleteReplace/503	pass	
TestMapIterDeleteReplace/5030	pass	
TestMapIterDeleteReplace/5031	pass	
TestMapIterDeleteReplace/5032	pass	
TestMapIterDeleteReplace/5033	pass	
TestMapIterDeleteReplace/5034	pass	
TestMapIterDeleteReplace/5035	pass	
TestMapIterDeleteReplace/5036	pass	
TestMapIterDeleteReplace/5037	pass	
TestMapIterDeleteReplace/5038	pass	
TestMapIterDeleteReplace/5039	pass	
TestMapIterDeleteReplace/504	pass	
TestMapIterDeleteReplace/5040	pass	
TestMapIterDeleteReplace/5041	pass	
TestMapIterDeleteReplace/5042	pass	
TestMapIterDeleteReplace/5043	pass	
TestMapIterDeleteReplace/5044	pass	
TestMapIterDeleteReplace/5045	pass	
TestMapIterDeleteReplace/5046	pass	
TestMapIterDeleteReplace/5047	pass	
TestMapIterDeleteReplace/5048	pass	
TestMapIterDeleteReplace/5049	pass	
TestMapIterDeleteReplace/505	pass	
TestMapIterDeleteReplace/5050	pass	
TestMapIterDeleteReplace/5051	pass	
TestMapIterDeleteReplace/5052	pass	
TestMapIterDeleteReplace/5053	pass	
TestMapIterDeleteReplace/5054	pass	
TestMapIterDeleteReplace/5055	pass	
TestMapIterDeleteReplace/5056	pass	
TestMapIterDeleteReplace/5057	pass	
TestMapIterDeleteReplace/5058	pass	
TestMapIterDeleteReplace/5059	pass	
TestMapIterDeleteReplace/506	pass	
TestMapIterDeleteReplace/5060	pass	
TestMapIterDeleteReplace/5061	pass	
TestMapIterDeleteReplace/5062	pass	
TestMapIterDeleteReplace/5063	pass	
TestMapIterDeleteReplace/5064	pass	
TestMapIterDeleteReplace/5065	pass	
TestMapIterDeleteReplace/5066	pass	
TestMapIterDeleteReplace/5067	pass	
TestMapIterDeleteReplace/5068	pass	
TestMapIterDeleteReplace/5069	pass	
TestMapIterDeleteReplace/507	pass	
TestMapIterDeleteReplace/5070	pass	
TestMapIterDeleteReplace/5071	pass	
TestMapIterDeleteReplace/5072	pass	
TestMapIterDeleteReplace/5073	pass	
TestMapIterDeleteReplace/5074	pass	
TestMapIterDeleteReplace/5075	pass	
TestMapIterDeleteReplace/5076	pass	
TestMapIterDeleteReplace/5077	pass	
TestMapIterDeleteReplace/5078	pass	
TestMapIterDeleteReplace/5079	pass	
TestMapIterDeleteReplace/508	pass	
TestMapIterDeleteReplace/5080	pass	
TestMapIterDeleteReplace/5081	pass	
TestMapIterDeleteReplace/5082	pass	
TestMapIterDeleteReplace/5083	pass	
TestMapIterDeleteReplace/5084	pass	
TestMapIterDeleteReplace/5085	pass	
TestMapIterDeleteReplace/5086	pass	
TestMapIterDeleteReplace/5087	pass	
TestMapIterDeleteReplace/5088	pass	
TestMapIterDeleteReplace/5089	pass	
TestMapIterDeleteReplace/509	pass	
TestMapIterDeleteReplace/5090	pass	
TestMapIterDeleteReplace/5091	pass	
TestMapIterDeleteReplace/5092	pass	
TestMapIterDeleteReplace/5093	pass	
TestMapIterDeleteReplace/5094	pass	
TestMapIterDeleteReplace/5095	pass	
TestMapIterDeleteReplace/5096	pass	
TestMapIterDeleteReplace/5097	pass	
TestMapIterDeleteReplace/5098	pass	
TestMapIterDeleteReplace/5099	pass	
TestMapIterDeleteReplace/51	pass	
TestMapIterDeleteReplace/510	pass	
TestMapIterDeleteReplace/5100	pass	
TestMapIterDeleteReplace/5101	pass	
TestMapIterDeleteReplace/5102	pass	
TestMapIterDeleteReplace/5103	pass	
TestMapIterDeleteReplace/5104	pass	
TestMapIterDeleteReplace/5105	pass	
TestMapIterDeleteReplace/5106	pass	
TestMapIterDeleteReplace/5107	pass	
TestMapIterDeleteReplace/5108	pass	
TestMapIterDeleteReplace/5109	pass	
TestMapIterDeleteReplace/511	pass	
TestMapIterDeleteReplace/5110	pass	
TestMapIterDeleteReplace/5111	pass	
TestMapIterDeleteReplace/5112	pass	
TestMapIterDeleteReplace/5113	pass	
TestMapIterDeleteReplace/5114	pass	
TestMapIterDeleteReplace/5115	pass	
TestMapIterDeleteReplace/5116	pass	
TestMapIterDeleteReplace/5117	pass	
TestMapIterDeleteReplace/5118	pass	
TestMapIterDeleteReplace/5119	pass	
TestMapIterDeleteReplace/512	pass	
TestMapIterDeleteReplace/5120	pass	
TestMapIterDeleteReplace/5121	pass	
TestMapIterDeleteReplace/5122	pass	
TestMapIterDeleteReplace/5123	pass	
TestMapIterDeleteReplace/5124	pass	
TestMapIterDeleteReplace/5125	pass	
TestMapIterDeleteReplace/5126	pass	
TestMapIterDeleteReplace/5127	pass	
TestMapIterDeleteReplace/5128	pass	
TestMapIterDeleteReplace/5129	pass	
TestMapIterDeleteReplace/513	pass	
TestMapIterDeleteReplace/5130	pass	
TestMapIterDeleteReplace/5131	pass	
TestMapIterDeleteReplace/5132	pass	
TestMapIterDeleteReplace/5133	pass	
TestMapIterDeleteReplace/5134	pass	
TestMapIterDeleteReplace/5135	pass	
TestMapIterDeleteReplace/5136	pass	
TestMapIterDeleteReplace/5137	pass	
TestMapIterDeleteReplace/5138	pass	
TestMapIterDeleteReplace/5139	pass	
TestMapIterDeleteReplace/514	pass	
TestMapIterDeleteReplace/5140	pass	
TestMapIterDeleteReplace/5141	pass	
TestMapIterDeleteReplace/5142	pass	
TestMapIterDeleteReplace/5143	pass	
TestMapIterDeleteReplace/5144	pass	
TestMapIterDeleteReplace/5145	pass	
TestMapIterDeleteReplace/5146	pass	
TestMapIterDeleteReplace/5147	pass	
TestMapIterDeleteReplace/5148	pass	
TestMapIterDeleteReplace/5149	pass	
TestMapIterDeleteReplace/515	pass	
TestMapIterDeleteReplace/5150	pass	
TestMapIterDeleteReplace/5151	pass	
TestMapIterDeleteReplace/5152	pass	
TestMapIterDeleteReplace/5153	pass	
TestMapIterDeleteReplace/5154	pass	
TestMapIterDeleteReplace/5155	pass	
TestMapIterDeleteReplace/5156	pass	
TestMapIterDeleteReplace/5157	pass	
TestMapIterDeleteReplace/5158	pass	
TestMapIterDeleteReplace/5159	pass	
TestMapIterDeleteReplace/516	pass	
TestMapIterDeleteReplace/5160	pass	
TestMapIterDeleteReplace/5161	pass	
TestMapIterDeleteReplace/5162	pass	
TestMapIterDeleteReplace/5163	pass	
TestMapIterDeleteReplace/5164	pass	
TestMapIterDeleteReplace/5165	pass	
TestMapIterDeleteReplace/5166	pass	
TestMapIterDeleteReplace/5167	pass	
TestMapIterDeleteReplace/5168	pass	
TestMapIterDeleteReplace/5169	pass	
TestMapIterDeleteReplace/517	pass	
TestMapIterDeleteReplace/5170	pass	
TestMapIterDeleteReplace/5171	pass	
TestMapIterDeleteReplace/5172	pass	
TestMapIterDeleteReplace/5173	pass	
TestMapIterDeleteReplace/5174	pass	
TestMapIterDeleteReplace/5175	pass	
TestMapIterDeleteReplace/5176	pass	
TestMapIterDeleteReplace/5177	pass	
TestMapIterDeleteReplace/5178	pass	
TestMapIterDeleteReplace/5179	pass	
TestMapIterDeleteReplace/518	pass	
TestMapIterDeleteReplace/5180	pass	
TestMapIterDeleteReplace/5181	pass	
TestMapIterDeleteReplace/5182	pass	
TestMapIterDeleteReplace/5183	pass	
TestMapIterDeleteReplace/5184	pass	
TestMapIterDeleteReplace/5185	pass	
TestMapIterDeleteReplace/5186	pass	
TestMapIterDeleteReplace/5187	pass	
TestMapIterDeleteReplace/5188	pass	
TestMapIterDeleteReplace/5189	pass	
TestMapIterDeleteReplace/519	pass	
TestMapIterDeleteReplace/5190	pass	
TestMapIterDeleteReplace/5191	pass	
TestMapIterDeleteReplace/5192	pass	
TestMapIterDeleteReplace/5193	pass	
TestMapIterDeleteReplace/5194	pass	
TestMapIterDeleteReplace/5195	pass	
TestMapIterDeleteReplace/5196	pass	
TestMapIterDeleteReplace/5197	pass	
TestMapIterDeleteReplace/5198	pass	
TestMapIterDeleteReplace/5199	pass	
TestMapIterDeleteReplace/52	pass	
TestMapIterDeleteReplace/520	pass	
TestMapIterDeleteReplace/5200	pass	
TestMapIterDeleteReplace/5201	pass	
TestMapIterDeleteReplace/5202	pass	
TestMapIterDeleteReplace/5203	pass	
TestMapIterDeleteReplace/5204	pass	
TestMapIterDeleteReplace/5205	pass	
TestMapIterDeleteReplace/5206	pass	
TestMapIterDeleteReplace/5207	pass	
TestMapIterDeleteReplace/5208	pass	
TestMapIterDeleteReplace/5209	pass	
TestMapIterDeleteReplace/521	pass	
TestMapIterDeleteReplace/5210	pass	
TestMapIterDeleteReplace/5211	pass	
TestMapIterDeleteReplace/5212	pass	
TestMapIterDeleteReplace/5213	pass	
TestMapIterDeleteReplace/5214	pass	
TestMapIterDeleteReplace/5215	pass	
TestMapIterDeleteReplace/5216	pass	
TestMapIterDeleteReplace/5217	pass	
TestMapIterDeleteReplace/5218	pass	
TestMapIterDeleteReplace/5219	pass	
TestMapIterDeleteReplace/522	pass	
TestMapIterDeleteReplace/5220	pass	
TestMapIterDeleteReplace/5221	pass	
TestMapIterDeleteReplace/5222	pass	
TestMapIterDeleteReplace/5223	pass	
TestMapIterDeleteReplace/5224	pass	
TestMapIterDeleteReplace/5225	pass	
TestMapIterDeleteReplace/5226	pass	
TestMapIterDeleteReplace/5227	pass	
TestMapIterDeleteReplace/5228	pass	
TestMapIterDeleteReplace/5229	pass	
TestMapIterDeleteReplace/523	pass	
TestMapIterDeleteReplace/5230	pass	
TestMapIterDeleteReplace/5231	pass	
TestMapIterDeleteReplace/5232	pass	
TestMapIterDeleteReplace/5233	pass	
TestMapIterDeleteReplace/5234	pass	
TestMapIterDeleteReplace/5235	pass	
TestMapIterDeleteReplace/5236	pass	
TestMapIterDeleteReplace/5237	pass	
TestMapIterDeleteReplace/5238	pass	
TestMapIterDeleteReplace/5239	pass	
TestMapIterDeleteReplace/524	pass	
TestMapIterDeleteReplace/5240	pass	
TestMapIterDeleteReplace/5241	pass	
TestMapIterDeleteReplace/5242	pass	
TestMapIterDeleteReplace/5243	pass	
TestMapIterDeleteReplace/5244	pass	
TestMapIterDeleteReplace/5245	pass	
TestMapIterDeleteReplace/5246	pass	
TestMapIterDeleteReplace/5247	pass	
TestMapIterDeleteReplace/5248	pass	
TestMapIterDeleteReplace/5249	pass	
TestMapIterDeleteReplace/525	pass	
TestMapIterDeleteReplace/5250	pass	
TestMapIterDeleteReplace/5251	pass	
TestMapIterDeleteReplace/5252	pass	
TestMapIterDeleteReplace/5253	pass	
TestMapIterDeleteReplace/5254	pass	
TestMapIterDeleteReplace/5255	pass	
TestMapIterDeleteReplace/5256	pass	
TestMapIterDeleteReplace/5257	pass	
TestMapIterDeleteReplace/5258	pass	
TestMapIterDeleteReplace/5259	pass	
TestMapIterDeleteReplace/526	pass	
TestMapIterDeleteReplace/5260	pass	
TestMapIterDeleteReplace/5261	pass	
TestMapIterDeleteReplace/5262	pass	
TestMapIterDeleteReplace/5263	pass	
TestMapIterDeleteReplace/5264	pass	
TestMapIterDeleteReplace/5265	pass	
TestMapIterDeleteReplace/5266	pass	
TestMapIterDeleteReplace/5267	pass	
TestMapIterDeleteReplace/5268	pass	
TestMapIterDeleteReplace/5269	pass	
TestMapIterDeleteReplace/527	pass	
TestMapIterDeleteReplace/5270	pass	
TestMapIterDeleteReplace/5271	pass	
TestMapIterDeleteReplace/5272	pass	
TestMapIterDeleteReplace/5273	pass	
TestMapIterDeleteReplace/5274	pass	
TestMapIterDeleteReplace/5275	pass	
TestMapIterDeleteReplace/5276	pass	
TestMapIterDeleteReplace/5277	pass	
TestMapIterDeleteReplace/5278	pass	
TestMapIterDeleteReplace/5279	pass	
TestMapIterDeleteReplace/528	pass	
TestMapIterDeleteReplace/5280	pass	
TestMapIterDeleteReplace/5281	pass	
TestMapIterDeleteReplace/5282	pass	
TestMapIterDeleteReplace/5283	pass	
TestMapIterDeleteReplace/5284	pass	
TestMapIterDeleteReplace/5285	pass	
TestMapIterDeleteReplace/5286	pass	
TestMapIterDeleteReplace/5287	pass	
TestMapIterDeleteReplace/5288	pass	
TestMapIterDeleteReplace/5289	pass	
TestMapIterDeleteReplace/529	pass	
TestMapIterDeleteReplace/5290	pass	
TestMapIterDeleteReplace/5291	pass	
TestMapIterDeleteReplace/5292	pass	
TestMapIterDeleteReplace/5293	pass	
TestMapIterDeleteReplace/5294	pass	
TestMapIterDeleteReplace/5295	pass	
TestMapIterDeleteReplace/5296	pass	
TestMapIterDeleteReplace/5297	pass	
TestMapIterDeleteReplace/5298	pass	
TestMapIterDeleteReplace/5299	pass	
TestMapIterDeleteReplace/53	pass	
TestMapIterDeleteReplace/530	pass	
TestMapIterDeleteReplace/5300	pass	
TestMapIterDeleteReplace/5301	pass	
TestMapIterDeleteReplace/5302	pass	
TestMapIterDeleteReplace/5303	pass	
TestMapIterDeleteReplace/5304	pass	
TestMapIterDeleteReplace/5305	pass	
TestMapIterDeleteReplace/5306	pass	
TestMapIterDeleteReplace/5307	pass	
TestMapIterDeleteReplace/5308	pass	
TestMapIterDeleteReplace/5309	pass	
TestMapIterDeleteReplace/531	pass	
TestMapIterDeleteReplace/5310	pass	
TestMapIterDeleteReplace/5311	pass	
TestMapIterDeleteReplace/5312	pass	
TestMapIterDeleteReplace/5313	pass	
TestMapIterDeleteReplace/5314	pass	
TestMapIterDeleteReplace/5315	pass	
TestMapIterDeleteReplace/5316	pass	
TestMapIterDeleteReplace/5317	pass	
TestMapIterDeleteReplace/5318	pass	
TestMapIterDeleteReplace/5319	pass	
TestMapIterDeleteReplace/532	pass	
TestMapIterDeleteReplace/5320	pass	
TestMapIterDeleteReplace/5321	pass	
TestMapIterDeleteReplace/5322	pass	
TestMapIterDeleteReplace/5323	pass	
TestMapIterDeleteReplace/5324	pass	
TestMapIterDeleteReplace/5325	pass	
TestMapIterDeleteReplace/5326	pass	
TestMapIterDeleteReplace/5327	pass	
TestMapIterDeleteReplace/5328	pass	
TestMapIterDeleteReplace/5329	pass	
TestMapIterDeleteReplace/533	pass	
TestMapIterDeleteReplace/5330	pass	
TestMapIterDeleteReplace/5331	pass	
TestMapIterDeleteReplace/5332	pass	
TestMapIterDeleteReplace/5333	pass	
TestMapIterDeleteReplace/5334	pass	
TestMapIterDeleteReplace/5335	pass	
TestMapIterDeleteReplace/5336	pass	
TestMapIterDeleteReplace/5337	pass	
TestMapIterDeleteReplace/5338	pass	
TestMapIterDeleteReplace/5339	pass	
TestMapIterDeleteReplace/534	pass	
TestMapIterDeleteReplace/5340	pass	
TestMapIterDeleteReplace/5341	pass	
TestMapIterDeleteReplace/5342	pass	
TestMapIterDeleteReplace/5343	pass	
TestMapIterDeleteReplace/5344	pass	
TestMapIterDeleteReplace/5345	pass	
TestMapIterDeleteReplace/5346	pass	
TestMapIterDeleteReplace/5347	pass	
TestMapIterDeleteReplace/5348	pass	
TestMapIterDeleteReplace/5349	pass	
TestMapIterDeleteReplace/535	pass	
TestMapIterDeleteReplace/5350	pass	
TestMapIterDeleteReplace/5351	pass	
TestMapIterDeleteReplace/5352	pass	
TestMapIterDeleteReplace/5353	pass	
TestMapIterDeleteReplace/5354	pass	
TestMapIterDeleteReplace/5355	pass	
TestMapIterDeleteReplace/5356	pass	
TestMapIterDeleteReplace/5357	pass	
TestMapIterDeleteReplace/5358	pass	
TestMapIterDeleteReplace/5359	pass	
TestMapIterDeleteReplace/536	pass	
TestMapIterDeleteReplace/5360	pass	
TestMapIterDeleteReplace/5361	pass	
TestMapIterDeleteReplace/5362	pass	
TestMapIterDeleteReplace/5363	pass	
TestMapIterDeleteReplace/5364	pass	
TestMapIterDeleteReplace/5365	pass	
TestMapIterDeleteReplace/5366	pass	
TestMapIterDeleteReplace/5367	pass	
TestMapIterDeleteReplace/5368	pass	
TestMapIterDeleteReplace/5369	pass	
TestMapIterDeleteReplace/537	pass	
TestMapIterDeleteReplace/5370	pass	
TestMapIterDeleteReplace/5371	pass	
TestMapIterDeleteReplace/5372	pass	
TestMapIterDeleteReplace/5373	pass	
TestMapIterDeleteReplace/5374	pass	
TestMapIterDeleteReplace/5375	pass	
TestMapIterDeleteReplace/5376	pass	
TestMapIterDeleteReplace/5377	pass	
TestMapIterDeleteReplace/5378	pass	
TestMapIterDeleteReplace/5379	pass	
TestMapIterDeleteReplace/538	pass	
TestMapIterDeleteReplace/5380	pass	
TestMapIterDeleteReplace/5381	pass	
TestMapIterDeleteReplace/5382	pass	
TestMapIterDeleteReplace/5383	pass	
TestMapIterDeleteReplace/5384	pass	
TestMapIterDeleteReplace/5385	pass	
TestMapIterDeleteReplace/5386	pass	
TestMapIterDeleteReplace/5387	pass	
TestMapIterDeleteReplace/5388	pass	
TestMapIterDeleteReplace/5389	pass	
TestMapIterDeleteReplace/539	pass	
TestMapIterDeleteReplace/5390	pass	
TestMapIterDeleteReplace/5391	pass	
TestMapIterDeleteReplace/5392	pass	
TestMapIterDeleteReplace/5393	pass	
TestMapIterDeleteReplace/5394	pass	
TestMapIterDeleteReplace/5395	pass	
TestMapIterDeleteReplace/5396	pass	
TestMapIterDeleteReplace/5397	pass	
TestMapIterDeleteReplace/5398	pass	
TestMapIterDeleteReplace/5399	pass	
TestMapIterDeleteReplace/54	pass	
TestMapIterDeleteReplace/540	pass	
TestMapIterDeleteReplace/5400	pass	
TestMapIterDeleteReplace/5401	pass	
TestMapIterDeleteReplace/5402	pass	
TestMapIterDeleteReplace/5403	pass	
TestMapIterDeleteReplace/5404	pass	
TestMapIterDeleteReplace/5405	pass	
TestMapIterDeleteReplace/5406	pass	
TestMapIterDeleteReplace/5407	pass	
TestMapIterDeleteReplace/5408	pass	
TestMapIterDeleteReplace/5409	pass	
TestMapIterDeleteReplace/541	pass	
TestMapIterDeleteReplace/5410	pass	
TestMapIterDeleteReplace/5411	pass	
TestMapIterDeleteReplace/5412	pass	
TestMapIterDeleteReplace/5413	pass	
TestMapIterDeleteReplace/5414	pass	
TestMapIterDeleteReplace/5415	pass	
TestMapIterDeleteReplace/5416	pass	
TestMapIterDeleteReplace/5417	pass	
TestMapIterDeleteReplace/5418	pass	
TestMapIterDeleteReplace/5419	pass	
TestMapIterDeleteReplace/542	pass	
TestMapIterDeleteReplace/5420	pass	
TestMapIterDeleteReplace/5421	pass	
TestMapIterDeleteReplace/5422	pass	
TestMapIterDeleteReplace/5423	pass	
TestMapIterDeleteReplace/5424	pass	
TestMapIterDeleteReplace/5425	pass	
TestMapIterDeleteReplace/5426	pass	
TestMapIterDeleteReplace/5427	pass	
TestMapIterDeleteReplace/5428	pass	
TestMapIterDeleteReplace/5429	pass	
TestMapIterDeleteReplace/543	pass	
TestMapIterDeleteReplace/5430	pass	
TestMapIterDeleteReplace/5431	pass	
TestMapIterDeleteReplace/5432	pass	
TestMapIterDeleteReplace/5433	pass	
TestMapIterDeleteReplace/5434	pass	
TestMapIterDeleteReplace/5435	pass	
TestMapIterDeleteReplace/5436	pass	
TestMapIterDeleteReplace/5437	pass	
TestMapIterDeleteReplace/5438	pass	
TestMapIterDeleteReplace/5439	pass	
TestMapIterDeleteReplace/544	pass	
TestMapIterDeleteReplace/5440	pass	
TestMapIterDeleteReplace/5441	pass	
TestMapIterDeleteReplace/5442	pass	
TestMapIterDeleteReplace/5443	pass	
TestMapIterDeleteReplace/5444	pass	
TestMapIterDeleteReplace/5445	pass	
TestMapIterDeleteReplace/5446	pass	
TestMapIterDeleteReplace/5447	pass	
TestMapIterDeleteReplace/5448	pass	
TestMapIterDeleteReplace/5449	pass	
TestMapIterDeleteReplace/545	pass	
TestMapIterDeleteReplace/5450	pass	
TestMapIterDeleteReplace/5451	pass	
TestMapIterDeleteReplace/5452	pass	
TestMapIterDeleteReplace/5453	pass	
TestMapIterDeleteReplace/5454	pass	
TestMapIterDeleteReplace/5455	pass	
TestMapIterDeleteReplace/5456	pass	
TestMapIterDeleteReplace/5457	pass	
TestMapIterDeleteReplace/5458	pass	
TestMapIterDeleteReplace/5459	pass	
TestMapIterDeleteReplace/546	pass	
TestMapIterDeleteReplace/5460	pass	
TestMapIterDeleteReplace/5461	pass	
TestMapIterDeleteReplace/5462	pass	
TestMapIterDeleteReplace/5463	pass	
TestMapIterDeleteReplace/5464	pass	
TestMapIterDeleteReplace/5465	pass	
TestMapIterDeleteReplace/5466	pass	
TestMapIterDeleteReplace/5467	pass	
TestMapIterDeleteReplace/5468	pass	
TestMapIterDeleteReplace/5469	pass	
TestMapIterDeleteReplace/547	pass	
TestMapIterDeleteReplace/5470	pass	
TestMapIterDeleteReplace/5471	pass	
TestMapIterDeleteReplace/5472	pass	
TestMapIterDeleteReplace/5473	pass	
TestMapIterDeleteReplace/5474	pass	
TestMapIterDeleteReplace/5475	pass	
TestMapIterDeleteReplace/5476	pass	
TestMapIterDeleteReplace/5477	pass	
TestMapIterDeleteReplace/5478	pass	
TestMapIterDeleteReplace/5479	pass	
TestMapIterDeleteReplace/548	pass	
TestMapIterDeleteReplace/5480	pass	
TestMapIterDeleteReplace/5481	pass	
TestMapIterDeleteReplace/5482	pass	
TestMapIterDeleteReplace/5483	pass	
TestMapIterDeleteReplace/5484	pass	
TestMapIterDeleteReplace/5485	pass	
TestMapIterDeleteReplace/5486	pass	
TestMapIterDeleteReplace/5487	pass	
TestMapIterDeleteReplace/5488	pass	
TestMapIterDeleteReplace/5489	pass	
TestMapIterDeleteReplace/549	pass	
TestMapIterDeleteReplace/5490	pass	
TestMapIterDeleteReplace/5491	pass	
TestMapIterDeleteReplace/5492	pass	
TestMapIterDeleteReplace/5493	pass	
TestMapIterDeleteReplace/5494	pass	
TestMapIterDeleteReplace/5495	pass	
TestMapIterDeleteReplace/5496	pass	
TestMapIterDeleteReplace/5497	pass	
TestMapIterDeleteReplace/5498	pass	
TestMapIterDeleteReplace/5499	pass	
TestMapIterDeleteReplace/55	pass	
TestMapIterDeleteReplace/550	pass	
TestMapIterDeleteReplace/5500	pass	
TestMapIterDeleteReplace/5501	pass	
TestMapIterDeleteReplace/5502	pass	
TestMapIterDeleteReplace/5503	pass	
TestMapIterDeleteReplace/5504	pass	
TestMapIterDeleteReplace/5505	pass	
TestMapIterDeleteReplace/5506	pass	
TestMapIterDeleteReplace/5507	pass	
TestMapIterDeleteReplace/5508	pass	
TestMapIterDeleteReplace/5509	pass	
TestMapIterDeleteReplace/551	pass	
TestMapIterDeleteReplace/5510	pass	
TestMapIterDeleteReplace/5511	pass	
TestMapIterDeleteReplace/5512	pass	
TestMapIterDeleteReplace/5513	pass	
TestMapIterDeleteReplace/5514	pass	
TestMapIterDeleteReplace/5515	pass	
TestMapIterDeleteReplace/5516	pass	
TestMapIterDeleteReplace/5517	pass	
TestMapIterDeleteReplace/5518	pass	
TestMapIterDeleteReplace/5519	pass	
TestMapIterDeleteReplace/552	pass	
TestMapIterDeleteReplace/5520	pass	
TestMapIterDeleteReplace/5521	pass	
TestMapIterDeleteReplace/5522	pass	
TestMapIterDeleteReplace/5523	pass	
TestMapIterDeleteReplace/5524	pass	
TestMapIterDeleteReplace/5525	pass	
TestMapIterDeleteReplace/5526	pass	
TestMapIterDeleteReplace/5527	pass	
TestMapIterDeleteReplace/5528	pass	
TestMapIterDeleteReplace/5529	pass	
TestMapIterDeleteReplace/553	pass	
TestMapIterDeleteReplace/5530	pass	
TestMapIterDeleteReplace/5531	pass	
TestMapIterDeleteReplace/5532	pass	
TestMapIterDeleteReplace/5533	pass	
TestMapIterDeleteReplace/5534	pass	
TestMapIterDeleteReplace/5535	pass	
TestMapIterDeleteReplace/5536	pass	
TestMapIterDeleteReplace/5537	pass	
TestMapIterDeleteReplace/5538	pass	
TestMapIterDeleteReplace/5539	pass	
TestMapIterDeleteReplace/554	pass	
TestMapIterDeleteReplace/5540	pass	
TestMapIterDeleteReplace/5541	pass	
TestMapIterDeleteReplace/5542	pass	
TestMapIterDeleteReplace/5543	pass	
TestMapIterDeleteReplace/5544	pass	
TestMapIterDeleteReplace/5545	pass	
TestMapIterDeleteReplace/5546	pass	
TestMapIterDeleteReplace/5547	pass	
TestMapIterDeleteReplace/5548	pass	
TestMapIterDeleteReplace/5549	pass	
TestMapIterDeleteReplace/555	pass	
TestMapIterDeleteReplace/5550	pass	
TestMapIterDeleteReplace/5551	pass	
TestMapIterDeleteReplace/5552	pass	
TestMapIterDeleteReplace/5553	pass	
TestMapIterDeleteReplace/5554	pass	
TestMapIterDeleteReplace/5555	pass	
TestMapIterDeleteReplace/5556	pass	
TestMapIterDeleteReplace/5557	pass	
TestMapIterDeleteReplace/5558	pass	
TestMapIterDeleteReplace/5559	pass	
TestMapIterDeleteReplace/556	pass	
TestMapIterDeleteReplace/5560	pass	
TestMapIterDeleteReplace/5561	pass	
TestMapIterDeleteReplace/5562	pass	
TestMapIterDeleteReplace/5563	pass	
TestMapIterDeleteReplace/5564	pass	
TestMapIterDeleteReplace/5565	pass	
TestMapIterDeleteReplace/5566	pass	
TestMapIterDeleteReplace/5567	pass	
TestMapIterDeleteReplace/5568	pass	
TestMapIterDeleteReplace/5569	pass	
TestMapIterDeleteReplace/557	pass	
TestMapIterDeleteReplace/5570	pass	
TestMapIterDeleteReplace/5571	pass	
TestMapIterDeleteReplace/5572	pass	
TestMapIterDeleteReplace/5573	pass	
TestMapIterDeleteReplace/5574	pass	
TestMapIterDeleteReplace/5575	pass	
TestMapIterDeleteReplace/5576	pass	
TestMapIterDeleteReplace/5577	pass	
TestMapIterDeleteReplace/5578	pass	
TestMapIterDeleteReplace/5579	pass	
TestMapIterDeleteReplace/558	pass	
TestMapIterDeleteReplace/5580	pass	
TestMapIterDeleteReplace/5581	pass	
TestMapIterDeleteReplace/5582	pass	
TestMapIterDeleteReplace/5583	pass	
TestMapIterDeleteReplace/5584	pass	
TestMapIterDeleteReplace/5585	pass	
TestMapIterDeleteReplace/5586	pass	
TestMapIterDeleteReplace/5587	pass	
TestMapIterDeleteReplace/5588	pass	
TestMapIterDeleteReplace/5589	pass	
TestMapIterDeleteReplace/559	pass	
TestMapIterDeleteReplace/5590	pass	
TestMapIterDeleteReplace/5591	pass	
TestMapIterDeleteReplace/5592	pass	
TestMapIterDeleteReplace/5593	pass	
TestMapIterDeleteReplace/5594	pass	
TestMapIterDeleteReplace/5595	pass	
TestMapIterDeleteReplace/5596	pass	
TestMapIterDeleteReplace/5597	pass	
TestMapIterDeleteReplace/5598	pass	
TestMapIterDeleteReplace/5599	pass	
TestMapIterDeleteReplace/56	pass	
TestMapIterDeleteReplace/560	pass	
TestMapIterDeleteReplace/5600	pass	
TestMapIterDeleteReplace/5601	pass	
TestMapIterDeleteReplace/5602	pass	
TestMapIterDeleteReplace/5603	pass	
TestMapIterDeleteReplace/5604	pass	
TestMapIterDeleteReplace/5605	pass	
TestMapIterDeleteReplace/5606	pass	
TestMapIterDeleteReplace/5607	pass	
TestMapIterDeleteReplace/5608	pass	
TestMapIterDeleteReplace/5609	pass	
TestMapIterDeleteReplace/561	pass	
TestMapIterDeleteReplace/5610	pass	
TestMapIterDeleteReplace/5611	pass	
TestMapIterDeleteReplace/5612	pass	
TestMapIterDeleteReplace/5613	pass	
TestMapIterDeleteReplace/5614	pass	
TestMapIterDeleteReplace/5615	pass	
TestMapIterDeleteReplace/5616	pass	
TestMapIterDeleteReplace/5617	pass	
TestMapIterDeleteReplace/5618	pass	
TestMapIterDeleteReplace/5619	pass	
TestMapIterDeleteReplace/562	pass	
TestMapIterDeleteReplace/5620	pass	
TestMapIterDeleteReplace/5621	pass	
TestMapIterDeleteReplace/5622	pass	
TestMapIterDeleteReplace/5623	pass	
TestMapIterDeleteReplace/5624	pass	
TestMapIterDeleteReplace/5625	pass	
TestMapIterDeleteReplace/5626	pass	
TestMapIterDeleteReplace/5627	pass	
TestMapIterDeleteReplace/5628	pass	
TestMapIterDeleteReplace/5629	pass	
TestMapIterDeleteReplace/563	pass	
TestMapIterDeleteReplace/5630	pass	
TestMapIterDeleteReplace/5631	pass	
TestMapIterDeleteReplace/5632	pass	
TestMapIterDeleteReplace/5633	pass	
TestMapIterDeleteReplace/5634	pass	
TestMapIterDeleteReplace/5635	pass	
TestMapIterDeleteReplace/5636	pass	
TestMapIterDeleteReplace/5637	pass	
TestMapIterDeleteReplace/5638	pass	
TestMapIterDeleteReplace/5639	pass	
TestMapIterDeleteReplace/564	pass	
TestMapIterDeleteReplace/5640	pass	
TestMapIterDeleteReplace/5641	pass	
TestMapIterDeleteReplace/5642	pass	
TestMapIterDeleteReplace/5643	pass	
TestMapIterDeleteReplace/5644	pass	
TestMapIterDeleteReplace/5645	pass	
TestMapIterDeleteReplace/5646	pass	
TestMapIterDeleteReplace/5647	pass	
TestMapIterDeleteReplace/5648	pass	
TestMapIterDeleteReplace/5649	pass	
TestMapIterDeleteReplace/565	pass	
TestMapIterDeleteReplace/5650	pass	
TestMapIterDeleteReplace/5651	pass	
TestMapIterDeleteReplace/5652	pass	
TestMapIterDeleteReplace/5653	pass	
TestMapIterDeleteReplace/5654	pass	
TestMapIterDeleteReplace/5655	pass	
TestMapIterDeleteReplace/5656	pass	
TestMapIterDeleteReplace/5657	pass	
TestMapIterDeleteReplace/5658	pass	
TestMapIterDeleteReplace/5659	pass	
TestMapIterDeleteReplace/566	pass	
TestMapIterDeleteReplace/5660	pass	
TestMapIterDeleteReplace/5661	pass	
TestMapIterDeleteReplace/5662	pass	
TestMapIterDeleteReplace/5663	pass	
TestMapIterDeleteReplace/5664	pass	
TestMapIterDeleteReplace/5665	pass	
TestMapIterDeleteReplace/5666	pass	
TestMapIterDeleteReplace/5667	pass	
TestMapIterDeleteReplace/5668	pass	
TestMapIterDeleteReplace/5669	pass	
TestMapIterDeleteReplace/567	pass	
TestMapIterDeleteReplace/5670	pass	
TestMapIterDeleteReplace/5671	pass	
TestMapIterDeleteReplace/5672	pass	
TestMapIterDeleteReplace/5673	pass	
TestMapIterDeleteReplace/5674	pass	
TestMapIterDeleteReplace/5675	pass	
TestMapIterDeleteReplace/5676	pass	
TestMapIterDeleteReplace/5677	pass	
TestMapIterDeleteReplace/5678	pass	
TestMapIterDeleteReplace/5679	pass	
TestMapIterDeleteReplace/568	pass	
TestMapIterDeleteReplace/5680	pass	
TestMapIterDeleteReplace/5681	pass	
TestMapIterDeleteReplace/5682	pass	
TestMapIterDeleteReplace/5683	pass	
TestMapIterDeleteReplace/5684	pass	
TestMapIterDeleteReplace/5685	pass	
TestMapIterDeleteReplace/5686	pass	
TestMapIterDeleteReplace/5687	pass	
TestMapIterDeleteReplace/5688	pass	
TestMapIterDeleteReplace/5689	pass	
TestMapIterDeleteReplace/569	pass	
TestMapIterDeleteReplace/5690	pass	
TestMapIterDeleteReplace/5691	pass	
TestMapIterDeleteReplace/5692	pass	
TestMapIterDeleteReplace/5693	pass	
TestMapIterDeleteReplace/5694	pass	
TestMapIterDeleteReplace/5695	pass	
TestMapIterDeleteReplace/5696	pass	
TestMapIterDeleteReplace/5697	pass	
TestMapIterDeleteReplace/5698	pass	
TestMapIterDeleteReplace/5699	pass	
TestMapIterDeleteReplace/57	pass	
TestMapIterDeleteReplace/570	pass	
TestMapIterDeleteReplace/5700	pass	
TestMapIterDeleteReplace/5701	pass	
TestMapIterDeleteReplace/5702	pass	
TestMapIterDeleteReplace/5703	pass	
TestMapIterDeleteReplace/5704	pass	
TestMapIterDeleteReplace/5705	pass	
TestMapIterDeleteReplace/5706	pass	
TestMapIterDeleteReplace/5707	pass	
TestMapIterDeleteReplace/5708	pass	
TestMapIterDeleteReplace/5709	pass	
TestMapIterDeleteReplace/571	pass	
TestMapIterDeleteReplace/5710	pass	
TestMapIterDeleteReplace/5711	pass	
TestMapIterDeleteReplace/5712	pass	
TestMapIterDeleteReplace/5713	pass	
TestMapIterDeleteReplace/5714	pass	
TestMapIterDeleteReplace/5715	pass	
TestMapIterDeleteReplace/5716	pass	
TestMapIterDeleteReplace/5717	pass	
TestMapIterDeleteReplace/5718	pass	
TestMapIterDeleteReplace/5719	pass	
TestMapIterDeleteReplace/572	pass	
TestMapIterDeleteReplace/5720	pass	
TestMapIterDeleteReplace/5721	pass	
TestMapIterDeleteReplace/5722	pass	
TestMapIterDeleteReplace/5723	pass	
TestMapIterDeleteReplace/5724	pass	
TestMapIterDeleteReplace/5725	pass	
TestMapIterDeleteReplace/5726	pass	
TestMapIterDeleteReplace/5727	pass	
TestMapIterDeleteReplace/5728	pass	
TestMapIterDeleteReplace/5729	pass	
TestMapIterDeleteReplace/573	pass	
TestMapIterDeleteReplace/5730	pass	
TestMapIterDeleteReplace/5731	pass	
TestMapIterDeleteReplace/5732	pass	
TestMapIterDeleteReplace/5733	pass	
TestMapIterDeleteReplace/5734	pass	
TestMapIterDeleteReplace/5735	pass	
TestMapIterDeleteReplace/5736	pass	
TestMapIterDeleteReplace/5737	pass	
TestMapIterDeleteReplace/5738	pass	
TestMapIterDeleteReplace/5739	pass	
TestMapIterDeleteReplace/574	pass	
TestMapIterDeleteReplace/5740	pass	
TestMapIterDeleteReplace/5741	pass	
TestMapIterDeleteReplace/5742	pass	
TestMapIterDeleteReplace/5743	pass	
TestMapIterDeleteReplace/5744	pass	
TestMapIterDeleteReplace/5745	pass	
TestMapIterDeleteReplace/5746	pass	
TestMapIterDeleteReplace/5747	pass	
TestMapIterDeleteReplace/5748	pass	
TestMapIterDeleteReplace/5749	pass	
TestMapIterDeleteReplace/575	pass	
TestMapIterDeleteReplace/5750	pass	
TestMapIterDeleteReplace/5751	pass	
TestMapIterDeleteReplace/5752	pass	
TestMapIterDeleteReplace/5753	pass	
TestMapIterDeleteReplace/5754	pass	
TestMapIterDeleteReplace/5755	pass	
TestMapIterDeleteReplace/5756	pass	
TestMapIterDeleteReplace/5757	pass	
TestMapIterDeleteReplace/5758	pass	
TestMapIterDeleteReplace/5759	pass	
TestMapIterDeleteReplace/576	pass	
TestMapIterDeleteReplace/5760	pass	
TestMapIterDeleteReplace/5761	pass	
TestMapIterDeleteReplace/5762	pass	
TestMapIterDeleteReplace/5763	pass	
TestMapIterDeleteReplace/5764	pass	
TestMapIterDeleteReplace/5765	pass	
TestMapIterDeleteReplace/5766	pass	
TestMapIterDeleteReplace/5767	pass	
TestMapIterDeleteReplace/5768	pass	
TestMapIterDeleteReplace/5769	pass	
TestMapIterDeleteReplace/577	pass	
TestMapIterDeleteReplace/5770	pass	
TestMapIterDeleteReplace/5771	pass	
TestMapIterDeleteReplace/5772	pass	
TestMapIterDeleteReplace/5773	pass	
TestMapIterDeleteReplace/5774	pass	
TestMapIterDeleteReplace/5775	pass	
TestMapIterDeleteReplace/5776	pass	
TestMapIterDeleteReplace/5777	pass	
TestMapIterDeleteReplace/5778	pass	
TestMapIterDeleteReplace/5779	pass	
TestMapIterDeleteReplace/578	pass	
TestMapIterDeleteReplace/5780	pass	
TestMapIterDeleteReplace/5781	pass	
TestMapIterDeleteReplace/5782	pass	
TestMapIterDeleteReplace/5783	pass	
TestMapIterDeleteReplace/5784	pass	
TestMapIterDeleteReplace/5785	pass	
TestMapIterDeleteReplace/5786	pass	
TestMapIterDeleteReplace/5787	pass	
TestMapIterDeleteReplace/5788	pass	
TestMapIterDeleteReplace/5789	pass	
TestMapIterDeleteReplace/579	pass	
TestMapIterDeleteReplace/5790	pass	
TestMapIterDeleteReplace/5791	pass	
TestMapIterDeleteReplace/5792	pass	
TestMapIterDeleteReplace/5793	pass	
TestMapIterDeleteReplace/5794	pass	
TestMapIterDeleteReplace/5795	pass	
TestMapIterDeleteReplace/5796	pass	
TestMapIterDeleteReplace/5797	pass	
TestMapIterDeleteReplace/5798	pass	
TestMapIterDeleteReplace/5799	pass	
TestMapIterDeleteReplace/58	pass	
TestMapIterDeleteReplace/580	pass	
TestMapIterDeleteReplace/5800	pass	
TestMapIterDeleteReplace/5801	pass	
TestMapIterDeleteReplace/5802	pass	
TestMapIterDeleteReplace/5803	pass	
TestMapIterDeleteReplace/5804	pass	
TestMapIterDeleteReplace/5805	pass	
TestMapIterDeleteReplace/5806	pass	
TestMapIterDeleteReplace/5807	pass	
TestMapIterDeleteReplace/5808	pass	
TestMapIterDeleteReplace/5809	pass	
TestMapIterDeleteReplace/581	pass	
TestMapIterDeleteReplace/5810	pass	
TestMapIterDeleteReplace/5811	pass	
TestMapIterDeleteReplace/5812	pass	
TestMapIterDeleteReplace/5813	pass	
TestMapIterDeleteReplace/5814	pass	
TestMapIterDeleteReplace/5815	pass	
TestMapIterDeleteReplace/5816	pass	
TestMapIterDeleteReplace/5817	pass	
TestMapIterDeleteReplace/5818	pass	
TestMapIterDeleteReplace/5819	pass	
TestMapIterDeleteReplace/582	pass	
TestMapIterDeleteReplace/5820	pass	
TestMapIterDeleteReplace/5821	pass	
TestMapIterDeleteReplace/5822	pass	
TestMapIterDeleteReplace/5823	pass	
TestMapIterDeleteReplace/5824	pass	
TestMapIterDeleteReplace/5825	pass	
TestMapIterDeleteReplace/5826	pass	
TestMapIterDeleteReplace/5827	pass	
TestMapIterDeleteReplace/5828	pass	
TestMapIterDeleteReplace/5829	pass	
TestMapIterDeleteReplace/583	pass	
TestMapIterDeleteReplace/5830	pass	
TestMapIterDeleteReplace/5831	pass	
TestMapIterDeleteReplace/5832	pass	
TestMapIterDeleteReplace/5833	pass	
TestMapIterDeleteReplace/5834	pass	
TestMapIterDeleteReplace/5835	pass	
TestMapIterDeleteReplace/5836	pass	
TestMapIterDeleteReplace/5837	pass	
TestMapIterDeleteReplace/5838	pass	
TestMapIterDeleteReplace/5839	pass	
TestMapIterDeleteReplace/584	pass	
TestMapIterDeleteReplace/5840	pass	
TestMapIterDeleteReplace/5841	pass	
TestMapIterDeleteReplace/5842	pass	
TestMapIterDeleteReplace/5843	pass	
TestMapIterDeleteReplace/5844	pass	
TestMapIterDeleteReplace/5845	pass	
TestMapIterDeleteReplace/5846	pass	
TestMapIterDeleteReplace/5847	pass	
TestMapIterDeleteReplace/5848	pass	
TestMapIterDeleteReplace/5849	pass	
TestMapIterDeleteReplace/585	pass	
TestMapIterDeleteReplace/5850	pass	
TestMapIterDeleteReplace/5851	pass	
TestMapIterDeleteReplace/5852	pass	
TestMapIterDeleteReplace/5853	pass	
TestMapIterDeleteReplace/5854	pass	
TestMapIterDeleteReplace/5855	pass	
TestMapIterDeleteReplace/5856	pass	
TestMapIterDeleteReplace/5857	pass	
TestMapIterDeleteReplace/5858	pass	
TestMapIterDeleteReplace/5859	pass	
TestMapIterDeleteReplace/586	pass	
TestMapIterDeleteReplace/5860	pass	
TestMapIterDeleteReplace/5861	pass	
TestMapIterDeleteReplace/5862	pass	
TestMapIterDeleteReplace/5863	pass	
TestMapIterDeleteReplace/5864	pass	
TestMapIterDeleteReplace/5865	pass	
TestMapIterDeleteReplace/5866	pass	
TestMapIterDeleteReplace/5867	pass	
TestMapIterDeleteReplace/5868	pass	
TestMapIterDeleteReplace/5869	pass	
TestMapIterDeleteReplace/587	pass	
TestMapIterDeleteReplace/5870	pass	
TestMapIterDeleteReplace/5871	pass	
TestMapIterDeleteReplace/5872	pass	
TestMapIterDeleteReplace/5873	pass	
TestMapIterDeleteReplace/5874	pass	
TestMapIterDeleteReplace/5875	pass	
TestMapIterDeleteReplace/5876	pass	
TestMapIterDeleteReplace/5877	pass	
TestMapIterDeleteReplace/5878	pass	
TestMapIterDeleteReplace/5879	pass	
TestMapIterDeleteReplace/588	pass	
TestMapIterDeleteReplace/5880	pass	
TestMapIterDeleteReplace/5881	pass	
TestMapIterDeleteReplace/5882	pass	
TestMapIterDeleteReplace/5883	pass	
TestMapIterDeleteReplace/5884	pass	
TestMapIterDeleteReplace/5885	pass	
TestMapIterDeleteReplace/5886	pass	
TestMapIterDeleteReplace/5887	pass	
TestMapIterDeleteReplace/5888	pass	
TestMapIterDeleteReplace/5889	pass	
TestMapIterDeleteReplace/589	pass	
TestMapIterDeleteReplace/5890	pass	
TestMapIterDeleteReplace/5891	pass	
TestMapIterDeleteReplace/5892	pass	
TestMapIterDeleteReplace/5893	pass	
TestMapIterDeleteReplace/5894	pass	
TestMapIterDeleteReplace/5895	pass	
TestMapIterDeleteReplace/5896	pass	
TestMapIterDeleteReplace/5897	pass	
TestMapIterDeleteReplace/5898	pass	
TestMapIterDeleteReplace/5899	pass	
TestMapIterDeleteReplace/59	pass	
TestMapIterDeleteReplace/590	pass	
TestMapIterDeleteReplace/5900	pass	
TestMapIterDeleteReplace/5901	pass	
TestMapIterDeleteReplace/5902	pass	
TestMapIterDeleteReplace/5903	pass	
TestMapIterDeleteReplace/5904	pass	
TestMapIterDeleteReplace/5905	pass	
TestMapIterDeleteReplace/5906	pass	
TestMapIterDeleteReplace/5907	pass	
TestMapIterDeleteReplace/5908	pass	
TestMapIterDeleteReplace/5909	pass	
TestMapIterDeleteReplace/591	pass	
TestMapIterDeleteReplace/5910	pass	
TestMapIterDeleteReplace/5911	pass	
TestMapIterDeleteReplace/5912	pass	
TestMapIterDeleteReplace/5913	pass	
TestMapIterDeleteReplace/5914	pass	
TestMapIterDeleteReplace/5915	pass	
TestMapIterDeleteReplace/5916	pass	
TestMapIterDeleteReplace/5917	pass	
TestMapIterDeleteReplace/5918	pass	
TestMapIterDeleteReplace/5919	pass	
TestMapIterDeleteReplace/592	pass	
TestMapIterDeleteReplace/5920	pass	
TestMapIterDeleteReplace/5921	pass	
TestMapIterDeleteReplace/5922	pass	
TestMapIterDeleteReplace/5923	pass	
TestMapIterDeleteReplace/5924	pass	
TestMapIterDeleteReplace/5925	pass	
TestMapIterDeleteReplace/5926	pass	
TestMapIterDeleteReplace/5927	pass	
TestMapIterDeleteReplace/5928	pass	
TestMapIterDeleteReplace/5929	pass	
TestMapIterDeleteReplace/593	pass	
TestMapIterDeleteReplace/5930	pass	
TestMapIterDeleteReplace/5931	pass	
TestMapIterDeleteReplace/5932	pass	
TestMapIterDeleteReplace/5933	pass	
TestMapIterDeleteReplace/5934	pass	
TestMapIterDeleteReplace/5935	pass	
TestMapIterDeleteReplace/5936	pass	
TestMapIterDeleteReplace/5937	pass	
TestMapIterDeleteReplace/5938	pass	
TestMapIterDeleteReplace/5939	pass	
TestMapIterDeleteReplace/594	pass	
TestMapIterDeleteReplace/5940	pass	
TestMapIterDeleteReplace/5941	pass	
TestMapIterDeleteReplace/5942	pass	
TestMapIterDeleteReplace/5943	pass	
TestMapIterDeleteReplace/5944	pass	
TestMapIterDeleteReplace/5945	pass	
TestMapIterDeleteReplace/5946	pass	
TestMapIterDeleteReplace/5947	pass	
TestMapIterDeleteReplace/5948	pass	
TestMapIterDeleteReplace/5949	pass	
TestMapIterDeleteReplace/595	pass	
TestMapIterDeleteReplace/5950	pass	
TestMapIterDeleteReplace/5951	pass	
TestMapIterDeleteReplace/5952	pass	
TestMapIterDeleteReplace/5953	pass	
TestMapIterDeleteReplace/5954	pass	
TestMapIterDeleteReplace/5955	pass	
TestMapIterDeleteReplace/5956	pass	
TestMapIterDeleteReplace/5957	pass	
TestMapIterDeleteReplace/5958	pass	
TestMapIterDeleteReplace/5959	pass	
TestMapIterDeleteReplace/596	pass	
TestMapIterDeleteReplace/5960	pass	
TestMapIterDeleteReplace/5961	pass	
TestMapIterDeleteReplace/5962	pass	
TestMapIterDeleteReplace/5963	pass	
TestMapIterDeleteReplace/5964	pass	
TestMapIterDeleteReplace/5965	pass	
TestMapIterDeleteReplace/5966	pass	
TestMapIterDeleteReplace/5967	pass	
TestMapIterDeleteReplace/5968	pass	
TestMapIterDeleteReplace/5969	pass	
TestMapIterDeleteReplace/597	pass	
TestMapIterDeleteReplace/5970	pass	
TestMapIterDeleteReplace/5971	pass	
TestMapIterDeleteReplace/5972	pass	
TestMapIterDeleteReplace/5973	pass	
TestMapIterDeleteReplace/5974	pass	
TestMapIterDeleteReplace/5975	pass	
TestMapIterDeleteReplace/5976	pass	
TestMapIterDeleteReplace/5977	pass	
TestMapIterDeleteReplace/5978	pass	
TestMapIterDeleteReplace/5979	pass	
TestMapIterDeleteReplace/598	pass	
TestMapIterDeleteReplace/5980	pass	
TestMapIterDeleteReplace/5981	pass	
TestMapIterDeleteReplace/5982	pass	
TestMapIterDeleteReplace/5983	pass	
TestMapIterDeleteReplace/5984	pass	
TestMapIterDeleteReplace/5985	pass	
TestMapIterDeleteReplace/5986	pass	
TestMapIterDeleteReplace/5987	pass	
TestMapIterDeleteReplace/5988	pass	
TestMapIterDeleteReplace/5989	pass	
TestMapIterDeleteReplace/599	pass	
TestMapIterDeleteReplace/5990	pass	
TestMapIterDeleteReplace/5991	pass	
TestMapIterDeleteReplace/5992	pass	
TestMapIterDeleteReplace/5993	pass	
TestMapIterDeleteReplace/5994	pass	
TestMapIterDeleteReplace/5995	pass	
TestMapIterDeleteReplace/5996	pass	
TestMapIterDeleteReplace/5997	pass	
TestMapIterDeleteReplace/5998	pass	
TestMapIterDeleteReplace/5999	pass	
TestMapIterDeleteReplace/6	pass	
TestMapIterDeleteReplace/60	pass	
TestMapIterDeleteReplace/600	pass	
TestMapIterDeleteReplace/6000	pass	
TestMapIterDeleteReplace/6001	pass	
TestMapIterDeleteReplace/6002	pass	
TestMapIterDeleteReplace/6003	pass	
TestMapIterDeleteReplace/6004	pass	
TestMapIterDeleteReplace/6005	pass	
TestMapIterDeleteReplace/6006	pass	
TestMapIterDeleteReplace/6007	pass	
TestMapIterDeleteReplace/6008	pass	
TestMapIterDeleteReplace/6009	pass	
TestMapIterDeleteReplace/601	pass	
TestMapIterDeleteReplace/6010	pass	
TestMapIterDeleteReplace/6011	pass	
TestMapIterDeleteReplace/6012	pass	
TestMapIterDeleteReplace/6013	pass	
TestMapIterDeleteReplace/6014	pass	
TestMapIterDeleteReplace/6015	pass	
TestMapIterDeleteReplace/6016	pass	
TestMapIterDeleteReplace/6017	pass	
TestMapIterDeleteReplace/6018	pass	
TestMapIterDeleteReplace/6019	pass	
TestMapIterDeleteReplace/602	pass	
TestMapIterDeleteReplace/6020	pass	
TestMapIterDeleteReplace/6021	pass	
TestMapIterDeleteReplace/6022	pass	
TestMapIterDeleteReplace/6023	pass	
TestMapIterDeleteReplace/6024	pass	
TestMapIterDeleteReplace/6025	pass	
TestMapIterDeleteReplace/6026	pass	
TestMapIterDeleteReplace/6027	pass	
TestMapIterDeleteReplace/6028	pass	
TestMapIterDeleteReplace/6029	pass	
TestMapIterDeleteReplace/603	pass	
TestMapIterDeleteReplace/6030	pass	
TestMapIterDeleteReplace/6031	pass	
TestMapIterDeleteReplace/6032	pass	
TestMapIterDeleteReplace/6033	pass	
TestMapIterDeleteReplace/6034	pass	
TestMapIterDeleteReplace/6035	pass	
TestMapIterDeleteReplace/6036	pass	
TestMapIterDeleteReplace/6037	pass	
TestMapIterDeleteReplace/6038	pass	
TestMapIterDeleteReplace/6039	pass	
TestMapIterDeleteReplace/604	pass	
TestMapIterDeleteReplace/6040	pass	
TestMapIterDeleteReplace/6041	pass	
TestMapIterDeleteReplace/6042	pass	
TestMapIterDeleteReplace/6043	pass	
TestMapIterDeleteReplace/6044	pass	
TestMapIterDeleteReplace/6045	pass	
TestMapIterDeleteReplace/6046	pass	
TestMapIterDeleteReplace/6047	pass	
TestMapIterDeleteReplace/6048	pass	
TestMapIterDeleteReplace/6049	pass	
TestMapIterDeleteReplace/605	pass	
TestMapIterDeleteReplace/6050	pass	
TestMapIterDeleteReplace/6051	pass	
TestMapIterDeleteReplace/6052	pass	
TestMapIterDeleteReplace/6053	pass	
TestMapIterDeleteReplace/6054	pass	
TestMapIterDeleteReplace/6055	pass	
TestMapIterDeleteReplace/6056	pass	
TestMapIterDeleteReplace/6057	pass	
TestMapIterDeleteReplace/6058	pass	
TestMapIterDeleteReplace/6059	pass	
TestMapIterDeleteReplace/606	pass	
TestMapIterDeleteReplace/6060	pass	
TestMapIterDeleteReplace/6061	pass	
TestMapIterDeleteReplace/6062	pass	
TestMapIterDeleteReplace/6063	pass	
TestMapIterDeleteReplace/6064	pass	
TestMapIterDeleteReplace/6065	pass	
TestMapIterDeleteReplace/6066	pass	
TestMapIterDeleteReplace/6067	pass	
TestMapIterDeleteReplace/6068	pass	
TestMapIterDeleteReplace/6069	pass	
TestMapIterDeleteReplace/607	pass	
TestMapIterDeleteReplace/6070	pass	
TestMapIterDeleteReplace/6071	pass	
TestMapIterDeleteReplace/6072	pass	
TestMapIterDeleteReplace/6073	pass	
TestMapIterDeleteReplace/6074	pass	
TestMapIterDeleteReplace/6075	pass	
TestMapIterDeleteReplace/6076	pass	
TestMapIterDeleteReplace/6077	pass	
TestMapIterDeleteReplace/6078	pass	
TestMapIterDeleteReplace/6079	pass	
TestMapIterDeleteReplace/608	pass	
TestMapIterDeleteReplace/6080	pass	
TestMapIterDeleteReplace/6081	pass	
TestMapIterDeleteReplace/6082	pass	
TestMapIterDeleteReplace/6083	pass	
TestMapIterDeleteReplace/6084	pass	
TestMapIterDeleteReplace/6085	pass	
TestMapIterDeleteReplace/6086	pass	
TestMapIterDeleteReplace/6087	pass	
TestMapIterDeleteReplace/6088	pass	
TestMapIterDeleteReplace/6089	pass	
TestMapIterDeleteReplace/609	pass	
TestMapIterDeleteReplace/6090	pass	
TestMapIterDeleteReplace/6091	pass	
TestMapIterDeleteReplace/6092	pass	
TestMapIterDeleteReplace/6093	pass	
TestMapIterDeleteReplace/6094	pass	
TestMapIterDeleteReplace/6095	pass	
TestMapIterDeleteReplace/6096	pass	
TestMapIterDeleteReplace/6097	pass	
TestMapIterDeleteReplace/6098	pass	
TestMapIterDeleteReplace/6099	pass	
TestMapIterDeleteReplace/61	pass	
TestMapIterDeleteReplace/610	pass	
TestMapIterDeleteReplace/6100	pass	
TestMapIterDeleteReplace/6101	pass	
TestMapIterDeleteReplace/6102	pass	
TestMapIterDeleteReplace/6103	pass	
TestMapIterDeleteReplace/6104	pass	
TestMapIterDeleteReplace/6105	pass	
TestMapIterDeleteReplace/6106	pass	
TestMapIterDeleteReplace/6107	pass	
TestMapIterDeleteReplace/6108	pass	
TestMapIterDeleteReplace/6109	pass	
TestMapIterDeleteReplace/611	pass	
TestMapIterDeleteReplace/6110	pass	
TestMapIterDeleteReplace/6111	pass	
TestMapIterDeleteReplace/6112	pass	
TestMapIterDeleteReplace/6113	pass	
TestMapIterDeleteReplace/6114	pass	
TestMapIterDeleteReplace/6115	pass	
TestMapIterDeleteReplace/6116	pass	
TestMapIterDeleteReplace/6117	pass	
TestMapIterDeleteReplace/6118	pass	
TestMapIterDeleteReplace/6119	pass	
TestMapIterDeleteReplace/612	pass	
TestMapIterDeleteReplace/6120	pass	
TestMapIterDeleteReplace/6121	pass	
TestMapIterDeleteReplace/6122	pass	
TestMapIterDeleteReplace/6123	pass	
TestMapIterDeleteReplace/6124	pass	
TestMapIterDeleteReplace/6125	pass	
TestMapIterDeleteReplace/6126	pass	
TestMapIterDeleteReplace/6127	pass	
TestMapIterDeleteReplace/6128	pass	
TestMapIterDeleteReplace/6129	pass	
TestMapIterDeleteReplace/613	pass	
TestMapIterDeleteReplace/6130	pass	
TestMapIterDeleteReplace/6131	pass	
TestMapIterDeleteReplace/6132	pass	
TestMapIterDeleteReplace/6133	pass	
TestMapIterDeleteReplace/6134	pass	
TestMapIterDeleteReplace/6135	pass	
TestMapIterDeleteReplace/6136	pass	
TestMapIterDeleteReplace/6137	pass	
TestMapIterDeleteReplace/6138	pass	
TestMapIterDeleteReplace/6139	pass	
TestMapIterDeleteReplace/614	pass	
TestMapIterDeleteReplace/6140	pass	
TestMapIterDeleteReplace/6141	pass	
TestMapIterDeleteReplace/6142	pass	
TestMapIterDeleteReplace/6143	pass	
TestMapIterDeleteReplace/6144	pass	
TestMapIterDeleteReplace/6145	pass	
TestMapIterDeleteReplace/6146	pass	
TestMapIterDeleteReplace/6147	pass	
TestMapIterDeleteReplace/6148	pass	
TestMapIterDeleteReplace/6149	pass	
TestMapIterDeleteReplace/615	pass	
TestMapIterDeleteReplace/6150	pass	
TestMapIterDeleteReplace/6151	pass	
TestMapIterDeleteReplace/6152	pass	
TestMapIterDeleteReplace/6153	pass	
TestMapIterDeleteReplace/6154	pass	
TestMapIterDeleteReplace/6155	pass	
TestMapIterDeleteReplace/6156	pass	
TestMapIterDeleteReplace/6157	pass	
TestMapIterDeleteReplace/6158	pass	
TestMapIterDeleteReplace/6159	pass	
TestMapIterDeleteReplace/616	pass	
TestMapIterDeleteReplace/6160	pass	
TestMapIterDeleteReplace/6161	pass	
TestMapIterDeleteReplace/6162	pass	
TestMapIterDeleteReplace/6163	pass	
TestMapIterDeleteReplace/6164	pass	
TestMapIterDeleteReplace/6165	pass	
TestMapIterDeleteReplace/6166	pass	
TestMapIterDeleteReplace/6167	pass	
TestMapIterDeleteReplace/6168	pass	
TestMapIterDeleteReplace/6169	pass	
TestMapIterDeleteReplace/617	pass	
TestMapIterDeleteReplace/6170	pass	
TestMapIterDeleteReplace/6171	pass	
TestMapIterDeleteReplace/6172	pass	
TestMapIterDeleteReplace/6173	pass	
TestMapIterDeleteReplace/6174	pass	
TestMapIterDeleteReplace/6175	pass	
TestMapIterDeleteReplace/6176	pass	
TestMapIterDeleteReplace/6177	pass	
TestMapIterDeleteReplace/6178	pass	
TestMapIterDeleteReplace/6179	pass	
TestMapIterDeleteReplace/618	pass	
TestMapIterDeleteReplace/6180	pass	
TestMapIterDeleteReplace/6181	pass	
TestMapIterDeleteReplace/6182	pass	
TestMapIterDeleteReplace/6183	pass	
TestMapIterDeleteReplace/6184	pass	
TestMapIterDeleteReplace/6185	pass	
TestMapIterDeleteReplace/6186	pass	
TestMapIterDeleteReplace/6187	pass	
TestMapIterDeleteReplace/6188	pass	
TestMapIterDeleteReplace/6189	pass	
TestMapIterDeleteReplace/619	pass	
TestMapIterDeleteReplace/6190	pass	
TestMapIterDeleteReplace/6191	pass	
TestMapIterDeleteReplace/6192	pass	
TestMapIterDeleteReplace/6193	pass	
TestMapIterDeleteReplace/6194	pass	
TestMapIterDeleteReplace/6195	pass	
TestMapIterDeleteReplace/6196	pass	
TestMapIterDeleteReplace/6197	pass	
TestMapIterDeleteReplace/6198	pass	
TestMapIterDeleteReplace/6199	pass	
TestMapIterDeleteReplace/62	pass	
TestMapIterDeleteReplace/620	pass	
TestMapIterDeleteReplace/6200	pass	
TestMapIterDeleteReplace/6201	pass	
TestMapIterDeleteReplace/6202	pass	
TestMapIterDeleteReplace/6203	pass	
TestMapIterDeleteReplace/6204	pass	
TestMapIterDeleteReplace/6205	pass	
TestMapIterDeleteReplace/6206	pass	
TestMapIterDeleteReplace/6207	pass	
TestMapIterDeleteReplace/6208	pass	
TestMapIterDeleteReplace/6209	pass	
TestMapIterDeleteReplace/621	pass	
TestMapIterDeleteReplace/6210	pass	
TestMapIterDeleteReplace/6211	pass	
TestMapIterDeleteReplace/6212	pass	
TestMapIterDeleteReplace/6213	pass	
TestMapIterDeleteReplace/6214	pass	
TestMapIterDeleteReplace/6215	pass	
TestMapIterDeleteReplace/6216	pass	
TestMapIterDeleteReplace/6217	pass	
TestMapIterDeleteReplace/6218	pass	
TestMapIterDeleteReplace/6219	pass	
TestMapIterDeleteReplace/622	pass	
TestMapIterDeleteReplace/6220	pass	
TestMapIterDeleteReplace/6221	pass	
TestMapIterDeleteReplace/6222	pass	
TestMapIterDeleteReplace/6223	pass	
TestMapIterDeleteReplace/6224	pass	
TestMapIterDeleteReplace/6225	pass	
TestMapIterDeleteReplace/6226	pass	
TestMapIterDeleteReplace/6227	pass	
TestMapIterDeleteReplace/6228	pass	
TestMapIterDeleteReplace/6229	pass	
TestMapIterDeleteReplace/623	pass	
TestMapIterDeleteReplace/6230	pass	
TestMapIterDeleteReplace/6231	pass	
TestMapIterDeleteReplace/6232	pass	
TestMapIterDeleteReplace/6233	pass	
TestMapIterDeleteReplace/6234	pass	
TestMapIterDeleteReplace/6235	pass	
TestMapIterDeleteReplace/6236	pass	
TestMapIterDeleteReplace/6237	pass	
TestMapIterDeleteReplace/6238	pass	
TestMapIterDeleteReplace/6239	pass	
TestMapIterDeleteReplace/624	pass	
TestMapIterDeleteReplace/6240	pass	
TestMapIterDeleteReplace/6241	pass	
TestMapIterDeleteReplace/6242	pass	
TestMapIterDeleteReplace/6243	pass	
TestMapIterDeleteReplace/6244	pass	
TestMapIterDeleteReplace/6245	pass	
TestMapIterDeleteReplace/6246	pass	
TestMapIterDeleteReplace/6247	pass	
TestMapIterDeleteReplace/6248	pass	
TestMapIterDeleteReplace/6249	pass	
TestMapIterDeleteReplace/625	pass	
TestMapIterDeleteReplace/6250	pass	
TestMapIterDeleteReplace/6251	pass	
TestMapIterDeleteReplace/6252	pass	
TestMapIterDeleteReplace/6253	pass	
TestMapIterDeleteReplace/6254	pass	
TestMapIterDeleteReplace/6255	pass	
TestMapIterDeleteReplace/6256	pass	
TestMapIterDeleteReplace/6257	pass	
TestMapIterDeleteReplace/6258	pass	
TestMapIterDeleteReplace/6259	pass	
TestMapIterDeleteReplace/626	pass	
TestMapIterDeleteReplace/6260	pass	
TestMapIterDeleteReplace/6261	pass	
TestMapIterDeleteReplace/6262	pass	
TestMapIterDeleteReplace/6263	pass	
TestMapIterDeleteReplace/6264	pass	
TestMapIterDeleteReplace/6265	pass	
TestMapIterDeleteReplace/6266	pass	
TestMapIterDeleteReplace/6267	pass	
TestMapIterDeleteReplace/6268	pass	
TestMapIterDeleteReplace/6269	pass	
TestMapIterDeleteReplace/627	pass	
TestMapIterDeleteReplace/6270	pass	
TestMapIterDeleteReplace/6271	pass	
TestMapIterDeleteReplace/6272	pass	
TestMapIterDeleteReplace/6273	pass	
TestMapIterDeleteReplace/6274	pass	
TestMapIterDeleteReplace/6275	pass	
TestMapIterDeleteReplace/6276	pass	
TestMapIterDeleteReplace/6277	pass	
TestMapIterDeleteReplace/6278	pass	
TestMapIterDeleteReplace/6279	pass	
TestMapIterDeleteReplace/628	pass	
TestMapIterDeleteReplace/6280	pass	
TestMapIterDeleteReplace/6281	pass	
TestMapIterDeleteReplace/6282	pass	
TestMapIterDeleteReplace/6283	pass	
TestMapIterDeleteReplace/6284	pass	
TestMapIterDeleteReplace/6285	pass	
TestMapIterDeleteReplace/6286	pass	
TestMapIterDeleteReplace/6287	pass	
TestMapIterDeleteReplace/6288	pass	
TestMapIterDeleteReplace/6289	pass	
TestMapIterDeleteReplace/629	pass	
TestMapIterDeleteReplace/6290	pass	
TestMapIterDeleteReplace/6291	pass	
TestMapIterDeleteReplace/6292	pass	
TestMapIterDeleteReplace/6293	pass	
TestMapIterDeleteReplace/6294	pass	
TestMapIterDeleteReplace/6295	pass	
TestMapIterDeleteReplace/6296	pass	
TestMapIterDeleteReplace/6297	pass	
TestMapIterDeleteReplace/6298	pass	
TestMapIterDeleteReplace/6299	pass	
TestMapIterDeleteReplace/63	pass	
TestMapIterDeleteReplace/630	pass	
TestMapIterDeleteReplace/6300	pass	
TestMapIterDeleteReplace/6301	pass	
TestMapIterDeleteReplace/6302	pass	
TestMapIterDeleteReplace/6303	pass	
TestMapIterDeleteReplace/6304	pass	
TestMapIterDeleteReplace/6305	pass	
TestMapIterDeleteReplace/6306	pass	
TestMapIterDeleteReplace/6307	pass	
TestMapIterDeleteReplace/6308	pass	
TestMapIterDeleteReplace/6309	pass	
TestMapIterDeleteReplace/631	pass	
TestMapIterDeleteReplace/6310	pass	
TestMapIterDeleteReplace/6311	pass	
TestMapIterDeleteReplace/6312	pass	
TestMapIterDeleteReplace/6313	pass	
TestMapIterDeleteReplace/6314	pass	
TestMapIterDeleteReplace/6315	pass	
TestMapIterDeleteReplace/6316	pass	
TestMapIterDeleteReplace/6317	pass	
TestMapIterDeleteReplace/6318	pass	
TestMapIterDeleteReplace/6319	pass	
TestMapIterDeleteReplace/632	pass	
TestMapIterDeleteReplace/6320	pass	
TestMapIterDeleteReplace/6321	pass	
TestMapIterDeleteReplace/6322	pass	
TestMapIterDeleteReplace/6323	pass	
TestMapIterDeleteReplace/6324	pass	
TestMapIterDeleteReplace/6325	pass	
TestMapIterDeleteReplace/6326	pass	
TestMapIterDeleteReplace/6327	pass	
TestMapIterDeleteReplace/6328	pass	
TestMapIterDeleteReplace/6329	pass	
TestMapIterDeleteReplace/633	pass	
TestMapIterDeleteReplace/6330	pass	
TestMapIterDeleteReplace/6331	pass	
TestMapIterDeleteReplace/6332	pass	
TestMapIterDeleteReplace/6333	pass	
TestMapIterDeleteReplace/6334	pass	
TestMapIterDeleteReplace/6335	pass	
TestMapIterDeleteReplace/6336	pass	
TestMapIterDeleteReplace/6337	pass	
TestMapIterDeleteReplace/6338	pass	
TestMapIterDeleteReplace/6339	pass	
TestMapIterDeleteReplace/634	pass	
TestMapIterDeleteReplace/6340	pass	
TestMapIterDeleteReplace/6341	pass	
TestMapIterDeleteReplace/6342	pass	
TestMapIterDeleteReplace/6343	pass	
TestMapIterDeleteReplace/6344	pass	
TestMapIterDeleteReplace/6345	pass	
TestMapIterDeleteReplace/6346	pass	
TestMapIterDeleteReplace/6347	pass	
TestMapIterDeleteReplace/6348	pass	
TestMapIterDeleteReplace/6349	pass	
TestMapIterDeleteReplace/635	pass	
TestMapIterDeleteReplace/6350	pass	
TestMapIterDeleteReplace/6351	pass	
TestMapIterDeleteReplace/6352	pass	
TestMapIterDeleteReplace/6353	pass	
TestMapIterDeleteReplace/6354	pass	
TestMapIterDeleteReplace/6355	pass	
TestMapIterDeleteReplace/6356	pass	
TestMapIterDeleteReplace/6357	pass	
TestMapIterDeleteReplace/6358	pass	
TestMapIterDeleteReplace/6359	pass	
TestMapIterDeleteReplace/636	pass	
TestMapIterDeleteReplace/6360	pass	
TestMapIterDeleteReplace/6361	pass	
TestMapIterDeleteReplace/6362	pass	
TestMapIterDeleteReplace/6363	pass	
TestMapIterDeleteReplace/6364	pass	
TestMapIterDeleteReplace/6365	pass	
TestMapIterDeleteReplace/6366	pass	
TestMapIterDeleteReplace/6367	pass	
TestMapIterDeleteReplace/6368	pass	
TestMapIterDeleteReplace/6369	pass	
TestMapIterDeleteReplace/637	pass	
TestMapIterDeleteReplace/6370	pass	
TestMapIterDeleteReplace/6371	pass	
TestMapIterDeleteReplace/6372	pass	
TestMapIterDeleteReplace/6373	pass	
TestMapIterDeleteReplace/6374	pass	
TestMapIterDeleteReplace/6375	pass	
TestMapIterDeleteReplace/6376	pass	
TestMapIterDeleteReplace/6377	pass	
TestMapIterDeleteReplace/6378	pass	
TestMapIterDeleteReplace/6379	pass	
TestMapIterDeleteReplace/638	pass	
TestMapIterDeleteReplace/6380	pass	
TestMapIterDeleteReplace/6381	pass	
TestMapIterDeleteReplace/6382	pass	
TestMapIterDeleteReplace/6383	pass	
TestMapIterDeleteReplace/6384	pass	
TestMapIterDeleteReplace/6385	pass	
TestMapIterDeleteReplace/6386	pass	
TestMapIterDeleteReplace/6387	pass	
TestMapIterDeleteReplace/6388	pass	
TestMapIterDeleteReplace/6389	pass	
TestMapIterDeleteReplace/639	pass	
TestMapIterDeleteReplace/6390	pass	
TestMapIterDeleteReplace/6391	pass	
TestMapIterDeleteReplace/6392	pass	
TestMapIterDeleteReplace/6393	pass	
TestMapIterDeleteReplace/6394	pass	
TestMapIterDeleteReplace/6395	pass	
TestMapIterDeleteReplace/6396	pass	
TestMapIterDeleteReplace/6397	pass	
TestMapIterDeleteReplace/6398	pass	
TestMapIterDeleteReplace/6399	pass	
TestMapIterDeleteReplace/64	pass	
TestMapIterDeleteReplace/640	pass	
TestMapIterDeleteReplace/6400	pass	
TestMapIterDeleteReplace/6401	pass	
TestMapIterDeleteReplace/6402	pass	
TestMapIterDeleteReplace/6403	pass	
TestMapIterDeleteReplace/6404	pass	
TestMapIterDeleteReplace/6405	pass	
TestMapIterDeleteReplace/6406	pass	
TestMapIterDeleteReplace/6407	pass	
TestMapIterDeleteReplace/6408	pass	
TestMapIterDeleteReplace/6409	pass	
TestMapIterDeleteReplace/641	pass	
TestMapIterDeleteReplace/6410	pass	
TestMapIterDeleteReplace/6411	pass	
TestMapIterDeleteReplace/6412	pass	
TestMapIterDeleteReplace/6413	pass	
TestMapIterDeleteReplace/6414	pass	
TestMapIterDeleteReplace/6415	pass	
TestMapIterDeleteReplace/6416	pass	
TestMapIterDeleteReplace/6417	pass	
TestMapIterDeleteReplace/6418	pass	
TestMapIterDeleteReplace/6419	pass	
TestMapIterDeleteReplace/642	pass	
TestMapIterDeleteReplace/6420	pass	
TestMapIterDeleteReplace/6421	pass	
TestMapIterDeleteReplace/6422	pass	
TestMapIterDeleteReplace/6423	pass	
TestMapIterDeleteReplace/6424	pass	
TestMapIterDeleteReplace/6425	pass	
TestMapIterDeleteReplace/6426	pass	
TestMapIterDeleteReplace/6427	pass	
TestMapIterDeleteReplace/6428	pass	
TestMapIterDeleteReplace/6429	pass	
TestMapIterDeleteReplace/643	pass	
TestMapIterDeleteReplace/6430	pass	
TestMapIterDeleteReplace/6431	pass	
TestMapIterDeleteReplace/6432	pass	
TestMapIterDeleteReplace/6433	pass	
TestMapIterDeleteReplace/6434	pass	
TestMapIterDeleteReplace/6435	pass	
TestMapIterDeleteReplace/6436	pass	
TestMapIterDeleteReplace/6437	pass	
TestMapIterDeleteReplace/6438	pass	
TestMapIterDeleteReplace/6439	pass	
TestMapIterDeleteReplace/644	pass	
TestMapIterDeleteReplace/6440	pass	
TestMapIterDeleteReplace/6441	pass	
TestMapIterDeleteReplace/6442	pass	
TestMapIterDeleteReplace/6443	pass	
TestMapIterDeleteReplace/6444	pass	
TestMapIterDeleteReplace/6445	pass	
TestMapIterDeleteReplace/6446	pass	
TestMapIterDeleteReplace/6447	pass	
TestMapIterDeleteReplace/6448	pass	
TestMapIterDeleteReplace/6449	pass	
TestMapIterDeleteReplace/645	pass	
TestMapIterDeleteReplace/6450	pass	
TestMapIterDeleteReplace/6451	pass	
TestMapIterDeleteReplace/6452	pass	
TestMapIterDeleteReplace/6453	pass	
TestMapIterDeleteReplace/6454	pass	
TestMapIterDeleteReplace/6455	pass	
TestMapIterDeleteReplace/6456	pass	
TestMapIterDeleteReplace/6457	pass	
TestMapIterDeleteReplace/6458	pass	
TestMapIterDeleteReplace/6459	pass	
TestMapIterDeleteReplace/646	pass	
TestMapIterDeleteReplace/6460	pass	
TestMapIterDeleteReplace/6461	pass	
TestMapIterDeleteReplace/6462	pass	
TestMapIterDeleteReplace/6463	pass	
TestMapIterDeleteReplace/6464	pass	
TestMapIterDeleteReplace/6465	pass	
TestMapIterDeleteReplace/6466	pass	
TestMapIterDeleteReplace/6467	pass	
TestMapIterDeleteReplace/6468	pass	
TestMapIterDeleteReplace/6469	pass	
TestMapIterDeleteReplace/647	pass	
TestMapIterDeleteReplace/6470	pass	
TestMapIterDeleteReplace/6471	pass	
TestMapIterDeleteReplace/6472	pass	
TestMapIterDeleteReplace/6473	pass	
TestMapIterDeleteReplace/6474	pass	
TestMapIterDeleteReplace/6475	pass	
TestMapIterDeleteReplace/6476	pass	
TestMapIterDeleteReplace/6477	pass	
TestMapIterDeleteReplace/6478	pass	
TestMapIterDeleteReplace/6479	pass	
TestMapIterDeleteReplace/648	pass	
TestMapIterDeleteReplace/6480	pass	
TestMapIterDeleteReplace/6481	pass	
TestMapIterDeleteReplace/6482	pass	
TestMapIterDeleteReplace/6483	pass	
TestMapIterDeleteReplace/6484	pass	
TestMapIterDeleteReplace/6485	pass	
TestMapIterDeleteReplace/6486	pass	
TestMapIterDeleteReplace/6487	pass	
TestMapIterDeleteReplace/6488	pass	
TestMapIterDeleteReplace/6489	pass	
TestMapIterDeleteReplace/649	pass	
TestMapIterDeleteReplace/6490	pass	
TestMapIterDeleteReplace/6491	pass	
TestMapIterDeleteReplace/6492	pass	
TestMapIterDeleteReplace/6493	pass	
TestMapIterDeleteReplace/6494	pass	
TestMapIterDeleteReplace/6495	pass	
TestMapIterDeleteReplace/6496	pass	
TestMapIterDeleteReplace/6497	pass	
TestMapIterDeleteReplace/6498	pass	
TestMapIterDeleteReplace/6499	pass	
TestMapIterDeleteReplace/65	pass	
TestMapIterDeleteReplace/650	pass	
TestMapIterDeleteReplace/6500	pass	
TestMapIterDeleteReplace/6501	pass	
TestMapIterDeleteReplace/6502	pass	
TestMapIterDeleteReplace/6503	pass	
TestMapIterDeleteReplace/6504	pass	
TestMapIterDeleteReplace/6505	pass	
TestMapIterDeleteReplace/6506	pass	
TestMapIterDeleteReplace/6507	pass	
TestMapIterDeleteReplace/6508	pass	
TestMapIterDeleteReplace/6509	pass	
TestMapIterDeleteReplace/651	pass	
TestMapIterDeleteReplace/6510	pass	
TestMapIterDeleteReplace/6511	pass	
TestMapIterDeleteReplace/6512	pass	
TestMapIterDeleteReplace/6513	pass	
TestMapIterDeleteReplace/6514	pass	
TestMapIterDeleteReplace/6515	pass	
TestMapIterDeleteReplace/6516	pass	
TestMapIterDeleteReplace/6517	pass	
TestMapIterDeleteReplace/6518	pass	
TestMapIterDeleteReplace/6519	pass	
TestMapIterDeleteReplace/652	pass	
TestMapIterDeleteReplace/6520	pass	
TestMapIterDeleteReplace/6521	pass	
TestMapIterDeleteReplace/6522	pass	
TestMapIterDeleteReplace/6523	pass	
TestMapIterDeleteReplace/6524	pass	
TestMapIterDeleteReplace/6525	pass	
TestMapIterDeleteReplace/6526	pass	
TestMapIterDeleteReplace/6527	pass	
TestMapIterDeleteReplace/6528	pass	
TestMapIterDeleteReplace/6529	pass	
TestMapIterDeleteReplace/653	pass	
TestMapIterDeleteReplace/6530	pass	
TestMapIterDeleteReplace/6531	pass	
TestMapIterDeleteReplace/6532	pass	
TestMapIterDeleteReplace/6533	pass	
TestMapIterDeleteReplace/6534	pass	
TestMapIterDeleteReplace/6535	pass	
TestMapIterDeleteReplace/6536	pass	
TestMapIterDeleteReplace/6537	pass	
TestMapIterDeleteReplace/6538	pass	
TestMapIterDeleteReplace/6539	pass	
TestMapIterDeleteReplace/654	pass	
TestMapIterDeleteReplace/6540	pass	
TestMapIterDeleteReplace/6541	pass	
TestMapIterDeleteReplace/6542	pass	
TestMapIterDeleteReplace/6543	pass	
TestMapIterDeleteReplace/6544	pass	
TestMapIterDeleteReplace/6545	pass	
TestMapIterDeleteReplace/6546	pass	
TestMapIterDeleteReplace/6547	pass	
TestMapIterDeleteReplace/6548	pass	
TestMapIterDeleteReplace/6549	pass	
TestMapIterDeleteReplace/655	pass	
TestMapIterDeleteReplace/6550	pass	
TestMapIterDeleteReplace/6551	pass	
TestMapIterDeleteReplace/6552	pass	
TestMapIterDeleteReplace/6553	pass	
TestMapIterDeleteReplace/6554	pass	
TestMapIterDeleteReplace/6555	pass	
TestMapIterDeleteReplace/6556	pass	
TestMapIterDeleteReplace/6557	pass	
TestMapIterDeleteReplace/6558	pass	
TestMapIterDeleteReplace/6559	pass	
TestMapIterDeleteReplace/656	pass	
TestMapIterDeleteReplace/6560	pass	
TestMapIterDeleteReplace/6561	pass	
TestMapIterDeleteReplace/6562	pass	
TestMapIterDeleteReplace/6563	pass	
TestMapIterDeleteReplace/6564	pass	
TestMapIterDeleteReplace/6565	pass	
TestMapIterDeleteReplace/6566	pass	
TestMapIterDeleteReplace/6567	pass	
TestMapIterDeleteReplace/6568	pass	
TestMapIterDeleteReplace/6569	pass	
TestMapIterDeleteReplace/657	pass	
TestMapIterDeleteReplace/6570	pass	
TestMapIterDeleteReplace/6571	pass	
TestMapIterDeleteReplace/6572	pass	
TestMapIterDeleteReplace/6573	pass	
TestMapIterDeleteReplace/6574	pass	
TestMapIterDeleteReplace/6575	pass	
TestMapIterDeleteReplace/6576	pass	
TestMapIterDeleteReplace/6577	pass	
TestMapIterDeleteReplace/6578	pass	
TestMapIterDeleteReplace/6579	pass	
TestMapIterDeleteReplace/658	pass	
TestMapIterDeleteReplace/6580	pass	
TestMapIterDeleteReplace/6581	pass	
TestMapIterDeleteReplace/6582	pass	
TestMapIterDeleteReplace/6583	pass	
TestMapIterDeleteReplace/6584	pass	
TestMapIterDeleteReplace/6585	pass	
TestMapIterDeleteReplace/6586	pass	
TestMapIterDeleteReplace/6587	pass	
TestMapIterDeleteReplace/6588	pass	
TestMapIterDeleteReplace/6589	pass	
TestMapIterDeleteReplace/659	pass	
TestMapIterDeleteReplace/6590	pass	
TestMapIterDeleteReplace/6591	pass	
TestMapIterDeleteReplace/6592	pass	
TestMapIterDeleteReplace/6593	pass	
TestMapIterDeleteReplace/6594	pass	
TestMapIterDeleteReplace/6595	pass	
TestMapIterDeleteReplace/6596	pass	
TestMapIterDeleteReplace/6597	pass	
TestMapIterDeleteReplace/6598	pass	
TestMapIterDeleteReplace/6599	pass	
TestMapIterDeleteReplace/66	pass	
TestMapIterDeleteReplace/660	pass	
TestMapIterDeleteReplace/6600	pass	
TestMapIterDeleteReplace/6601	pass	
TestMapIterDeleteReplace/6602	pass	
TestMapIterDeleteReplace/6603	pass	
TestMapIterDeleteReplace/6604	pass	
TestMapIterDeleteReplace/6605	pass	
TestMapIterDeleteReplace/6606	pass	
TestMapIterDeleteReplace/6607	pass	
TestMapIterDeleteReplace/6608	pass	
TestMapIterDeleteReplace/6609	pass	
TestMapIterDeleteReplace/661	pass	
TestMapIterDeleteReplace/6610	pass	
TestMapIterDeleteReplace/6611	pass	
TestMapIterDeleteReplace/6612	pass	
TestMapIterDeleteReplace/6613	pass	
TestMapIterDeleteReplace/6614	pass	
TestMapIterDeleteReplace/6615	pass	
TestMapIterDeleteReplace/6616	pass	
TestMapIterDeleteReplace/6617	pass	
TestMapIterDeleteReplace/6618	pass	
TestMapIterDeleteReplace/6619	pass	
TestMapIterDeleteReplace/662	pass	
TestMapIterDeleteReplace/6620	pass	
TestMapIterDeleteReplace/6621	pass	
TestMapIterDeleteReplace/6622	pass	
TestMapIterDeleteReplace/6623	pass	
TestMapIterDeleteReplace/6624	pass	
TestMapIterDeleteReplace/6625	pass	
TestMapIterDeleteReplace/6626	pass	
TestMapIterDeleteReplace/6627	pass	
TestMapIterDeleteReplace/6628	pass	
TestMapIterDeleteReplace/6629	pass	
TestMapIterDeleteReplace/663	pass	
TestMapIterDeleteReplace/6630	pass	
TestMapIterDeleteReplace/6631	pass	
TestMapIterDeleteReplace/6632	pass	
TestMapIterDeleteReplace/6633	pass	
TestMapIterDeleteReplace/6634	pass	
TestMapIterDeleteReplace/6635	pass	
TestMapIterDeleteReplace/6636	pass	
TestMapIterDeleteReplace/6637	pass	
TestMapIterDeleteReplace/6638	pass	
TestMapIterDeleteReplace/6639	pass	
TestMapIterDeleteReplace/664	pass	
TestMapIterDeleteReplace/6640	pass	
TestMapIterDeleteReplace/6641	pass	
TestMapIterDeleteReplace/6642	pass	
TestMapIterDeleteReplace/6643	pass	
TestMapIterDeleteReplace/6644	pass	
TestMapIterDeleteReplace/6645	pass	
TestMapIterDeleteReplace/6646	pass	
TestMapIterDeleteReplace/6647	pass	
TestMapIterDeleteReplace/6648	pass	
TestMapIterDeleteReplace/6649	pass	
TestMapIterDeleteReplace/665	pass	
TestMapIterDeleteReplace/6650	pass	
TestMapIterDeleteReplace/6651	pass	
TestMapIterDeleteReplace/6652	pass	
TestMapIterDeleteReplace/6653	pass	
TestMapIterDeleteReplace/6654	pass	
TestMapIterDeleteReplace/6655	pass	
TestMapIterDeleteReplace/6656	pass	
TestMapIterDeleteReplace/6657	pass	
TestMapIterDeleteReplace/6658	pass	
TestMapIterDeleteReplace/6659	pass	
TestMapIterDeleteReplace/666	pass	
TestMapIterDeleteReplace/6660	pass	
TestMapIterDeleteReplace/6661	pass	
TestMapIterDeleteReplace/6662	pass	
TestMapIterDeleteReplace/6663	pass	
TestMapIterDeleteReplace/6664	pass	
TestMapIterDeleteReplace/6665	pass	
TestMapIterDeleteReplace/6666	pass	
TestMapIterDeleteReplace/6667	pass	
TestMapIterDeleteReplace/6668	pass	
TestMapIterDeleteReplace/6669	pass	
TestMapIterDeleteReplace/667	pass	
TestMapIterDeleteReplace/6670	pass	
TestMapIterDeleteReplace/6671	pass	
TestMapIterDeleteReplace/6672	pass	
TestMapIterDeleteReplace/6673	pass	
TestMapIterDeleteReplace/6674	pass	
TestMapIterDeleteReplace/6675	pass	
TestMapIterDeleteReplace/6676	pass	
TestMapIterDeleteReplace/6677	pass	
TestMapIterDeleteReplace/6678	pass	
TestMapIterDeleteReplace/6679	pass	
TestMapIterDeleteReplace/668	pass	
TestMapIterDeleteReplace/6680	pass	
TestMapIterDeleteReplace/6681	pass	
TestMapIterDeleteReplace/6682	pass	
TestMapIterDeleteReplace/6683	pass	
TestMapIterDeleteReplace/6684	pass	
TestMapIterDeleteReplace/6685	pass	
TestMapIterDeleteReplace/6686	pass	
TestMapIterDeleteReplace/6687	pass	
TestMapIterDeleteReplace/6688	pass	
TestMapIterDeleteReplace/6689	pass	
TestMapIterDeleteReplace/669	pass	
TestMapIterDeleteReplace/6690	pass	
TestMapIterDeleteReplace/6691	pass	
TestMapIterDeleteReplace/6692	pass	
TestMapIterDeleteReplace/6693	pass	
TestMapIterDeleteReplace/6694	pass	
TestMapIterDeleteReplace/6695	pass	
TestMapIterDeleteReplace/6696	pass	
TestMapIterDeleteReplace/6697	pass	
TestMapIterDeleteReplace/6698	pass	
TestMapIterDeleteReplace/6699	pass	
TestMapIterDeleteReplace/67	pass	
TestMapIterDeleteReplace/670	pass	
TestMapIterDeleteReplace/6700	pass	
TestMapIterDeleteReplace/6701	pass	
TestMapIterDeleteReplace/6702	pass	
TestMapIterDeleteReplace/6703	pass	
TestMapIterDeleteReplace/6704	pass	
TestMapIterDeleteReplace/6705	pass	
TestMapIterDeleteReplace/6706	pass	
TestMapIterDeleteReplace/6707	pass	
TestMapIterDeleteReplace/6708	pass	
TestMapIterDeleteReplace/6709	pass	
TestMapIterDeleteReplace/671	pass	
TestMapIterDeleteReplace/6710	pass	
TestMapIterDeleteReplace/6711	pass	
TestMapIterDeleteReplace/6712	pass	
TestMapIterDeleteReplace/6713	pass	
TestMapIterDeleteReplace/6714	pass	
TestMapIterDeleteReplace/6715	pass	
TestMapIterDeleteReplace/6716	pass	
TestMapIterDeleteReplace/6717	pass	
TestMapIterDeleteReplace/6718	pass	
TestMapIterDeleteReplace/6719	pass	
TestMapIterDeleteReplace/672	pass	
TestMapIterDeleteReplace/6720	pass	
TestMapIterDeleteReplace/6721	pass	
TestMapIterDeleteReplace/6722	pass	
TestMapIterDeleteReplace/6723	pass	
TestMapIterDeleteReplace/6724	pass	
TestMapIterDeleteReplace/6725	pass	
TestMapIterDeleteReplace/6726	pass	
TestMapIterDeleteReplace/6727	pass	
TestMapIterDeleteReplace/6728	pass	
TestMapIterDeleteReplace/6729	pass	
TestMapIterDeleteReplace/673	pass	
TestMapIterDeleteReplace/6730	pass	
TestMapIterDeleteReplace/6731	pass	
TestMapIterDeleteReplace/6732	pass	
TestMapIterDeleteReplace/6733	pass	
TestMapIterDeleteReplace/6734	pass	
TestMapIterDeleteReplace/6735	pass	
TestMapIterDeleteReplace/6736	pass	
TestMapIterDeleteReplace/6737	pass	
TestMapIterDeleteReplace/6738	pass	
TestMapIterDeleteReplace/6739	pass	
TestMapIterDeleteReplace/674	pass	
TestMapIterDeleteReplace/6740	pass	
TestMapIterDeleteReplace/6741	pass	
TestMapIterDeleteReplace/6742	pass	
TestMapIterDeleteReplace/6743	pass	
TestMapIterDeleteReplace/6744	pass	
TestMapIterDeleteReplace/6745	pass	
TestMapIterDeleteReplace/6746	pass	
TestMapIterDeleteReplace/6747	pass	
TestMapIterDeleteReplace/6748	pass	
TestMapIterDeleteReplace/6749	pass	
TestMapIterDeleteReplace/675	pass	
TestMapIterDeleteReplace/6750	pass	
TestMapIterDeleteReplace/6751	pass	
TestMapIterDeleteReplace/6752	pass	
TestMapIterDeleteReplace/6753	pass	
TestMapIterDeleteReplace/6754	pass	
TestMapIterDeleteReplace/6755	pass	
TestMapIterDeleteReplace/6756	pass	
TestMapIterDeleteReplace/6757	pass	
TestMapIterDeleteReplace/6758	pass	
TestMapIterDeleteReplace/6759	pass	
TestMapIterDeleteReplace/676	pass	
TestMapIterDeleteReplace/6760	pass	
TestMapIterDeleteReplace/6761	pass	
TestMapIterDeleteReplace/6762	pass	
TestMapIterDeleteReplace/6763	pass	
TestMapIterDeleteReplace/6764	pass	
TestMapIterDeleteReplace/6765	pass	
TestMapIterDeleteReplace/6766	pass	
TestMapIterDeleteReplace/6767	pass	
TestMapIterDeleteReplace/6768	pass	
TestMapIterDeleteReplace/6769	pass	
TestMapIterDeleteReplace/677	pass	
TestMapIterDeleteReplace/6770	pass	
TestMapIterDeleteReplace/6771	pass	
TestMapIterDeleteReplace/6772	pass	
TestMapIterDeleteReplace/6773	pass	
TestMapIterDeleteReplace/6774	pass	
TestMapIterDeleteReplace/6775	pass	
TestMapIterDeleteReplace/6776	pass	
TestMapIterDeleteReplace/6777	pass	
TestMapIterDeleteReplace/6778	pass	
TestMapIterDeleteReplace/6779	pass	
TestMapIterDeleteReplace/678	pass	
TestMapIterDeleteReplace/6780	pass	
TestMapIterDeleteReplace/6781	pass	
TestMapIterDeleteReplace/6782	pass	
TestMapIterDeleteReplace/6783	pass	
TestMapIterDeleteReplace/6784	pass	
TestMapIterDeleteReplace/6785	pass	
TestMapIterDeleteReplace/6786	pass	
TestMapIterDeleteReplace/6787	pass	
TestMapIterDeleteReplace/6788	pass	
TestMapIterDeleteReplace/6789	pass	
TestMapIterDeleteReplace/679	pass	
TestMapIterDeleteReplace/6790	pass	
TestMapIterDeleteReplace/6791	pass	
TestMapIterDeleteReplace/6792	pass	
TestMapIterDeleteReplace/6793	pass	
TestMapIterDeleteReplace/6794	pass	
TestMapIterDeleteReplace/6795	pass	
TestMapIterDeleteReplace/6796	pass	
TestMapIterDeleteReplace/6797	pass	
TestMapIterDeleteReplace/6798	pass	
TestMapIterDeleteReplace/6799	pass	
TestMapIterDeleteReplace/68	pass	
TestMapIterDeleteReplace/680	pass	
TestMapIterDeleteReplace/6800	pass	
TestMapIterDeleteReplace/6801	pass	
TestMapIterDeleteReplace/6802	pass	
TestMapIterDeleteReplace/6803	pass	
TestMapIterDeleteReplace/6804	pass	
TestMapIterDeleteReplace/6805	pass	
TestMapIterDeleteReplace/6806	pass	
TestMapIterDeleteReplace/6807	pass	
TestMapIterDeleteReplace/6808	pass	
TestMapIterDeleteReplace/6809	pass	
TestMapIterDeleteReplace/681	pass	
TestMapIterDeleteReplace/6810	pass	
TestMapIterDeleteReplace/6811	pass	
TestMapIterDeleteReplace/6812	pass	
TestMapIterDeleteReplace/6813	pass	
TestMapIterDeleteReplace/6814	pass	
TestMapIterDeleteReplace/6815	pass	
TestMapIterDeleteReplace/6816	pass	
TestMapIterDeleteReplace/6817	pass	
TestMapIterDeleteReplace/6818	pass	
TestMapIterDeleteReplace/6819	pass	
TestMapIterDeleteReplace/682	pass	
TestMapIterDeleteReplace/6820	pass	
TestMapIterDeleteReplace/6821	pass	
TestMapIterDeleteReplace/6822	pass	
TestMapIterDeleteReplace/6823	pass	
TestMapIterDeleteReplace/6824	pass	
TestMapIterDeleteReplace/6825	pass	
TestMapIterDeleteReplace/6826	pass	
TestMapIterDeleteReplace/6827	pass	
TestMapIterDeleteReplace/6828	pass	
TestMapIterDeleteReplace/6829	pass	
TestMapIterDeleteReplace/683	pass	
TestMapIterDeleteReplace/6830	pass	
TestMapIterDeleteReplace/6831	pass	
TestMapIterDeleteReplace/6832	pass	
TestMapIterDeleteReplace/6833	pass	
TestMapIterDeleteReplace/6834	pass	
TestMapIterDeleteReplace/6835	pass	
TestMapIterDeleteReplace/6836	pass	
TestMapIterDeleteReplace/6837	pass	
TestMapIterDeleteReplace/6838	pass	
TestMapIterDeleteReplace/6839	pass	
TestMapIterDeleteReplace/684	pass	
TestMapIterDeleteReplace/6840	pass	
TestMapIterDeleteReplace/6841	pass	
TestMapIterDeleteReplace/6842	pass	
TestMapIterDeleteReplace/6843	pass	
TestMapIterDeleteReplace/6844	pass	
TestMapIterDeleteReplace/6845	pass	
TestMapIterDeleteReplace/6846	pass	
TestMapIterDeleteReplace/6847	pass	
TestMapIterDeleteReplace/6848	pass	
TestMapIterDeleteReplace/6849	pass	
TestMapIterDeleteReplace/685	pass	
TestMapIterDeleteReplace/6850	pass	
TestMapIterDeleteReplace/6851	pass	
TestMapIterDeleteReplace/6852	pass	
TestMapIterDeleteReplace/6853	pass	
TestMapIterDeleteReplace/6854	pass	
TestMapIterDeleteReplace/6855	pass	
TestMapIterDeleteReplace/6856	pass	
TestMapIterDeleteReplace/6857	pass	
TestMapIterDeleteReplace/6858	pass	
TestMapIterDeleteReplace/6859	pass	
TestMapIterDeleteReplace/686	pass	
TestMapIterDeleteReplace/6860	pass	
TestMapIterDeleteReplace/6861	pass	
TestMapIterDeleteReplace/6862	pass	
TestMapIterDeleteReplace/6863	pass	
TestMapIterDeleteReplace/6864	pass	
TestMapIterDeleteReplace/6865	pass	
TestMapIterDeleteReplace/6866	pass	
TestMapIterDeleteReplace/6867	pass	
TestMapIterDeleteReplace/6868	pass	
TestMapIterDeleteReplace/6869	pass	
TestMapIterDeleteReplace/687	pass	
TestMapIterDeleteReplace/6870	pass	
TestMapIterDeleteReplace/6871	pass	
TestMapIterDeleteReplace/6872	pass	
TestMapIterDeleteReplace/6873	pass	
TestMapIterDeleteReplace/6874	pass	
TestMapIterDeleteReplace/6875	pass	
TestMapIterDeleteReplace/6876	pass	
TestMapIterDeleteReplace/6877	pass	
TestMapIterDeleteReplace/6878	pass	
TestMapIterDeleteReplace/6879	pass	
TestMapIterDeleteReplace/688	pass	
TestMapIterDeleteReplace/6880	pass	
TestMapIterDeleteReplace/6881	pass	
TestMapIterDeleteReplace/6882	pass	
TestMapIterDeleteReplace/6883	pass	
TestMapIterDeleteReplace/6884	pass	
TestMapIterDeleteReplace/6885	pass	
TestMapIterDeleteReplace/6886	pass	
TestMapIterDeleteReplace/6887	pass	
TestMapIterDeleteReplace/6888	pass	
TestMapIterDeleteReplace/6889	pass	
TestMapIterDeleteReplace/689	pass	
TestMapIterDeleteReplace/6890	pass	
TestMapIterDeleteReplace/6891	pass	
TestMapIterDeleteReplace/6892	pass	
TestMapIterDeleteReplace/6893	pass	
TestMapIterDeleteReplace/6894	pass	
TestMapIterDeleteReplace/6895	pass	
TestMapIterDeleteReplace/6896	pass	
TestMapIterDeleteReplace/6897	pass	
TestMapIterDeleteReplace/6898	pass	
TestMapIterDeleteReplace/6899	pass	
TestMapIterDeleteReplace/69	pass	
TestMapIterDeleteReplace/690	pass	
TestMapIterDeleteReplace/6900	pass	
TestMapIterDeleteReplace/6901	pass	
TestMapIterDeleteReplace/6902	pass	
TestMapIterDeleteReplace/6903	pass	
TestMapIterDeleteReplace/6904	pass	
TestMapIterDeleteReplace/6905	pass	
TestMapIterDeleteReplace/6906	pass	
TestMapIterDeleteReplace/6907	pass	
TestMapIterDeleteReplace/6908	pass	
TestMapIterDeleteReplace/6909	pass	
TestMapIterDeleteReplace/691	pass	
TestMapIterDeleteReplace/6910	pass	
TestMapIterDeleteReplace/6911	pass	
TestMapIterDeleteReplace/6912	pass	
TestMapIterDeleteReplace/6913	pass	
TestMapIterDeleteReplace/6914	pass	
TestMapIterDeleteReplace/6915	pass	
TestMapIterDeleteReplace/6916	pass	
TestMapIterDeleteReplace/6917	pass	
TestMapIterDeleteReplace/6918	pass	
TestMapIterDeleteReplace/6919	pass	
TestMapIterDeleteReplace/692	pass	
TestMapIterDeleteReplace/6920	pass	
TestMapIterDeleteReplace/6921	pass	
TestMapIterDeleteReplace/6922	pass	
TestMapIterDeleteReplace/6923	pass	
TestMapIterDeleteReplace/6924	pass	
TestMapIterDeleteReplace/6925	pass	
TestMapIterDeleteReplace/6926	pass	
TestMapIterDeleteReplace/6927	pass	
TestMapIterDeleteReplace/6928	pass	
TestMapIterDeleteReplace/6929	pass	
TestMapIterDeleteReplace/693	pass	
TestMapIterDeleteReplace/6930	pass	
TestMapIterDeleteReplace/6931	pass	
TestMapIterDeleteReplace/6932	pass	
TestMapIterDeleteReplace/6933	pass	
TestMapIterDeleteReplace/6934	pass	
TestMapIterDeleteReplace/6935	pass	
TestMapIterDeleteReplace/6936	pass	
TestMapIterDeleteReplace/6937	pass	
TestMapIterDeleteReplace/6938	pass	
TestMapIterDeleteReplace/6939	pass	
TestMapIterDeleteReplace/694	pass	
TestMapIterDeleteReplace/6940	pass	
TestMapIterDeleteReplace/6941	pass	
TestMapIterDeleteReplace/6942	pass	
TestMapIterDeleteReplace/6943	pass	
TestMapIterDeleteReplace/6944	pass	
TestMapIterDeleteReplace/6945	pass	
TestMapIterDeleteReplace/6946	pass	
TestMapIterDeleteReplace/6947	pass	
TestMapIterDeleteReplace/6948	pass	
TestMapIterDeleteReplace/6949	pass	
TestMapIterDeleteReplace/695	pass	
TestMapIterDeleteReplace/6950	pass	
TestMapIterDeleteReplace/6951	pass	
TestMapIterDeleteReplace/6952	pass	
TestMapIterDeleteReplace/6953	pass	
TestMapIterDeleteReplace/6954	pass	
TestMapIterDeleteReplace/6955	pass	
TestMapIterDeleteReplace/6956	pass	
TestMapIterDeleteReplace/6957	pass	
TestMapIterDeleteReplace/6958	pass	
TestMapIterDeleteReplace/6959	pass	
TestMapIterDeleteReplace/696	pass	
TestMapIterDeleteReplace/6960	pass	
TestMapIterDeleteReplace/6961	pass	
TestMapIterDeleteReplace/6962	pass	
TestMapIterDeleteReplace/6963	pass	
TestMapIterDeleteReplace/6964	pass	
TestMapIterDeleteReplace/6965	pass	
TestMapIterDeleteReplace/6966	pass	
TestMapIterDeleteReplace/6967	pass	
TestMapIterDeleteReplace/6968	pass	
TestMapIterDeleteReplace/6969	pass	
TestMapIterDeleteReplace/697	pass	
TestMapIterDeleteReplace/6970	pass	
TestMapIterDeleteReplace/6971	pass	
TestMapIterDeleteReplace/6972	pass	
TestMapIterDeleteReplace/6973	pass	
TestMapIterDeleteReplace/6974	pass	
TestMapIterDeleteReplace/6975	pass	
TestMapIterDeleteReplace/6976	pass	
TestMapIterDeleteReplace/6977	pass	
TestMapIterDeleteReplace/6978	pass	
TestMapIterDeleteReplace/6979	pass	
TestMapIterDeleteReplace/698	pass	
TestMapIterDeleteReplace/6980	pass	
TestMapIterDeleteReplace/6981	pass	
TestMapIterDeleteReplace/6982	pass	
TestMapIterDeleteReplace/6983	pass	
TestMapIterDeleteReplace/6984	pass	
TestMapIterDeleteReplace/6985	pass	
TestMapIterDeleteReplace/6986	pass	
TestMapIterDeleteReplace/6987	pass	
TestMapIterDeleteReplace/6988	pass	
TestMapIterDeleteReplace/6989	pass	
TestMapIterDeleteReplace/699	pass	
TestMapIterDeleteReplace/6990	pass	
TestMapIterDeleteReplace/6991	pass	
TestMapIterDeleteReplace/6992	pass	
TestMapIterDeleteReplace/6993	pass	
TestMapIterDeleteReplace/6994	pass	
TestMapIterDeleteReplace/6995	pass	
TestMapIterDeleteReplace/6996	pass	
TestMapIterDeleteReplace/6997	pass	
TestMapIterDeleteReplace/6998	pass	
TestMapIterDeleteReplace/6999	pass	
TestMapIterDeleteReplace/7	pass	
TestMapIterDeleteReplace/70	pass	
TestMapIterDeleteReplace/700	pass	
TestMapIterDeleteReplace/7000	pass	
TestMapIterDeleteReplace/7001	pass	
TestMapIterDeleteReplace/7002	pass	
TestMapIterDeleteReplace/7003	pass	
TestMapIterDeleteReplace/7004	pass	
TestMapIterDeleteReplace/7005	pass	
TestMapIterDeleteReplace/7006	pass	
TestMapIterDeleteReplace/7007	pass	
TestMapIterDeleteReplace/7008	pass	
TestMapIterDeleteReplace/7009	pass	
TestMapIterDeleteReplace/701	pass	
TestMapIterDeleteReplace/7010	pass	
TestMapIterDeleteReplace/7011	pass	
TestMapIterDeleteReplace/7012	pass	
TestMapIterDeleteReplace/7013	pass	
TestMapIterDeleteReplace/7014	pass	
TestMapIterDeleteReplace/7015	pass	
TestMapIterDeleteReplace/7016	pass	
TestMapIterDeleteReplace/7017	pass	
TestMapIterDeleteReplace/7018	pass	
TestMapIterDeleteReplace/7019	pass	
TestMapIterDeleteReplace/702	pass	
TestMapIterDeleteReplace/7020	pass	
TestMapIterDeleteReplace/7021	pass	
TestMapIterDeleteReplace/7022	pass	
TestMapIterDeleteReplace/7023	pass	
TestMapIterDeleteReplace/7024	pass	
TestMapIterDeleteReplace/7025	pass	
TestMapIterDeleteReplace/7026	pass	
TestMapIterDeleteReplace/7027	pass	
TestMapIterDeleteReplace/7028	pass	
TestMapIterDeleteReplace/7029	pass	
TestMapIterDeleteReplace/703	pass	
TestMapIterDeleteReplace/7030	pass	
TestMapIterDeleteReplace/7031	pass	
TestMapIterDeleteReplace/7032	pass	
TestMapIterDeleteReplace/7033	pass	
TestMapIterDeleteReplace/7034	pass	
TestMapIterDeleteReplace/7035	pass	
TestMapIterDeleteReplace/7036	pass	
TestMapIterDeleteReplace/7037	pass	
TestMapIterDeleteReplace/7038	pass	
TestMapIterDeleteReplace/7039	pass	
TestMapIterDeleteReplace/704	pass	
TestMapIterDeleteReplace/7040	pass	
TestMapIterDeleteReplace/7041	pass	
TestMapIterDeleteReplace/7042	pass	
TestMapIterDeleteReplace/7043	pass	
TestMapIterDeleteReplace/7044	pass	
TestMapIterDeleteReplace/7045	pass	
TestMapIterDeleteReplace/7046	pass	
TestMapIterDeleteReplace/7047	pass	
TestMapIterDeleteReplace/7048	pass	
TestMapIterDeleteReplace/7049	pass	
TestMapIterDeleteReplace/705	pass	
TestMapIterDeleteReplace/7050	pass	
TestMapIterDeleteReplace/7051	pass	
TestMapIterDeleteReplace/7052	pass	
TestMapIterDeleteReplace/7053	pass	
TestMapIterDeleteReplace/7054	pass	
TestMapIterDeleteReplace/7055	pass	
TestMapIterDeleteReplace/7056	pass	
TestMapIterDeleteReplace/7057	pass	
TestMapIterDeleteReplace/7058	pass	
TestMapIterDeleteReplace/7059	pass	
TestMapIterDeleteReplace/706	pass	
TestMapIterDeleteReplace/7060	pass	
TestMapIterDeleteReplace/7061	pass	
TestMapIterDeleteReplace/7062	pass	
TestMapIterDeleteReplace/7063	pass	
TestMapIterDeleteReplace/7064	pass	
TestMapIterDeleteReplace/7065	pass	
TestMapIterDeleteReplace/7066	pass	
TestMapIterDeleteReplace/7067	pass	
TestMapIterDeleteReplace/7068	pass	
TestMapIterDeleteReplace/7069	pass	
TestMapIterDeleteReplace/707	pass	
TestMapIterDeleteReplace/7070	pass	
TestMapIterDeleteReplace/7071	pass	
TestMapIterDeleteReplace/7072	pass	
TestMapIterDeleteReplace/7073	pass	
TestMapIterDeleteReplace/7074	pass	
TestMapIterDeleteReplace/7075	pass	
TestMapIterDeleteReplace/7076	pass	
TestMapIterDeleteReplace/7077	pass	
TestMapIterDeleteReplace/7078	pass	
TestMapIterDeleteReplace/7079	pass	
TestMapIterDeleteReplace/708	pass	
TestMapIterDeleteReplace/7080	pass	
TestMapIterDeleteReplace/7081	pass	
TestMapIterDeleteReplace/7082	pass	
TestMapIterDeleteReplace/7083	pass	
TestMapIterDeleteReplace/7084	pass	
TestMapIterDeleteReplace/7085	pass	
TestMapIterDeleteReplace/7086	pass	
TestMapIterDeleteReplace/7087	pass	
TestMapIterDeleteReplace/7088	pass	
TestMapIterDeleteReplace/7089	pass	
TestMapIterDeleteReplace/709	pass	
TestMapIterDeleteReplace/7090	pass	
TestMapIterDeleteReplace/7091	pass	
TestMapIterDeleteReplace/7092	pass	
TestMapIterDeleteReplace/7093	pass	
TestMapIterDeleteReplace/7094	pass	
TestMapIterDeleteReplace/7095	pass	
TestMapIterDeleteReplace/7096	pass	
TestMapIterDeleteReplace/7097	pass	
TestMapIterDeleteReplace/7098	pass	
TestMapIterDeleteReplace/7099	pass	
TestMapIterDeleteReplace/71	pass	
TestMapIterDeleteReplace/710	pass	
TestMapIterDeleteReplace/7100	pass	
TestMapIterDeleteReplace/7101	pass	
TestMapIterDeleteReplace/7102	pass	
TestMapIterDeleteReplace/7103	pass	
TestMapIterDeleteReplace/7104	pass	
TestMapIterDeleteReplace/7105	pass	
TestMapIterDeleteReplace/7106	pass	
TestMapIterDeleteReplace/7107	pass	
TestMapIterDeleteReplace/7108	pass	
TestMapIterDeleteReplace/7109	pass	
TestMapIterDeleteReplace/711	pass	
TestMapIterDeleteReplace/7110	pass	
TestMapIterDeleteReplace/7111	pass	
TestMapIterDeleteReplace/7112	pass	
TestMapIterDeleteReplace/7113	pass	
TestMapIterDeleteReplace/7114	pass	
TestMapIterDeleteReplace/7115	pass	
TestMapIterDeleteReplace/7116	pass	
TestMapIterDeleteReplace/7117	pass	
TestMapIterDeleteReplace/7118	pass	
TestMapIterDeleteReplace/7119	pass	
TestMapIterDeleteReplace/712	pass	
TestMapIterDeleteReplace/7120	pass	
TestMapIterDeleteReplace/7121	pass	
TestMapIterDeleteReplace/7122	pass	
TestMapIterDeleteReplace/7123	pass	
TestMapIterDeleteReplace/7124	pass	
TestMapIterDeleteReplace/7125	pass	
TestMapIterDeleteReplace/7126	pass	
TestMapIterDeleteReplace/7127	pass	
TestMapIterDeleteReplace/7128	pass	
TestMapIterDeleteReplace/7129	pass	
TestMapIterDeleteReplace/713	pass	
TestMapIterDeleteReplace/7130	pass	
TestMapIterDeleteReplace/7131	pass	
TestMapIterDeleteReplace/7132	pass	
TestMapIterDeleteReplace/7133	pass	
TestMapIterDeleteReplace/7134	pass	
TestMapIterDeleteReplace/7135	pass	
TestMapIterDeleteReplace/7136	pass	
TestMapIterDeleteReplace/7137	pass	
TestMapIterDeleteReplace/7138	pass	
TestMapIterDeleteReplace/7139	pass	
TestMapIterDeleteReplace/714	pass	
TestMapIterDeleteReplace/7140	pass	
TestMapIterDeleteReplace/7141	pass	
TestMapIterDeleteReplace/7142	pass	
TestMapIterDeleteReplace/7143	pass	
TestMapIterDeleteReplace/7144	pass	
TestMapIterDeleteReplace/7145	pass	
TestMapIterDeleteReplace/7146	pass	
TestMapIterDeleteReplace/7147	pass	
TestMapIterDeleteReplace/7148	pass	
TestMapIterDeleteReplace/7149	pass	
TestMapIterDeleteReplace/715	pass	
TestMapIterDeleteReplace/7150	pass	
TestMapIterDeleteReplace/7151	pass	
TestMapIterDeleteReplace/7152	pass	
TestMapIterDeleteReplace/7153	pass	
TestMapIterDeleteReplace/7154	pass	
TestMapIterDeleteReplace/7155	pass	
TestMapIterDeleteReplace/7156	pass	
TestMapIterDeleteReplace/7157	pass	
TestMapIterDeleteReplace/7158	pass	
TestMapIterDeleteReplace/7159	pass	
TestMapIterDeleteReplace/716	pass	
TestMapIterDeleteReplace/7160	pass	
TestMapIterDeleteReplace/7161	pass	
TestMapIterDeleteReplace/7162	pass	
TestMapIterDeleteReplace/7163	pass	
TestMapIterDeleteReplace/7164	pass	
TestMapIterDeleteReplace/7165	pass	
TestMapIterDeleteReplace/7166	pass	
TestMapIterDeleteReplace/7167	pass	
TestMapIterDeleteReplace/7168	pass	
TestMapIterDeleteReplace/7169	pass	
TestMapIterDeleteReplace/717	pass	
TestMapIterDeleteReplace/7170	pass	
TestMapIterDeleteReplace/7171	pass	
TestMapIterDeleteReplace/7172	pass	
TestMapIterDeleteReplace/7173	pass	
TestMapIterDeleteReplace/7174	pass	
TestMapIterDeleteReplace/7175	pass	
TestMapIterDeleteReplace/7176	pass	
TestMapIterDeleteReplace/7177	pass	
TestMapIterDeleteReplace/7178	pass	
TestMapIterDeleteReplace/7179	pass	
TestMapIterDeleteReplace/718	pass	
TestMapIterDeleteReplace/7180	pass	
TestMapIterDeleteReplace/7181	pass	
TestMapIterDeleteReplace/7182	pass	
TestMapIterDeleteReplace/7183	pass	
TestMapIterDeleteReplace/7184	pass	
TestMapIterDeleteReplace/7185	pass	
TestMapIterDeleteReplace/7186	pass	
TestMapIterDeleteReplace/7187	pass	
TestMapIterDeleteReplace/7188	pass	
TestMapIterDeleteReplace/7189	pass	
TestMapIterDeleteReplace/719	pass	
TestMapIterDeleteReplace/7190	pass	
TestMapIterDeleteReplace/7191	pass	
TestMapIterDeleteReplace/7192	pass	
TestMapIterDeleteReplace/7193	pass	
TestMapIterDeleteReplace/7194	pass	
TestMapIterDeleteReplace/7195	pass	
TestMapIterDeleteReplace/7196	pass	
TestMapIterDeleteReplace/7197	pass	
TestMapIterDeleteReplace/7198	pass	
TestMapIterDeleteReplace/7199	pass	
TestMapIterDeleteReplace/72	pass	
TestMapIterDeleteReplace/720	pass	
TestMapIterDeleteReplace/7200	pass	
TestMapIterDeleteReplace/7201	pass	
TestMapIterDeleteReplace/7202	pass	
TestMapIterDeleteReplace/7203	pass	
TestMapIterDeleteReplace/7204	pass	
TestMapIterDeleteReplace/7205	pass	
TestMapIterDeleteReplace/7206	pass	
TestMapIterDeleteReplace/7207	pass	
TestMapIterDeleteReplace/7208	pass	
TestMapIterDeleteReplace/7209	pass	
TestMapIterDeleteReplace/721	pass	
TestMapIterDeleteReplace/7210	pass	
TestMapIterDeleteReplace/7211	pass	
TestMapIterDeleteReplace/7212	pass	
TestMapIterDeleteReplace/7213	pass	
TestMapIterDeleteReplace/7214	pass	
TestMapIterDeleteReplace/7215	pass	
TestMapIterDeleteReplace/7216	pass	
TestMapIterDeleteReplace/7217	pass	
TestMapIterDeleteReplace/7218	pass	
TestMapIterDeleteReplace/7219	pass	
TestMapIterDeleteReplace/722	pass	
TestMapIterDeleteReplace/7220	pass	
TestMapIterDeleteReplace/7221	pass	
TestMapIterDeleteReplace/7222	pass	
TestMapIterDeleteReplace/7223	pass	
TestMapIterDeleteReplace/7224	pass	
TestMapIterDeleteReplace/7225	pass	
TestMapIterDeleteReplace/7226	pass	
TestMapIterDeleteReplace/7227	pass	
TestMapIterDeleteReplace/7228	pass	
TestMapIterDeleteReplace/7229	pass	
TestMapIterDeleteReplace/723	pass	
TestMapIterDeleteReplace/7230	pass	
TestMapIterDeleteReplace/7231	pass	
TestMapIterDeleteReplace/7232	pass	
TestMapIterDeleteReplace/7233	pass	
TestMapIterDeleteReplace/7234	pass	
TestMapIterDeleteReplace/7235	pass	
TestMapIterDeleteReplace/7236	pass	
TestMapIterDeleteReplace/7237	pass	
TestMapIterDeleteReplace/7238	pass	
TestMapIterDeleteReplace/7239	pass	
TestMapIterDeleteReplace/724	pass	
TestMapIterDeleteReplace/7240	pass	
TestMapIterDeleteReplace/7241	pass	
TestMapIterDeleteReplace/7242	pass	
TestMapIterDeleteReplace/7243	pass	
TestMapIterDeleteReplace/7244	pass	
TestMapIterDeleteReplace/7245	pass	
TestMapIterDeleteReplace/7246	pass	
TestMapIterDeleteReplace/7247	pass	
TestMapIterDeleteReplace/7248	pass	
TestMapIterDeleteReplace/7249	pass	
TestMapIterDeleteReplace/725	pass	
TestMapIterDeleteReplace/7250	pass	
TestMapIterDeleteReplace/7251	pass	
TestMapIterDeleteReplace/7252	pass	
TestMapIterDeleteReplace/7253	pass	
TestMapIterDeleteReplace/7254	pass	
TestMapIterDeleteReplace/7255	pass	
TestMapIterDeleteReplace/7256	pass	
TestMapIterDeleteReplace/7257	pass	
TestMapIterDeleteReplace/7258	pass	
TestMapIterDeleteReplace/7259	pass	
TestMapIterDeleteReplace/726	pass	
TestMapIterDeleteReplace/7260	pass	
TestMapIterDeleteReplace/7261	pass	
TestMapIterDeleteReplace/7262	pass	
TestMapIterDeleteReplace/7263	pass	
TestMapIterDeleteReplace/7264	pass	
TestMapIterDeleteReplace/7265	pass	
TestMapIterDeleteReplace/7266	pass	
TestMapIterDeleteReplace/7267	pass	
TestMapIterDeleteReplace/7268	pass	
TestMapIterDeleteReplace/7269	pass	
TestMapIterDeleteReplace/727	pass	
TestMapIterDeleteReplace/7270	pass	
TestMapIterDeleteReplace/7271	pass	
TestMapIterDeleteReplace/7272	pass	
TestMapIterDeleteReplace/7273	pass	
TestMapIterDeleteReplace/7274	pass	
TestMapIterDeleteReplace/7275	pass	
TestMapIterDeleteReplace/7276	pass	
TestMapIterDeleteReplace/7277	pass	
TestMapIterDeleteReplace/7278	pass	
TestMapIterDeleteReplace/7279	pass	
TestMapIterDeleteReplace/728	pass	
TestMapIterDeleteReplace/7280	pass	
TestMapIterDeleteReplace/7281	pass	
TestMapIterDeleteReplace/7282	pass	
TestMapIterDeleteReplace/7283	pass	
TestMapIterDeleteReplace/7284	pass	
TestMapIterDeleteReplace/7285	pass	
TestMapIterDeleteReplace/7286	pass	
TestMapIterDeleteReplace/7287	pass	
TestMapIterDeleteReplace/7288	pass	
TestMapIterDeleteReplace/7289	pass	
TestMapIterDeleteReplace/729	pass	
TestMapIterDeleteReplace/7290	pass	
TestMapIterDeleteReplace/7291	pass	
TestMapIterDeleteReplace/7292	pass	
TestMapIterDeleteReplace/7293	pass	
TestMapIterDeleteReplace/7294	pass	
TestMapIterDeleteReplace/7295	pass	
TestMapIterDeleteReplace/7296	pass	
TestMapIterDeleteReplace/7297	pass	
TestMapIterDeleteReplace/7298	pass	
TestMapIterDeleteReplace/7299	pass	
TestMapIterDeleteReplace/73	pass	
TestMapIterDeleteReplace/730	pass	
TestMapIterDeleteReplace/7300	pass	
TestMapIterDeleteReplace/7301	pass	
TestMapIterDeleteReplace/7302	pass	
TestMapIterDeleteReplace/7303	pass	
TestMapIterDeleteReplace/7304	pass	
TestMapIterDeleteReplace/7305	pass	
TestMapIterDeleteReplace/7306	pass	
TestMapIterDeleteReplace/7307	pass	
TestMapIterDeleteReplace/7308	pass	
TestMapIterDeleteReplace/7309	pass	
TestMapIterDeleteReplace/731	pass	
TestMapIterDeleteReplace/7310	pass	
TestMapIterDeleteReplace/7311	pass	
TestMapIterDeleteReplace/7312	pass	
TestMapIterDeleteReplace/7313	pass	
TestMapIterDeleteReplace/7314	pass	
TestMapIterDeleteReplace/7315	pass	
TestMapIterDeleteReplace/7316	pass	
TestMapIterDeleteReplace/7317	pass	
TestMapIterDeleteReplace/7318	pass	
TestMapIterDeleteReplace/7319	pass	
TestMapIterDeleteReplace/732	pass	
TestMapIterDeleteReplace/7320	pass	
TestMapIterDeleteReplace/7321	pass	
TestMapIterDeleteReplace/7322	pass	
TestMapIterDeleteReplace/7323	pass	
TestMapIterDeleteReplace/7324	pass	
TestMapIterDeleteReplace/7325	pass	
TestMapIterDeleteReplace/7326	pass	
TestMapIterDeleteReplace/7327	pass	
TestMapIterDeleteReplace/7328	pass	
TestMapIterDeleteReplace/7329	pass	
TestMapIterDeleteReplace/733	pass	
TestMapIterDeleteReplace/7330	pass	
TestMapIterDeleteReplace/7331	pass	
TestMapIterDeleteReplace/7332	pass	
TestMapIterDeleteReplace/7333	pass	
TestMapIterDeleteReplace/7334	pass	
TestMapIterDeleteReplace/7335	pass	
TestMapIterDeleteReplace/7336	pass	
TestMapIterDeleteReplace/7337	pass	
TestMapIterDeleteReplace/7338	pass	
TestMapIterDeleteReplace/7339	pass	
TestMapIterDeleteReplace/734	pass	
TestMapIterDeleteReplace/7340	pass	
TestMapIterDeleteReplace/7341	pass	
TestMapIterDeleteReplace/7342	pass	
TestMapIterDeleteReplace/7343	pass	
TestMapIterDeleteReplace/7344	pass	
TestMapIterDeleteReplace/7345	pass	
TestMapIterDeleteReplace/7346	pass	
TestMapIterDeleteReplace/7347	pass	
TestMapIterDeleteReplace/7348	pass	
TestMapIterDeleteReplace/7349	pass	
TestMapIterDeleteReplace/735	pass	
TestMapIterDeleteReplace/7350	pass	
TestMapIterDeleteReplace/7351	pass	
TestMapIterDeleteReplace/7352	pass	
TestMapIterDeleteReplace/7353	pass	
TestMapIterDeleteReplace/7354	pass	
TestMapIterDeleteReplace/7355	pass	
TestMapIterDeleteReplace/7356	pass	
TestMapIterDeleteReplace/7357	pass	
TestMapIterDeleteReplace/7358	pass	
TestMapIterDeleteReplace/7359	pass	
TestMapIterDeleteReplace/736	pass	
TestMapIterDeleteReplace/7360	pass	
TestMapIterDeleteReplace/7361	pass	
TestMapIterDeleteReplace/7362	pass	
TestMapIterDeleteReplace/7363	pass	
TestMapIterDeleteReplace/7364	pass	
TestMapIterDeleteReplace/7365	pass	
TestMapIterDeleteReplace/7366	pass	
TestMapIterDeleteReplace/7367	pass	
TestMapIterDeleteReplace/7368	pass	
TestMapIterDeleteReplace/7369	pass	
TestMapIterDeleteReplace/737	pass	
TestMapIterDeleteReplace/7370	pass	
TestMapIterDeleteReplace/7371	pass	
TestMapIterDeleteReplace/7372	pass	
TestMapIterDeleteReplace/7373	pass	
TestMapIterDeleteReplace/7374	pass	
TestMapIterDeleteReplace/7375	pass	
TestMapIterDeleteReplace/7376	pass	
TestMapIterDeleteReplace/7377	pass	
TestMapIterDeleteReplace/7378	pass	
TestMapIterDeleteReplace/7379	pass	
TestMapIterDeleteReplace/738	pass	
TestMapIterDeleteReplace/7380	pass	
TestMapIterDeleteReplace/7381	pass	
TestMapIterDeleteReplace/7382	pass	
TestMapIterDeleteReplace/7383	pass	
TestMapIterDeleteReplace/7384	pass	
TestMapIterDeleteReplace/7385	pass	
TestMapIterDeleteReplace/7386	pass	
TestMapIterDeleteReplace/7387	pass	
TestMapIterDeleteReplace/7388	pass	
TestMapIterDeleteReplace/7389	pass	
TestMapIterDeleteReplace/739	pass	
TestMapIterDeleteReplace/7390	pass	
TestMapIterDeleteReplace/7391	pass	
TestMapIterDeleteReplace/7392	pass	
TestMapIterDeleteReplace/7393	pass	
TestMapIterDeleteReplace/7394	pass	
TestMapIterDeleteReplace/7395	pass	
TestMapIterDeleteReplace/7396	pass	
TestMapIterDeleteReplace/7397	pass	
TestMapIterDeleteReplace/7398	pass	
TestMapIterDeleteReplace/7399	pass	
TestMapIterDeleteReplace/74	pass	
TestMapIterDeleteReplace/740	pass	
TestMapIterDeleteReplace/7400	pass	
TestMapIterDeleteReplace/7401	pass	
TestMapIterDeleteReplace/7402	pass	
TestMapIterDeleteReplace/7403	pass	
TestMapIterDeleteReplace/7404	pass	
TestMapIterDeleteReplace/7405	pass	
TestMapIterDeleteReplace/7406	pass	
TestMapIterDeleteReplace/7407	pass	
TestMapIterDeleteReplace/7408	pass	
TestMapIterDeleteReplace/7409	pass	
TestMapIterDeleteReplace/741	pass	
TestMapIterDeleteReplace/7410	pass	
TestMapIterDeleteReplace/7411	pass	
TestMapIterDeleteReplace/7412	pass	
TestMapIterDeleteReplace/7413	pass	
TestMapIterDeleteReplace/7414	pass	
TestMapIterDeleteReplace/7415	pass	
TestMapIterDeleteReplace/7416	pass	
TestMapIterDeleteReplace/7417	pass	
TestMapIterDeleteReplace/7418	pass	
TestMapIterDeleteReplace/7419	pass	
TestMapIterDeleteReplace/742	pass	
TestMapIterDeleteReplace/7420	pass	
TestMapIterDeleteReplace/7421	pass	
TestMapIterDeleteReplace/7422	pass	
TestMapIterDeleteReplace/7423	pass	
TestMapIterDeleteReplace/7424	pass	
TestMapIterDeleteReplace/7425	pass	
TestMapIterDeleteReplace/7426	pass	
TestMapIterDeleteReplace/7427	pass	
TestMapIterDeleteReplace/7428	pass	
TestMapIterDeleteReplace/7429	pass	
TestMapIterDeleteReplace/743	pass	
TestMapIterDeleteReplace/7430	pass	
TestMapIterDeleteReplace/7431	pass	
TestMapIterDeleteReplace/7432	pass	
TestMapIterDeleteReplace/7433	pass	
TestMapIterDeleteReplace/7434	pass	
TestMapIterDeleteReplace/7435	pass	
TestMapIterDeleteReplace/7436	pass	
TestMapIterDeleteReplace/7437	pass	
TestMapIterDeleteReplace/7438	pass	
TestMapIterDeleteReplace/7439	pass	
TestMapIterDeleteReplace/744	pass	
TestMapIterDeleteReplace/7440	pass	
TestMapIterDeleteReplace/7441	pass	
TestMapIterDeleteReplace/7442	pass	
TestMapIterDeleteReplace/7443	pass	
TestMapIterDeleteReplace/7444	pass	
TestMapIterDeleteReplace/7445	pass	
TestMapIterDeleteReplace/7446	pass	
TestMapIterDeleteReplace/7447	pass	
TestMapIterDeleteReplace/7448	pass	
TestMapIterDeleteReplace/7449	pass	
TestMapIterDeleteReplace/745	pass	
TestMapIterDeleteReplace/7450	pass	
TestMapIterDeleteReplace/7451	pass	
TestMapIterDeleteReplace/7452	pass	
TestMapIterDeleteReplace/7453	pass	
TestMapIterDeleteReplace/7454	pass	
TestMapIterDeleteReplace/7455	pass	
TestMapIterDeleteReplace/7456	pass	
TestMapIterDeleteReplace/7457	pass	
TestMapIterDeleteReplace/7458	pass	
TestMapIterDeleteReplace/7459	pass	
TestMapIterDeleteReplace/746	pass	
TestMapIterDeleteReplace/7460	pass	
TestMapIterDeleteReplace/7461	pass	
TestMapIterDeleteReplace/7462	pass	
TestMapIterDeleteReplace/7463	pass	
TestMapIterDeleteReplace/7464	pass	
TestMapIterDeleteReplace/7465	pass	
TestMapIterDeleteReplace/7466	pass	
TestMapIterDeleteReplace/7467	pass	
TestMapIterDeleteReplace/7468	pass	
TestMapIterDeleteReplace/7469	pass	
TestMapIterDeleteReplace/747	pass	
TestMapIterDeleteReplace/7470	pass	
TestMapIterDeleteReplace/7471	pass	
TestMapIterDeleteReplace/7472	pass	
TestMapIterDeleteReplace/7473	pass	
TestMapIterDeleteReplace/7474	pass	
TestMapIterDeleteReplace/7475	pass	
TestMapIterDeleteReplace/7476	pass	
TestMapIterDeleteReplace/7477	pass	
TestMapIterDeleteReplace/7478	pass	
TestMapIterDeleteReplace/7479	pass	
TestMapIterDeleteReplace/748	pass	
TestMapIterDeleteReplace/7480	pass	
TestMapIterDeleteReplace/7481	pass	
TestMapIterDeleteReplace/7482	pass	
TestMapIterDeleteReplace/7483	pass	
TestMapIterDeleteReplace/7484	pass	
TestMapIterDeleteReplace/7485	pass	
TestMapIterDeleteReplace/7486	pass	
TestMapIterDeleteReplace/7487	pass	
TestMapIterDeleteReplace/7488	pass	
TestMapIterDeleteReplace/7489	pass	
TestMapIterDeleteReplace/749	pass	
TestMapIterDeleteReplace/7490	pass	
TestMapIterDeleteReplace/7491	pass	
TestMapIterDeleteReplace/7492	pass	
TestMapIterDeleteReplace/7493	pass	
TestMapIterDeleteReplace/7494	pass	
TestMapIterDeleteReplace/7495	pass	
TestMapIterDeleteReplace/7496	pass	
TestMapIterDeleteReplace/7497	pass	
TestMapIterDeleteReplace/7498	pass	
TestMapIterDeleteReplace/7499	pass	
TestMapIterDeleteReplace/75	pass	
TestMapIterDeleteReplace/750	pass	
TestMapIterDeleteReplace/7500	pass	
TestMapIterDeleteReplace/7501	pass	
TestMapIterDeleteReplace/7502	pass	
TestMapIterDeleteReplace/7503	pass	
TestMapIterDeleteReplace/7504	pass	
TestMapIterDeleteReplace/7505	pass	
TestMapIterDeleteReplace/7506	pass	
TestMapIterDeleteReplace/7507	pass	
TestMapIterDeleteReplace/7508	pass	
TestMapIterDeleteReplace/7509	pass	
TestMapIterDeleteReplace/751	pass	
TestMapIterDeleteReplace/7510	pass	
TestMapIterDeleteReplace/7511	pass	
TestMapIterDeleteReplace/7512	pass	
TestMapIterDeleteReplace/7513	pass	
TestMapIterDeleteReplace/7514	pass	
TestMapIterDeleteReplace/7515	pass	
TestMapIterDeleteReplace/7516	pass	
TestMapIterDeleteReplace/7517	pass	
TestMapIterDeleteReplace/7518	pass	
TestMapIterDeleteReplace/7519	pass	
TestMapIterDeleteReplace/752	pass	
TestMapIterDeleteReplace/7520	pass	
TestMapIterDeleteReplace/7521	pass	
TestMapIterDeleteReplace/7522	pass	
TestMapIterDeleteReplace/7523	pass	
TestMapIterDeleteReplace/7524	pass	
TestMapIterDeleteReplace/7525	pass	
TestMapIterDeleteReplace/7526	pass	
TestMapIterDeleteReplace/7527	pass	
TestMapIterDeleteReplace/7528	pass	
TestMapIterDeleteReplace/7529	pass	
TestMapIterDeleteReplace/753	pass	
TestMapIterDeleteReplace/7530	pass	
TestMapIterDeleteReplace/7531	pass	
TestMapIterDeleteReplace/7532	pass	
TestMapIterDeleteReplace/7533	pass	
TestMapIterDeleteReplace/7534	pass	
TestMapIterDeleteReplace/7535	pass	
TestMapIterDeleteReplace/7536	pass	
TestMapIterDeleteReplace/7537	pass	
TestMapIterDeleteReplace/7538	pass	
TestMapIterDeleteReplace/7539	pass	
TestMapIterDeleteReplace/754	pass	
TestMapIterDeleteReplace/7540	pass	
TestMapIterDeleteReplace/7541	pass	
TestMapIterDeleteReplace/7542	pass	
TestMapIterDeleteReplace/7543	pass	
TestMapIterDeleteReplace/7544	pass	
TestMapIterDeleteReplace/7545	pass	
TestMapIterDeleteReplace/7546	pass	
TestMapIterDeleteReplace/7547	pass	
TestMapIterDeleteReplace/7548	pass	
TestMapIterDeleteReplace/7549	pass	
TestMapIterDeleteReplace/755	pass	
TestMapIterDeleteReplace/7550	pass	
TestMapIterDeleteReplace/7551	pass	
TestMapIterDeleteReplace/7552	pass	
TestMapIterDeleteReplace/7553	pass	
TestMapIterDeleteReplace/7554	pass	
TestMapIterDeleteReplace/7555	pass	
TestMapIterDeleteReplace/7556	pass	
TestMapIterDeleteReplace/7557	pass	
TestMapIterDeleteReplace/7558	pass	
TestMapIterDeleteReplace/7559	pass	
TestMapIterDeleteReplace/756	pass	
TestMapIterDeleteReplace/7560	pass	
TestMapIterDeleteReplace/7561	pass	
TestMapIterDeleteReplace/7562	pass	
TestMapIterDeleteReplace/7563	pass	
TestMapIterDeleteReplace/7564	pass	
TestMapIterDeleteReplace/7565	pass	
TestMapIterDeleteReplace/7566	pass	
TestMapIterDeleteReplace/7567	pass	
TestMapIterDeleteReplace/7568	pass	
TestMapIterDeleteReplace/7569	pass	
TestMapIterDeleteReplace/757	pass	
TestMapIterDeleteReplace/7570	pass	
TestMapIterDeleteReplace/7571	pass	
TestMapIterDeleteReplace/7572	pass	
TestMapIterDeleteReplace/7573	pass	
TestMapIterDeleteReplace/7574	pass	
TestMapIterDeleteReplace/7575	pass	
TestMapIterDeleteReplace/7576	pass	
TestMapIterDeleteReplace/7577	pass	
TestMapIterDeleteReplace/7578	pass	
TestMapIterDeleteReplace/7579	pass	
TestMapIterDeleteReplace/758	pass	
TestMapIterDeleteReplace/7580	pass	
TestMapIterDeleteReplace/7581	pass	
TestMapIterDeleteReplace/7582	pass	
TestMapIterDeleteReplace/7583	pass	
TestMapIterDeleteReplace/7584	pass	
TestMapIterDeleteReplace/7585	pass	
TestMapIterDeleteReplace/7586	pass	
TestMapIterDeleteReplace/7587	pass	
TestMapIterDeleteReplace/7588	pass	
TestMapIterDeleteReplace/7589	pass	
TestMapIterDeleteReplace/759	pass	
TestMapIterDeleteReplace/7590	pass	
TestMapIterDeleteReplace/7591	pass	
TestMapIterDeleteReplace/7592	pass	
TestMapIterDeleteReplace/7593	pass	
TestMapIterDeleteReplace/7594	pass	
TestMapIterDeleteReplace/7595	pass	
TestMapIterDeleteReplace/7596	pass	
TestMapIterDeleteReplace/7597	pass	
TestMapIterDeleteReplace/7598	pass	
TestMapIterDeleteReplace/7599	pass	
TestMapIterDeleteReplace/76	pass	
TestMapIterDeleteReplace/760	pass	
TestMapIterDeleteReplace/7600	pass	
TestMapIterDeleteReplace/7601	pass	
TestMapIterDeleteReplace/7602	pass	
TestMapIterDeleteReplace/7603	pass	
TestMapIterDeleteReplace/7604	pass	
TestMapIterDeleteReplace/7605	pass	
TestMapIterDeleteReplace/7606	pass	
TestMapIterDeleteReplace/7607	pass	
TestMapIterDeleteReplace/7608	pass	
TestMapIterDeleteReplace/7609	pass	
TestMapIterDeleteReplace/761	pass	
TestMapIterDeleteReplace/7610	pass	
TestMapIterDeleteReplace/7611	pass	
TestMapIterDeleteReplace/7612	pass	
TestMapIterDeleteReplace/7613	pass	
TestMapIterDeleteReplace/7614	pass	
TestMapIterDeleteReplace/7615	pass	
TestMapIterDeleteReplace/7616	pass	
TestMapIterDeleteReplace/7617	pass	
TestMapIterDeleteReplace/7618	pass	
TestMapIterDeleteReplace/7619	pass	
TestMapIterDeleteReplace/762	pass	
TestMapIterDeleteReplace/7620	pass	
TestMapIterDeleteReplace/7621	pass	
TestMapIterDeleteReplace/7622	pass	
TestMapIterDeleteReplace/7623	pass	
TestMapIterDeleteReplace/7624	pass	
TestMapIterDeleteReplace/7625	pass	
TestMapIterDeleteReplace/7626	pass	
TestMapIterDeleteReplace/7627	pass	
TestMapIterDeleteReplace/7628	pass	
TestMapIterDeleteReplace/7629	pass	
TestMapIterDeleteReplace/763	pass	
TestMapIterDeleteReplace/7630	pass	
TestMapIterDeleteReplace/7631	pass	
TestMapIterDeleteReplace/7632	pass	
TestMapIterDeleteReplace/7633	pass	
TestMapIterDeleteReplace/7634	pass	
TestMapIterDeleteReplace/7635	pass	
TestMapIterDeleteReplace/7636	pass	
TestMapIterDeleteReplace/7637	pass	
TestMapIterDeleteReplace/7638	pass	
TestMapIterDeleteReplace/7639	pass	
TestMapIterDeleteReplace/764	pass	
TestMapIterDeleteReplace/7640	pass	
TestMapIterDeleteReplace/7641	pass	
TestMapIterDeleteReplace/7642	pass	
TestMapIterDeleteReplace/7643	pass	
TestMapIterDeleteReplace/7644	pass	
TestMapIterDeleteReplace/7645	pass	
TestMapIterDeleteReplace/7646	pass	
TestMapIterDeleteReplace/7647	pass	
TestMapIterDeleteReplace/7648	pass	
TestMapIterDeleteReplace/7649	pass	
TestMapIterDeleteReplace/765	pass	
TestMapIterDeleteReplace/7650	pass	
TestMapIterDeleteReplace/7651	pass	
TestMapIterDeleteReplace/7652	pass	
TestMapIterDeleteReplace/7653	pass	
TestMapIterDeleteReplace/7654	pass	
TestMapIterDeleteReplace/7655	pass	
TestMapIterDeleteReplace/7656	pass	
TestMapIterDeleteReplace/7657	pass	
TestMapIterDeleteReplace/7658	pass	
TestMapIterDeleteReplace/7659	pass	
TestMapIterDeleteReplace/766	pass	
TestMapIterDeleteReplace/7660	pass	
TestMapIterDeleteReplace/7661	pass	
TestMapIterDeleteReplace/7662	pass	
TestMapIterDeleteReplace/7663	pass	
TestMapIterDeleteReplace/7664	pass	
TestMapIterDeleteReplace/7665	pass	
TestMapIterDeleteReplace/7666	pass	
TestMapIterDeleteReplace/7667	pass	
TestMapIterDeleteReplace/7668	pass	
TestMapIterDeleteReplace/7669	pass	
TestMapIterDeleteReplace/767	pass	
TestMapIterDeleteReplace/7670	pass	
TestMapIterDeleteReplace/7671	pass	
TestMapIterDeleteReplace/7672	pass	
TestMapIterDeleteReplace/7673	pass	
TestMapIterDeleteReplace/7674	pass	
TestMapIterDeleteReplace/7675	pass	
TestMapIterDeleteReplace/7676	pass	
TestMapIterDeleteReplace/7677	pass	
TestMapIterDeleteReplace/7678	pass	
TestMapIterDeleteReplace/7679	pass	
TestMapIterDeleteReplace/768	pass	
TestMapIterDeleteReplace/7680	pass	
TestMapIterDeleteReplace/7681	pass	
TestMapIterDeleteReplace/7682	pass	
TestMapIterDeleteReplace/7683	pass	
TestMapIterDeleteReplace/7684	pass	
TestMapIterDeleteReplace/7685	pass	
TestMapIterDeleteReplace/7686	pass	
TestMapIterDeleteReplace/7687	pass	
TestMapIterDeleteReplace/7688	pass	
TestMapIterDeleteReplace/7689	pass	
TestMapIterDeleteReplace/769	pass	
TestMapIterDeleteReplace/7690	pass	
TestMapIterDeleteReplace/7691	pass	
TestMapIterDeleteReplace/7692	pass	
TestMapIterDeleteReplace/7693	pass	
TestMapIterDeleteReplace/7694	pass	
TestMapIterDeleteReplace/7695	pass	
TestMapIterDeleteReplace/7696	pass	
TestMapIterDeleteReplace/7697	pass	
TestMapIterDeleteReplace/7698	pass	
TestMapIterDeleteReplace/7699	pass	
TestMapIterDeleteReplace/77	pass	
TestMapIterDeleteReplace/770	pass	
TestMapIterDeleteReplace/7700	pass	
TestMapIterDeleteReplace/7701	pass	
TestMapIterDeleteReplace/7702	pass	
TestMapIterDeleteReplace/7703	pass	
TestMapIterDeleteReplace/7704	pass	
TestMapIterDeleteReplace/7705	pass	
TestMapIterDeleteReplace/7706	pass	
TestMapIterDeleteReplace/7707	pass	
TestMapIterDeleteReplace/7708	pass	
TestMapIterDeleteReplace/7709	pass	
TestMapIterDeleteReplace/771	pass	
TestMapIterDeleteReplace/7710	pass	
TestMapIterDeleteReplace/7711	pass	
TestMapIterDeleteReplace/7712	pass	
TestMapIterDeleteReplace/7713	pass	
TestMapIterDeleteReplace/7714	pass	
TestMapIterDeleteReplace/7715	pass	
TestMapIterDeleteReplace/7716	pass	
TestMapIterDeleteReplace/7717	pass	
TestMapIterDeleteReplace/7718	pass	
TestMapIterDeleteReplace/7719	pass	
TestMapIterDeleteReplace/772	pass	
TestMapIterDeleteReplace/7720	pass	
TestMapIterDeleteReplace/7721	pass	
TestMapIterDeleteReplace/7722	pass	
TestMapIterDeleteReplace/7723	pass	
TestMapIterDeleteReplace/7724	pass	
TestMapIterDeleteReplace/7725	pass	
TestMapIterDeleteReplace/7726	pass	
TestMapIterDeleteReplace/7727	pass	
TestMapIterDeleteReplace/7728	pass	
TestMapIterDeleteReplace/7729	pass	
TestMapIterDeleteReplace/773	pass	
TestMapIterDeleteReplace/7730	pass	
TestMapIterDeleteReplace/7731	pass	
TestMapIterDeleteReplace/7732	pass	
TestMapIterDeleteReplace/7733	pass	
TestMapIterDeleteReplace/7734	pass	
TestMapIterDeleteReplace/7735	pass	
TestMapIterDeleteReplace/7736	pass	
TestMapIterDeleteReplace/7737	pass	
TestMapIterDeleteReplace/7738	pass	
TestMapIterDeleteReplace/7739	pass	
TestMapIterDeleteReplace/774	pass	
TestMapIterDeleteReplace/7740	pass	
TestMapIterDeleteReplace/7741	pass	
TestMapIterDeleteReplace/7742	pass	
TestMapIterDeleteReplace/7743	pass	
TestMapIterDeleteReplace/7744	pass	
TestMapIterDeleteReplace/7745	pass	
TestMapIterDeleteReplace/7746	pass	
TestMapIterDeleteReplace/7747	pass	
TestMapIterDeleteReplace/7748	pass	
TestMapIterDeleteReplace/7749	pass	
TestMapIterDeleteReplace/775	pass	
TestMapIterDeleteReplace/7750	pass	
TestMapIterDeleteReplace/7751	pass	
TestMapIterDeleteReplace/7752	pass	
TestMapIterDeleteReplace/7753	pass	
TestMapIterDeleteReplace/7754	pass	
TestMapIterDeleteReplace/7755	pass	
TestMapIterDeleteReplace/7756	pass	
TestMapIterDeleteReplace/7757	pass	
TestMapIterDeleteReplace/7758	pass	
TestMapIterDeleteReplace/7759	pass	
TestMapIterDeleteReplace/776	pass	
TestMapIterDeleteReplace/7760	pass	
TestMapIterDeleteReplace/7761	pass	
TestMapIterDeleteReplace/7762	pass	
TestMapIterDeleteReplace/7763	pass	
TestMapIterDeleteReplace/7764	pass	
TestMapIterDeleteReplace/7765	pass	
TestMapIterDeleteReplace/7766	pass	
TestMapIterDeleteReplace/7767	pass	
TestMapIterDeleteReplace/7768	pass	
TestMapIterDeleteReplace/7769	pass	
TestMapIterDeleteReplace/777	pass	
TestMapIterDeleteReplace/7770	pass	
TestMapIterDeleteReplace/7771	pass	
TestMapIterDeleteReplace/7772	pass	
TestMapIterDeleteReplace/7773	pass	
TestMapIterDeleteReplace/7774	pass	
TestMapIterDeleteReplace/7775	pass	
TestMapIterDeleteReplace/7776	pass	
TestMapIterDeleteReplace/7777	pass	
TestMapIterDeleteReplace/7778	pass	
TestMapIterDeleteReplace/7779	pass	
TestMapIterDeleteReplace/778	pass	
TestMapIterDeleteReplace/7780	pass	
TestMapIterDeleteReplace/7781	pass	
TestMapIterDeleteReplace/7782	pass	
TestMapIterDeleteReplace/7783	pass	
TestMapIterDeleteReplace/7784	pass	
TestMapIterDeleteReplace/7785	pass	
TestMapIterDeleteReplace/7786	pass	
TestMapIterDeleteReplace/7787	pass	
TestMapIterDeleteReplace/7788	pass	
TestMapIterDeleteReplace/7789	pass	
TestMapIterDeleteReplace/779	pass	
TestMapIterDeleteReplace/7790	pass	
TestMapIterDeleteReplace/7791	pass	
TestMapIterDeleteReplace/7792	pass	
TestMapIterDeleteReplace/7793	pass	
TestMapIterDeleteReplace/7794	pass	
TestMapIterDeleteReplace/7795	pass	
TestMapIterDeleteReplace/7796	pass	
TestMapIterDeleteReplace/7797	pass	
TestMapIterDeleteReplace/7798	pass	
TestMapIterDeleteReplace/7799	pass	
TestMapIterDeleteReplace/78	pass	
TestMapIterDeleteReplace/780	pass	
TestMapIterDeleteReplace/7800	pass	
TestMapIterDeleteReplace/7801	pass	
TestMapIterDeleteReplace/7802	pass	
TestMapIterDeleteReplace/7803	pass	
TestMapIterDeleteReplace/7804	pass	
TestMapIterDeleteReplace/7805	pass	
TestMapIterDeleteReplace/7806	pass	
TestMapIterDeleteReplace/7807	pass	
TestMapIterDeleteReplace/7808	pass	
TestMapIterDeleteReplace/7809	pass	
TestMapIterDeleteReplace/781	pass	
TestMapIterDeleteReplace/7810	pass	
TestMapIterDeleteReplace/7811	pass	
TestMapIterDeleteReplace/7812	pass	
TestMapIterDeleteReplace/7813	pass	
TestMapIterDeleteReplace/7814	pass	
TestMapIterDeleteReplace/7815	pass	
TestMapIterDeleteReplace/7816	pass	
TestMapIterDeleteReplace/7817	pass	
TestMapIterDeleteReplace/7818	pass	
TestMapIterDeleteReplace/7819	pass	
TestMapIterDeleteReplace/782	pass	
TestMapIterDeleteReplace/7820	pass	
TestMapIterDeleteReplace/7821	pass	
TestMapIterDeleteReplace/7822	pass	
TestMapIterDeleteReplace/7823	pass	
TestMapIterDeleteReplace/7824	pass	
TestMapIterDeleteReplace/7825	pass	
TestMapIterDeleteReplace/7826	pass	
TestMapIterDeleteReplace/7827	pass	
TestMapIterDeleteReplace/7828	pass	
TestMapIterDeleteReplace/7829	pass	
TestMapIterDeleteReplace/783	pass	
TestMapIterDeleteReplace/7830	pass	
TestMapIterDeleteReplace/7831	pass	
TestMapIterDeleteReplace/7832	pass	
TestMapIterDeleteReplace/7833	pass	
TestMapIterDeleteReplace/7834	pass	
TestMapIterDeleteReplace/7835	pass	
TestMapIterDeleteReplace/7836	pass	
TestMapIterDeleteReplace/7837	pass	
TestMapIterDeleteReplace/7838	pass	
TestMapIterDeleteReplace/7839	pass	
TestMapIterDeleteReplace/784	pass	
TestMapIterDeleteReplace/7840	pass	
TestMapIterDeleteReplace/7841	pass	
TestMapIterDeleteReplace/7842	pass	
TestMapIterDeleteReplace/7843	pass	
TestMapIterDeleteReplace/7844	pass	
TestMapIterDeleteReplace/7845	pass	
TestMapIterDeleteReplace/7846	pass	
TestMapIterDeleteReplace/7847	pass	
TestMapIterDeleteReplace/7848	pass	
TestMapIterDeleteReplace/7849	pass	
TestMapIterDeleteReplace/785	pass	
TestMapIterDeleteReplace/7850	pass	
TestMapIterDeleteReplace/7851	pass	
TestMapIterDeleteReplace/7852	pass	
TestMapIterDeleteReplace/7853	pass	
TestMapIterDeleteReplace/7854	pass	
TestMapIterDeleteReplace/7855	pass	
TestMapIterDeleteReplace/7856	pass	
TestMapIterDeleteReplace/7857	pass	
TestMapIterDeleteReplace/7858	pass	
TestMapIterDeleteReplace/7859	pass	
TestMapIterDeleteReplace/786	pass	
TestMapIterDeleteReplace/7860	pass	
TestMapIterDeleteReplace/7861	pass	
TestMapIterDeleteReplace/7862	pass	
TestMapIterDeleteReplace/7863	pass	
TestMapIterDeleteReplace/7864	pass	
TestMapIterDeleteReplace/7865	pass	
TestMapIterDeleteReplace/7866	pass	
TestMapIterDeleteReplace/7867	pass	
TestMapIterDeleteReplace/7868	pass	
TestMapIterDeleteReplace/7869	pass	
TestMapIterDeleteReplace/787	pass	
TestMapIterDeleteReplace/7870	pass	
TestMapIterDeleteReplace/7871	pass	
TestMapIterDeleteReplace/7872	pass	
TestMapIterDeleteReplace/7873	pass	
TestMapIterDeleteReplace/7874	pass	
TestMapIterDeleteReplace/7875	pass	
TestMapIterDeleteReplace/7876	pass	
TestMapIterDeleteReplace/7877	pass	
TestMapIterDeleteReplace/7878	pass	
TestMapIterDeleteReplace/7879	pass	
TestMapIterDeleteReplace/788	pass	
TestMapIterDeleteReplace/7880	pass	
TestMapIterDeleteReplace/7881	pass	
TestMapIterDeleteReplace/7882	pass	
TestMapIterDeleteReplace/7883	pass	
TestMapIterDeleteReplace/7884	pass	
TestMapIterDeleteReplace/7885	pass	
TestMapIterDeleteReplace/7886	pass	
TestMapIterDeleteReplace/7887	pass	
TestMapIterDeleteReplace/7888	pass	
TestMapIterDeleteReplace/7889	pass	
TestMapIterDeleteReplace/789	pass	
TestMapIterDeleteReplace/7890	pass	
TestMapIterDeleteReplace/7891	pass	
TestMapIterDeleteReplace/7892	pass	
TestMapIterDeleteReplace/7893	pass	
TestMapIterDeleteReplace/7894	pass	
TestMapIterDeleteReplace/7895	pass	
TestMapIterDeleteReplace/7896	pass	
TestMapIterDeleteReplace/7897	pass	
TestMapIterDeleteReplace/7898	pass	
TestMapIterDeleteReplace/7899	pass	
TestMapIterDeleteReplace/79	pass	
TestMapIterDeleteReplace/790	pass	
TestMapIterDeleteReplace/7900	pass	
TestMapIterDeleteReplace/7901	pass	
TestMapIterDeleteReplace/7902	pass	
TestMapIterDeleteReplace/7903	pass	
TestMapIterDeleteReplace/7904	pass	
TestMapIterDeleteReplace/7905	pass	
TestMapIterDeleteReplace/7906	pass	
TestMapIterDeleteReplace/7907	pass	
TestMapIterDeleteReplace/7908	pass	
TestMapIterDeleteReplace/7909	pass	
TestMapIterDeleteReplace/791	pass	
TestMapIterDeleteReplace/7910	pass	
TestMapIterDeleteReplace/7911	pass	
TestMapIterDeleteReplace/7912	pass	
TestMapIterDeleteReplace/7913	pass	
TestMapIterDeleteReplace/7914	pass	
TestMapIterDeleteReplace/7915	pass	
TestMapIterDeleteReplace/7916	pass	
TestMapIterDeleteReplace/7917	pass	
TestMapIterDeleteReplace/7918	pass	
TestMapIterDeleteReplace/7919	pass	
TestMapIterDeleteReplace/792	pass	
TestMapIterDeleteReplace/7920	pass	
TestMapIterDeleteReplace/7921	pass	
TestMapIterDeleteReplace/7922	pass	
TestMapIterDeleteReplace/7923	pass	
TestMapIterDeleteReplace/7924	pass	
TestMapIterDeleteReplace/7925	pass	
TestMapIterDeleteReplace/7926	pass	
TestMapIterDeleteReplace/7927	pass	
TestMapIterDeleteReplace/7928	pass	
TestMapIterDeleteReplace/7929	pass	
TestMapIterDeleteReplace/793	pass	
TestMapIterDeleteReplace/7930	pass	
TestMapIterDeleteReplace/7931	pass	
TestMapIterDeleteReplace/7932	pass	
TestMapIterDeleteReplace/7933	pass	
TestMapIterDeleteReplace/7934	pass	
TestMapIterDeleteReplace/7935	pass	
TestMapIterDeleteReplace/7936	pass	
TestMapIterDeleteReplace/7937	pass	
TestMapIterDeleteReplace/7938	pass	
TestMapIterDeleteReplace/7939	pass	
TestMapIterDeleteReplace/794	pass	
TestMapIterDeleteReplace/7940	pass	
TestMapIterDeleteReplace/7941	pass	
TestMapIterDeleteReplace/7942	pass	
TestMapIterDeleteReplace/7943	pass	
TestMapIterDeleteReplace/7944	pass	
TestMapIterDeleteReplace/7945	pass	
TestMapIterDeleteReplace/7946	pass	
TestMapIterDeleteReplace/7947	pass	
TestMapIterDeleteReplace/7948	pass	
TestMapIterDeleteReplace/7949	pass	
TestMapIterDeleteReplace/795	pass	
TestMapIterDeleteReplace/7950	pass	
TestMapIterDeleteReplace/7951	pass	
TestMapIterDeleteReplace/7952	pass	
TestMapIterDeleteReplace/7953	pass	
TestMapIterDeleteReplace/7954	pass	
TestMapIterDeleteReplace/7955	pass	
TestMapIterDeleteReplace/7956	pass	
TestMapIterDeleteReplace/7957	pass	
TestMapIterDeleteReplace/7958	pass	
TestMapIterDeleteReplace/7959	pass	
TestMapIterDeleteReplace/796	pass	
TestMapIterDeleteReplace/7960	pass	
TestMapIterDeleteReplace/7961	pass	
TestMapIterDeleteReplace/7962	pass	
TestMapIterDeleteReplace/7963	pass	
TestMapIterDeleteReplace/7964	pass	
TestMapIterDeleteReplace/7965	pass	
TestMapIterDeleteReplace/7966	pass	
TestMapIterDeleteReplace/7967	pass	
TestMapIterDeleteReplace/7968	pass	
TestMapIterDeleteReplace/7969	pass	
TestMapIterDeleteReplace/797	pass	
TestMapIterDeleteReplace/7970	pass	
TestMapIterDeleteReplace/7971	pass	
TestMapIterDeleteReplace/7972	pass	
TestMapIterDeleteReplace/7973	pass	
TestMapIterDeleteReplace/7974	pass	
TestMapIterDeleteReplace/7975	pass	
TestMapIterDeleteReplace/7976	pass	
TestMapIterDeleteReplace/7977	pass	
TestMapIterDeleteReplace/7978	pass	
TestMapIterDeleteReplace/7979	pass	
TestMapIterDeleteReplace/798	pass	
TestMapIterDeleteReplace/7980	pass	
TestMapIterDeleteReplace/7981	pass	
TestMapIterDeleteReplace/7982	pass	
TestMapIterDeleteReplace/7983	pass	
TestMapIterDeleteReplace/7984	pass	
TestMapIterDeleteReplace/7985	pass	
TestMapIterDeleteReplace/7986	pass	
TestMapIterDeleteReplace/7987	pass	
TestMapIterDeleteReplace/7988	pass	
TestMapIterDeleteReplace/7989	pass	
TestMapIterDeleteReplace/799	pass	
TestMapIterDeleteReplace/7990	pass	
TestMapIterDeleteReplace/7991	pass	
TestMapIterDeleteReplace/7992	pass	
TestMapIterDeleteReplace/7993	pass	
TestMapIterDeleteReplace/7994	pass	
TestMapIterDeleteReplace/7995	pass	
TestMapIterDeleteReplace/7996	pass	
TestMapIterDeleteReplace/7997	pass	
TestMapIterDeleteReplace/7998	pass	
TestMapIterDeleteReplace/7999	pass	
TestMapIterDeleteReplace/8	pass	
TestMapIterDeleteReplace/80	pass	
TestMapIterDeleteReplace/800	pass	
TestMapIterDeleteReplace/8000	pass	
TestMapIterDeleteReplace/8001	pass	
TestMapIterDeleteReplace/8002	pass	
TestMapIterDeleteReplace/8003	pass	
TestMapIterDeleteReplace/8004	pass	
TestMapIterDeleteReplace/8005	pass	
TestMapIterDeleteReplace/8006	pass	
TestMapIterDeleteReplace/8007	pass	
TestMapIterDeleteReplace/8008	pass	
TestMapIterDeleteReplace/8009	pass	
TestMapIterDeleteReplace/801	pass	
TestMapIterDeleteReplace/8010	pass	
TestMapIterDeleteReplace/8011	pass	
TestMapIterDeleteReplace/8012	pass	
TestMapIterDeleteReplace/8013	pass	
TestMapIterDeleteReplace/8014	pass	
TestMapIterDeleteReplace/8015	pass	
TestMapIterDeleteReplace/8016	pass	
TestMapIterDeleteReplace/8017	pass	
TestMapIterDeleteReplace/8018	pass	
TestMapIterDeleteReplace/8019	pass	
TestMapIterDeleteReplace/802	pass	
TestMapIterDeleteReplace/8020	pass	
TestMapIterDeleteReplace/8021	pass	
TestMapIterDeleteReplace/8022	pass	
TestMapIterDeleteReplace/8023	pass	
TestMapIterDeleteReplace/8024	pass	
TestMapIterDeleteReplace/8025	pass	
TestMapIterDeleteReplace/8026	pass	
TestMapIterDeleteReplace/8027	pass	
TestMapIterDeleteReplace/8028	pass	
TestMapIterDeleteReplace/8029	pass	
TestMapIterDeleteReplace/803	pass	
TestMapIterDeleteReplace/8030	pass	
TestMapIterDeleteReplace/8031	pass	
TestMapIterDeleteReplace/8032	pass	
TestMapIterDeleteReplace/8033	pass	
TestMapIterDeleteReplace/8034	pass	
TestMapIterDeleteReplace/8035	pass	
TestMapIterDeleteReplace/8036	pass	
TestMapIterDeleteReplace/8037	pass	
TestMapIterDeleteReplace/8038	pass	
TestMapIterDeleteReplace/8039	pass	
TestMapIterDeleteReplace/804	pass	
TestMapIterDeleteReplace/8040	pass	
TestMapIterDeleteReplace/8041	pass	
TestMapIterDeleteReplace/8042	pass	
TestMapIterDeleteReplace/8043	pass	
TestMapIterDeleteReplace/8044	pass	
TestMapIterDeleteReplace/8045	pass	
TestMapIterDeleteReplace/8046	pass	
TestMapIterDeleteReplace/8047	pass	
TestMapIterDeleteReplace/8048	pass	
TestMapIterDeleteReplace/8049	pass	
TestMapIterDeleteReplace/805	pass	
TestMapIterDeleteReplace/8050	pass	
TestMapIterDeleteReplace/8051	pass	
TestMapIterDeleteReplace/8052	pass	
TestMapIterDeleteReplace/8053	pass	
TestMapIterDeleteReplace/8054	pass	
TestMapIterDeleteReplace/8055	pass	
TestMapIterDeleteReplace/8056	pass	
TestMapIterDeleteReplace/8057	pass	
TestMapIterDeleteReplace/8058	pass	
TestMapIterDeleteReplace/8059	pass	
TestMapIterDeleteReplace/806	pass	
TestMapIterDeleteReplace/8060	pass	
TestMapIterDeleteReplace/8061	pass	
TestMapIterDeleteReplace/8062	pass	
TestMapIterDeleteReplace/8063	pass	
TestMapIterDeleteReplace/8064	pass	
TestMapIterDeleteReplace/8065	pass	
TestMapIterDeleteReplace/8066	pass	
TestMapIterDeleteReplace/8067	pass	
TestMapIterDeleteReplace/8068	pass	
TestMapIterDeleteReplace/8069	pass	
TestMapIterDeleteReplace/807	pass	
TestMapIterDeleteReplace/8070	pass	
TestMapIterDeleteReplace/8071	pass	
TestMapIterDeleteReplace/8072	pass	
TestMapIterDeleteReplace/8073	pass	
TestMapIterDeleteReplace/8074	pass	
TestMapIterDeleteReplace/8075	pass	
TestMapIterDeleteReplace/8076	pass	
TestMapIterDeleteReplace/8077	pass	
TestMapIterDeleteReplace/8078	pass	
TestMapIterDeleteReplace/8079	pass	
TestMapIterDeleteReplace/808	pass	
TestMapIterDeleteReplace/8080	pass	
TestMapIterDeleteReplace/8081	pass	
TestMapIterDeleteReplace/8082	pass	
TestMapIterDeleteReplace/8083	pass	
TestMapIterDeleteReplace/8084	pass	
TestMapIterDeleteReplace/8085	pass	
TestMapIterDeleteReplace/8086	pass	
TestMapIterDeleteReplace/8087	pass	
TestMapIterDeleteReplace/8088	pass	
TestMapIterDeleteReplace/8089	pass	
TestMapIterDeleteReplace/809	pass	
TestMapIterDeleteReplace/8090	pass	
TestMapIterDeleteReplace/8091	pass	
TestMapIterDeleteReplace/8092	pass	
TestMapIterDeleteReplace/8093	pass	
TestMapIterDeleteReplace/8094	pass	
TestMapIterDeleteReplace/8095	pass	
TestMapIterDeleteReplace/8096	pass	
TestMapIterDeleteReplace/8097	pass	
TestMapIterDeleteReplace/8098	pass	
TestMapIterDeleteReplace/8099	pass	
TestMapIterDeleteReplace/81	pass	
TestMapIterDeleteReplace/810	pass	
TestMapIterDeleteReplace/8100	pass	
TestMapIterDeleteReplace/8101	pass	
TestMapIterDeleteReplace/8102	pass	
TestMapIterDeleteReplace/8103	pass	
TestMapIterDeleteReplace/8104	pass	
TestMapIterDeleteReplace/8105	pass	
TestMapIterDeleteReplace/8106	pass	
TestMapIterDeleteReplace/8107	pass	
TestMapIterDeleteReplace/8108	pass	
TestMapIterDeleteReplace/8109	pass	
TestMapIterDeleteReplace/811	pass	
TestMapIterDeleteReplace/8110	pass	
TestMapIterDeleteReplace/8111	pass	
TestMapIterDeleteReplace/8112	pass	
TestMapIterDeleteReplace/8113	pass	
TestMapIterDeleteReplace/8114	pass	
TestMapIterDeleteReplace/8115	pass	
TestMapIterDeleteReplace/8116	pass	
TestMapIterDeleteReplace/8117	pass	
TestMapIterDeleteReplace/8118	pass	
TestMapIterDeleteReplace/8119	pass	
TestMapIterDeleteReplace/812	pass	
TestMapIterDeleteReplace/8120	pass	
TestMapIterDeleteReplace/8121	pass	
TestMapIterDeleteReplace/8122	pass	
TestMapIterDeleteReplace/8123	pass	
TestMapIterDeleteReplace/8124	pass	
TestMapIterDeleteReplace/8125	pass	
TestMapIterDeleteReplace/8126	pass	
TestMapIterDeleteReplace/8127	pass	
TestMapIterDeleteReplace/8128	pass	
TestMapIterDeleteReplace/8129	pass	
TestMapIterDeleteReplace/813	pass	
TestMapIterDeleteReplace/8130	pass	
TestMapIterDeleteReplace/8131	pass	
TestMapIterDeleteReplace/8132	pass	
TestMapIterDeleteReplace/8133	pass	
TestMapIterDeleteReplace/8134	pass	
TestMapIterDeleteReplace/8135	pass	
TestMapIterDeleteReplace/8136	pass	
TestMapIterDeleteReplace/8137	pass	
TestMapIterDeleteReplace/8138	pass	
TestMapIterDeleteReplace/8139	pass	
TestMapIterDeleteReplace/814	pass	
TestMapIterDeleteReplace/8140	pass	
TestMapIterDeleteReplace/8141	pass	
TestMapIterDeleteReplace/8142	pass	
TestMapIterDeleteReplace/8143	pass	
TestMapIterDeleteReplace/8144	pass	
TestMapIterDeleteReplace/8145	pass	
TestMapIterDeleteReplace/8146	pass	
TestMapIterDeleteReplace/8147	pass	
TestMapIterDeleteReplace/8148	pass	
TestMapIterDeleteReplace/8149	pass	
TestMapIterDeleteReplace/815	pass	
TestMapIterDeleteReplace/8150	pass	
TestMapIterDeleteReplace/8151	pass	
TestMapIterDeleteReplace/8152	pass	
TestMapIterDeleteReplace/8153	pass	
TestMapIterDeleteReplace/8154	pass	
TestMapIterDeleteReplace/8155	pass	
TestMapIterDeleteReplace/8156	pass	
TestMapIterDeleteReplace/8157	pass	
TestMapIterDeleteReplace/8158	pass	
TestMapIterDeleteReplace/8159	pass	
TestMapIterDeleteReplace/816	pass	
TestMapIterDeleteReplace/8160	pass	
TestMapIterDeleteReplace/8161	pass	
TestMapIterDeleteReplace/8162	pass	
TestMapIterDeleteReplace/8163	pass	
TestMapIterDeleteReplace/8164	pass	
TestMapIterDeleteReplace/8165	pass	
TestMapIterDeleteReplace/8166	pass	
TestMapIterDeleteReplace/8167	pass	
TestMapIterDeleteReplace/8168	pass	
TestMapIterDeleteReplace/8169	pass	
TestMapIterDeleteReplace/817	pass	
TestMapIterDeleteReplace/8170	pass	
TestMapIterDeleteReplace/8171	pass	
TestMapIterDeleteReplace/8172	pass	
TestMapIterDeleteReplace/8173	pass	
TestMapIterDeleteReplace/8174	pass	
TestMapIterDeleteReplace/8175	pass	
TestMapIterDeleteReplace/8176	pass	
TestMapIterDeleteReplace/8177	pass	
TestMapIterDeleteReplace/8178	pass	
TestMapIterDeleteReplace/8179	pass	
TestMapIterDeleteReplace/818	pass	
TestMapIterDeleteReplace/8180	pass	
TestMapIterDeleteReplace/8181	pass	
TestMapIterDeleteReplace/8182	pass	
TestMapIterDeleteReplace/8183	pass	
TestMapIterDeleteReplace/8184	pass	
TestMapIterDeleteReplace/8185	pass	
TestMapIterDeleteReplace/8186	pass	
TestMapIterDeleteReplace/8187	pass	
TestMapIterDeleteReplace/8188	pass	
TestMapIterDeleteReplace/8189	pass	
TestMapIterDeleteReplace/819	pass	
TestMapIterDeleteReplace/8190	pass	
TestMapIterDeleteReplace/8191	pass	
TestMapIterDeleteReplace/8192	pass	
TestMapIterDeleteReplace/8193	pass	
TestMapIterDeleteReplace/8194	pass	
TestMapIterDeleteReplace/8195	pass	
TestMapIterDeleteReplace/8196	pass	
TestMapIterDeleteReplace/8197	pass	
TestMapIterDeleteReplace/8198	pass	
TestMapIterDeleteReplace/8199	pass	
TestMapIterDeleteReplace/82	pass	
TestMapIterDeleteReplace/820	pass	
TestMapIterDeleteReplace/8200	pass	
TestMapIterDeleteReplace/8201	pass	
TestMapIterDeleteReplace/8202	pass	
TestMapIterDeleteReplace/8203	pass	
TestMapIterDeleteReplace/8204	pass	
TestMapIterDeleteReplace/8205	pass	
TestMapIterDeleteReplace/8206	pass	
TestMapIterDeleteReplace/8207	pass	
TestMapIterDeleteReplace/8208	pass	
TestMapIterDeleteReplace/8209	pass	
TestMapIterDeleteReplace/821	pass	
TestMapIterDeleteReplace/8210	pass	
TestMapIterDeleteReplace/8211	pass	
TestMapIterDeleteReplace/8212	pass	
TestMapIterDeleteReplace/8213	pass	
TestMapIterDeleteReplace/8214	pass	
TestMapIterDeleteReplace/8215	pass	
TestMapIterDeleteReplace/8216	pass	
TestMapIterDeleteReplace/8217	pass	
TestMapIterDeleteReplace/8218	pass	
TestMapIterDeleteReplace/8219	pass	
TestMapIterDeleteReplace/822	pass	
TestMapIterDeleteReplace/8220	pass	
TestMapIterDeleteReplace/8221	pass	
TestMapIterDeleteReplace/8222	pass	
TestMapIterDeleteReplace/8223	pass	
TestMapIterDeleteReplace/8224	pass	
TestMapIterDeleteReplace/8225	pass	
TestMapIterDeleteReplace/8226	pass	
TestMapIterDeleteReplace/8227	pass	
TestMapIterDeleteReplace/8228	pass	
TestMapIterDeleteReplace/8229	pass	
TestMapIterDeleteReplace/823	pass	
TestMapIterDeleteReplace/8230	pass	
TestMapIterDeleteReplace/8231	pass	
TestMapIterDeleteReplace/8232	pass	
TestMapIterDeleteReplace/8233	pass	
TestMapIterDeleteReplace/8234	pass	
TestMapIterDeleteReplace/8235	pass	
TestMapIterDeleteReplace/8236	pass	
TestMapIterDeleteReplace/8237	pass	
TestMapIterDeleteReplace/8238	pass	
TestMapIterDeleteReplace/8239	pass	
TestMapIterDeleteReplace/824	pass	
TestMapIterDeleteReplace/8240	pass	
TestMapIterDeleteReplace/8241	pass	
TestMapIterDeleteReplace/8242	pass	
TestMapIterDeleteReplace/8243	pass	
TestMapIterDeleteReplace/8244	pass	
TestMapIterDeleteReplace/8245	pass	
TestMapIterDeleteReplace/8246	pass	
TestMapIterDeleteReplace/8247	pass	
TestMapIterDeleteReplace/8248	pass	
TestMapIterDeleteReplace/8249	pass	
TestMapIterDeleteReplace/825	pass	
TestMapIterDeleteReplace/8250	pass	
TestMapIterDeleteReplace/8251	pass	
TestMapIterDeleteReplace/8252	pass	
TestMapIterDeleteReplace/8253	pass	
TestMapIterDeleteReplace/8254	pass	
TestMapIterDeleteReplace/8255	pass	
TestMapIterDeleteReplace/8256	pass	
TestMapIterDeleteReplace/8257	pass	
TestMapIterDeleteReplace/8258	pass	
TestMapIterDeleteReplace/8259	pass	
TestMapIterDeleteReplace/826	pass	
TestMapIterDeleteReplace/8260	pass	
TestMapIterDeleteReplace/8261	pass	
TestMapIterDeleteReplace/8262	pass	
TestMapIterDeleteReplace/8263	pass	
TestMapIterDeleteReplace/8264	pass	
TestMapIterDeleteReplace/8265	pass	
TestMapIterDeleteReplace/8266	pass	
TestMapIterDeleteReplace/8267	pass	
TestMapIterDeleteReplace/8268	pass	
TestMapIterDeleteReplace/8269	pass	
TestMapIterDeleteReplace/827	pass	
TestMapIterDeleteReplace/8270	pass	
TestMapIterDeleteReplace/8271	pass	
TestMapIterDeleteReplace/8272	pass	
TestMapIterDeleteReplace/8273	pass	
TestMapIterDeleteReplace/8274	pass	
TestMapIterDeleteReplace/8275	pass	
TestMapIterDeleteReplace/8276	pass	
TestMapIterDeleteReplace/8277	pass	
TestMapIterDeleteReplace/8278	pass	
TestMapIterDeleteReplace/8279	pass	
TestMapIterDeleteReplace/828	pass	
TestMapIterDeleteReplace/8280	pass	
TestMapIterDeleteReplace/8281	pass	
TestMapIterDeleteReplace/8282	pass	
TestMapIterDeleteReplace/8283	pass	
TestMapIterDeleteReplace/8284	pass	
TestMapIterDeleteReplace/8285	pass	
TestMapIterDeleteReplace/8286	pass	
TestMapIterDeleteReplace/8287	pass	
TestMapIterDeleteReplace/8288	pass	
TestMapIterDeleteReplace/8289	pass	
TestMapIterDeleteReplace/829	pass	
TestMapIterDeleteReplace/8290	pass	
TestMapIterDeleteReplace/8291	pass	
TestMapIterDeleteReplace/8292	pass	
TestMapIterDeleteReplace/8293	pass	
TestMapIterDeleteReplace/8294	pass	
TestMapIterDeleteReplace/8295	pass	
TestMapIterDeleteReplace/8296	pass	
TestMapIterDeleteReplace/8297	pass	
TestMapIterDeleteReplace/8298	pass	
TestMapIterDeleteReplace/8299	pass	
TestMapIterDeleteReplace/83	pass	
TestMapIterDeleteReplace/830	pass	
TestMapIterDeleteReplace/8300	pass	
TestMapIterDeleteReplace/8301	pass	
TestMapIterDeleteReplace/8302	pass	
TestMapIterDeleteReplace/8303	pass	
TestMapIterDeleteReplace/8304	pass	
TestMapIterDeleteReplace/8305	pass	
TestMapIterDeleteReplace/8306	pass	
TestMapIterDeleteReplace/8307	pass	
TestMapIterDeleteReplace/8308	pass	
TestMapIterDeleteReplace/8309	pass	
TestMapIterDeleteReplace/831	pass	
TestMapIterDeleteReplace/8310	pass	
TestMapIterDeleteReplace/8311	pass	
TestMapIterDeleteReplace/8312	pass	
TestMapIterDeleteReplace/8313	pass	
TestMapIterDeleteReplace/8314	pass	
TestMapIterDeleteReplace/8315	pass	
TestMapIterDeleteReplace/8316	pass	
TestMapIterDeleteReplace/8317	pass	
TestMapIterDeleteReplace/8318	pass	
TestMapIterDeleteReplace/8319	pass	
TestMapIterDeleteReplace/832	pass	
TestMapIterDeleteReplace/8320	pass	
TestMapIterDeleteReplace/8321	pass	
TestMapIterDeleteReplace/8322	pass	
TestMapIterDeleteReplace/8323	pass	
TestMapIterDeleteReplace/8324	pass	
TestMapIterDeleteReplace/8325	pass	
TestMapIterDeleteReplace/8326	pass	
TestMapIterDeleteReplace/8327	pass	
TestMapIterDeleteReplace/8328	pass	
TestMapIterDeleteReplace/8329	pass	
TestMapIterDeleteReplace/833	pass	
TestMapIterDeleteReplace/8330	pass	
TestMapIterDeleteReplace/8331	pass	
TestMapIterDeleteReplace/8332	pass	
TestMapIterDeleteReplace/8333	pass	
TestMapIterDeleteReplace/8334	pass	
TestMapIterDeleteReplace/8335	pass	
TestMapIterDeleteReplace/8336	pass	
TestMapIterDeleteReplace/8337	pass	
TestMapIterDeleteReplace/8338	pass	
TestMapIterDeleteReplace/8339	pass	
TestMapIterDeleteReplace/834	pass	
TestMapIterDeleteReplace/8340	pass	
TestMapIterDeleteReplace/8341	pass	
TestMapIterDeleteReplace/8342	pass	
TestMapIterDeleteReplace/8343	pass	
TestMapIterDeleteReplace/8344	pass	
TestMapIterDeleteReplace/8345	pass	
TestMapIterDeleteReplace/8346	pass	
TestMapIterDeleteReplace/8347	pass	
TestMapIterDeleteReplace/8348	pass	
TestMapIterDeleteReplace/8349	pass	
TestMapIterDeleteReplace/835	pass	
TestMapIterDeleteReplace/8350	pass	
TestMapIterDeleteReplace/8351	pass	
TestMapIterDeleteReplace/8352	pass	
TestMapIterDeleteReplace/8353	pass	
TestMapIterDeleteReplace/8354	pass	
TestMapIterDeleteReplace/8355	pass	
TestMapIterDeleteReplace/8356	pass	
TestMapIterDeleteReplace/8357	pass	
TestMapIterDeleteReplace/8358	pass	
TestMapIterDeleteReplace/8359	pass	
TestMapIterDeleteReplace/836	pass	
TestMapIterDeleteReplace/8360	pass	
TestMapIterDeleteReplace/8361	pass	
TestMapIterDeleteReplace/8362	pass	
TestMapIterDeleteReplace/8363	pass	
TestMapIterDeleteReplace/8364	pass	
TestMapIterDeleteReplace/8365	pass	
TestMapIterDeleteReplace/8366	pass	
TestMapIterDeleteReplace/8367	pass	
TestMapIterDeleteReplace/8368	pass	
TestMapIterDeleteReplace/8369	pass	
TestMapIterDeleteReplace/837	pass	
TestMapIterDeleteReplace/8370	pass	
TestMapIterDeleteReplace/8371	pass	
TestMapIterDeleteReplace/8372	pass	
TestMapIterDeleteReplace/8373	pass	
TestMapIterDeleteReplace/8374	pass	
TestMapIterDeleteReplace/8375	pass	
TestMapIterDeleteReplace/8376	pass	
TestMapIterDeleteReplace/8377	pass	
TestMapIterDeleteReplace/8378	pass	
TestMapIterDeleteReplace/8379	pass	
TestMapIterDeleteReplace/838	pass	
TestMapIterDeleteReplace/8380	pass	
TestMapIterDeleteReplace/8381	pass	
TestMapIterDeleteReplace/8382	pass	
TestMapIterDeleteReplace/8383	pass	
TestMapIterDeleteReplace/8384	pass	
TestMapIterDeleteReplace/8385	pass	
TestMapIterDeleteReplace/8386	pass	
TestMapIterDeleteReplace/8387	pass	
TestMapIterDeleteReplace/8388	pass	
TestMapIterDeleteReplace/8389	pass	
TestMapIterDeleteReplace/839	pass	
TestMapIterDeleteReplace/8390	pass	
TestMapIterDeleteReplace/8391	pass	
TestMapIterDeleteReplace/8392	pass	
TestMapIterDeleteReplace/8393	pass	
TestMapIterDeleteReplace/8394	pass	
TestMapIterDeleteReplace/8395	pass	
TestMapIterDeleteReplace/8396	pass	
TestMapIterDeleteReplace/8397	pass	
TestMapIterDeleteReplace/8398	pass	
TestMapIterDeleteReplace/8399	pass	
TestMapIterDeleteReplace/84	pass	
TestMapIterDeleteReplace/840	pass	
TestMapIterDeleteReplace/8400	pass	
TestMapIterDeleteReplace/8401	pass	
TestMapIterDeleteReplace/8402	pass	
TestMapIterDeleteReplace/8403	pass	
TestMapIterDeleteReplace/8404	pass	
TestMapIterDeleteReplace/8405	pass	
TestMapIterDeleteReplace/8406	pass	
TestMapIterDeleteReplace/8407	pass	
TestMapIterDeleteReplace/8408	pass	
TestMapIterDeleteReplace/8409	pass	
TestMapIterDeleteReplace/841	pass	
TestMapIterDeleteReplace/8410	pass	
TestMapIterDeleteReplace/8411	pass	
TestMapIterDeleteReplace/8412	pass	
TestMapIterDeleteReplace/8413	pass	
TestMapIterDeleteReplace/8414	pass	
TestMapIterDeleteReplace/8415	pass	
TestMapIterDeleteReplace/8416	pass	
TestMapIterDeleteReplace/8417	pass	
TestMapIterDeleteReplace/8418	pass	
TestMapIterDeleteReplace/8419	pass	
TestMapIterDeleteReplace/842	pass	
TestMapIterDeleteReplace/8420	pass	
TestMapIterDeleteReplace/8421	pass	
TestMapIterDeleteReplace/8422	pass	
TestMapIterDeleteReplace/8423	pass	
TestMapIterDeleteReplace/8424	pass	
TestMapIterDeleteReplace/8425	pass	
TestMapIterDeleteReplace/8426	pass	
TestMapIterDeleteReplace/8427	pass	
TestMapIterDeleteReplace/8428	pass	
TestMapIterDeleteReplace/8429	pass	
TestMapIterDeleteReplace/843	pass	
TestMapIterDeleteReplace/8430	pass	
TestMapIterDeleteReplace/8431	pass	
TestMapIterDeleteReplace/8432	pass	
TestMapIterDeleteReplace/8433	pass	
TestMapIterDeleteReplace/8434	pass	
TestMapIterDeleteReplace/8435	pass	
TestMapIterDeleteReplace/8436	pass	
TestMapIterDeleteReplace/8437	pass	
TestMapIterDeleteReplace/8438	pass	
TestMapIterDeleteReplace/8439	pass	
TestMapIterDeleteReplace/844	pass	
TestMapIterDeleteReplace/8440	pass	
TestMapIterDeleteReplace/8441	pass	
TestMapIterDeleteReplace/8442	pass	
TestMapIterDeleteReplace/8443	pass	
TestMapIterDeleteReplace/8444	pass	
TestMapIterDeleteReplace/8445	pass	
TestMapIterDeleteReplace/8446	pass	
TestMapIterDeleteReplace/8447	pass	
TestMapIterDeleteReplace/8448	pass	
TestMapIterDeleteReplace/8449	pass	
TestMapIterDeleteReplace/845	pass	
TestMapIterDeleteReplace/8450	pass	
TestMapIterDeleteReplace/8451	pass	
TestMapIterDeleteReplace/8452	pass	
TestMapIterDeleteReplace/8453	pass	
TestMapIterDeleteReplace/8454	pass	
TestMapIterDeleteReplace/8455	pass	
TestMapIterDeleteReplace/8456	pass	
TestMapIterDeleteReplace/8457	pass	
TestMapIterDeleteReplace/8458	pass	
TestMapIterDeleteReplace/8459	pass	
TestMapIterDeleteReplace/846	pass	
TestMapIterDeleteReplace/8460	pass	
TestMapIterDeleteReplace/8461	pass	
TestMapIterDeleteReplace/8462	pass	
TestMapIterDeleteReplace/8463	pass	
TestMapIterDeleteReplace/8464	pass	
TestMapIterDeleteReplace/8465	pass	
TestMapIterDeleteReplace/8466	pass	
TestMapIterDeleteReplace/8467	pass	
TestMapIterDeleteReplace/8468	pass	
TestMapIterDeleteReplace/8469	pass	
TestMapIterDeleteReplace/847	pass	
TestMapIterDeleteReplace/8470	pass	
TestMapIterDeleteReplace/8471	pass	
TestMapIterDeleteReplace/8472	pass	
TestMapIterDeleteReplace/8473	pass	
TestMapIterDeleteReplace/8474	pass	
TestMapIterDeleteReplace/8475	pass	
TestMapIterDeleteReplace/8476	pass	
TestMapIterDeleteReplace/8477	pass	
TestMapIterDeleteReplace/8478	pass	
TestMapIterDeleteReplace/8479	pass	
TestMapIterDeleteReplace/848	pass	
TestMapIterDeleteReplace/8480	pass	
TestMapIterDeleteReplace/8481	pass	
TestMapIterDeleteReplace/8482	pass	
TestMapIterDeleteReplace/8483	pass	
TestMapIterDeleteReplace/8484	pass	
TestMapIterDeleteReplace/8485	pass	
TestMapIterDeleteReplace/8486	pass	
TestMapIterDeleteReplace/8487	pass	
TestMapIterDeleteReplace/8488	pass	
TestMapIterDeleteReplace/8489	pass	
TestMapIterDeleteReplace/849	pass	
TestMapIterDeleteReplace/8490	pass	
TestMapIterDeleteReplace/8491	pass	
TestMapIterDeleteReplace/8492	pass	
TestMapIterDeleteReplace/8493	pass	
TestMapIterDeleteReplace/8494	pass	
TestMapIterDeleteReplace/8495	pass	
TestMapIterDeleteReplace/8496	pass	
TestMapIterDeleteReplace/8497	pass	
TestMapIterDeleteReplace/8498	pass	
TestMapIterDeleteReplace/8499	pass	
TestMapIterDeleteReplace/85	pass	
TestMapIterDeleteReplace/850	pass	
TestMapIterDeleteReplace/8500	pass	
TestMapIterDeleteReplace/8501	pass	
TestMapIterDeleteReplace/8502	pass	
TestMapIterDeleteReplace/8503	pass	
TestMapIterDeleteReplace/8504	pass	
TestMapIterDeleteReplace/8505	pass	
TestMapIterDeleteReplace/8506	pass	
TestMapIterDeleteReplace/8507	pass	
TestMapIterDeleteReplace/8508	pass	
TestMapIterDeleteReplace/8509	pass	
TestMapIterDeleteReplace/851	pass	
TestMapIterDeleteReplace/8510	pass	
TestMapIterDeleteReplace/8511	pass	
TestMapIterDeleteReplace/8512	pass	
TestMapIterDeleteReplace/8513	pass	
TestMapIterDeleteReplace/8514	pass	
TestMapIterDeleteReplace/8515	pass	
TestMapIterDeleteReplace/8516	pass	
TestMapIterDeleteReplace/8517	pass	
TestMapIterDeleteReplace/8518	pass	
TestMapIterDeleteReplace/8519	pass	
TestMapIterDeleteReplace/852	pass	
TestMapIterDeleteReplace/8520	pass	
TestMapIterDeleteReplace/8521	pass	
TestMapIterDeleteReplace/8522	pass	
TestMapIterDeleteReplace/8523	pass	
TestMapIterDeleteReplace/8524	pass	
TestMapIterDeleteReplace/8525	pass	
TestMapIterDeleteReplace/8526	pass	
TestMapIterDeleteReplace/8527	pass	
TestMapIterDeleteReplace/8528	pass	
TestMapIterDeleteReplace/8529	pass	
TestMapIterDeleteReplace/853	pass	
TestMapIterDeleteReplace/8530	pass	
TestMapIterDeleteReplace/8531	pass	
TestMapIterDeleteReplace/8532	pass	
TestMapIterDeleteReplace/8533	pass	
TestMapIterDeleteReplace/8534	pass	
TestMapIterDeleteReplace/8535	pass	
TestMapIterDeleteReplace/8536	pass	
TestMapIterDeleteReplace/8537	pass	
TestMapIterDeleteReplace/8538	pass	
TestMapIterDeleteReplace/8539	pass	
TestMapIterDeleteReplace/854	pass	
TestMapIterDeleteReplace/8540	pass	
TestMapIterDeleteReplace/8541	pass	
TestMapIterDeleteReplace/8542	pass	
TestMapIterDeleteReplace/8543	pass	
TestMapIterDeleteReplace/8544	pass	
TestMapIterDeleteReplace/8545	pass	
TestMapIterDeleteReplace/8546	pass	
TestMapIterDeleteReplace/8547	pass	
TestMapIterDeleteReplace/8548	pass	
TestMapIterDeleteReplace/8549	pass	
TestMapIterDeleteReplace/855	pass	
TestMapIterDeleteReplace/8550	pass	
TestMapIterDeleteReplace/8551	pass	
TestMapIterDeleteReplace/8552	pass	
TestMapIterDeleteReplace/8553	pass	
TestMapIterDeleteReplace/8554	pass	
TestMapIterDeleteReplace/8555	pass	
TestMapIterDeleteReplace/8556	pass	
TestMapIterDeleteReplace/8557	pass	
TestMapIterDeleteReplace/8558	pass	
TestMapIterDeleteReplace/8559	pass	
TestMapIterDeleteReplace/856	pass	
TestMapIterDeleteReplace/8560	pass	
TestMapIterDeleteReplace/8561	pass	
TestMapIterDeleteReplace/8562	pass	
TestMapIterDeleteReplace/8563	pass	
TestMapIterDeleteReplace/8564	pass	
TestMapIterDeleteReplace/8565	pass	
TestMapIterDeleteReplace/8566	pass	
TestMapIterDeleteReplace/8567	pass	
TestMapIterDeleteReplace/8568	pass	
TestMapIterDeleteReplace/8569	pass	
TestMapIterDeleteReplace/857	pass	
TestMapIterDeleteReplace/8570	pass	
TestMapIterDeleteReplace/8571	pass	
TestMapIterDeleteReplace/8572	pass	
TestMapIterDeleteReplace/8573	pass	
TestMapIterDeleteReplace/8574	pass	
TestMapIterDeleteReplace/8575	pass	
TestMapIterDeleteReplace/8576	pass	
TestMapIterDeleteReplace/8577	pass	
TestMapIterDeleteReplace/8578	pass	
TestMapIterDeleteReplace/8579	pass	
TestMapIterDeleteReplace/858	pass	
TestMapIterDeleteReplace/8580	pass	
TestMapIterDeleteReplace/8581	pass	
TestMapIterDeleteReplace/8582	pass	
TestMapIterDeleteReplace/8583	pass	
TestMapIterDeleteReplace/8584	pass	
TestMapIterDeleteReplace/8585	pass	
TestMapIterDeleteReplace/8586	pass	
TestMapIterDeleteReplace/8587	pass	
TestMapIterDeleteReplace/8588	pass	
TestMapIterDeleteReplace/8589	pass	
TestMapIterDeleteReplace/859	pass	
TestMapIterDeleteReplace/8590	pass	
TestMapIterDeleteReplace/8591	pass	
TestMapIterDeleteReplace/8592	pass	
TestMapIterDeleteReplace/8593	pass	
TestMapIterDeleteReplace/8594	pass	
TestMapIterDeleteReplace/8595	pass	
TestMapIterDeleteReplace/8596	pass	
TestMapIterDeleteReplace/8597	pass	
TestMapIterDeleteReplace/8598	pass	
TestMapIterDeleteReplace/8599	pass	
TestMapIterDeleteReplace/86	pass	
TestMapIterDeleteReplace/860	pass	
TestMapIterDeleteReplace/8600	pass	
TestMapIterDeleteReplace/8601	pass	
TestMapIterDeleteReplace/8602	pass	
TestMapIterDeleteReplace/8603	pass	
TestMapIterDeleteReplace/8604	pass	
TestMapIterDeleteReplace/8605	pass	
TestMapIterDeleteReplace/8606	pass	
TestMapIterDeleteReplace/8607	pass	
TestMapIterDeleteReplace/8608	pass	
TestMapIterDeleteReplace/8609	pass	
TestMapIterDeleteReplace/861	pass	
TestMapIterDeleteReplace/8610	pass	
TestMapIterDeleteReplace/8611	pass	
TestMapIterDeleteReplace/8612	pass	
TestMapIterDeleteReplace/8613	pass	
TestMapIterDeleteReplace/8614	pass	
TestMapIterDeleteReplace/8615	pass	
TestMapIterDeleteReplace/8616	pass	
TestMapIterDeleteReplace/8617	pass	
TestMapIterDeleteReplace/8618	pass	
TestMapIterDeleteReplace/8619	pass	
TestMapIterDeleteReplace/862	pass	
TestMapIterDeleteReplace/8620	pass	
TestMapIterDeleteReplace/8621	pass	
TestMapIterDeleteReplace/8622	pass	
TestMapIterDeleteReplace/8623	pass	
TestMapIterDeleteReplace/8624	pass	
TestMapIterDeleteReplace/8625	pass	
TestMapIterDeleteReplace/8626	pass	
TestMapIterDeleteReplace/8627	pass	
TestMapIterDeleteReplace/8628	pass	
TestMapIterDeleteReplace/8629	pass	
TestMapIterDeleteReplace/863	pass	
TestMapIterDeleteReplace/8630	pass	
TestMapIterDeleteReplace/8631	pass	
TestMapIterDeleteReplace/8632	pass	
TestMapIterDeleteReplace/8633	pass	
TestMapIterDeleteReplace/8634	pass	
TestMapIterDeleteReplace/8635	pass	
TestMapIterDeleteReplace/8636	pass	
TestMapIterDeleteReplace/8637	pass	
TestMapIterDeleteReplace/8638	pass	
TestMapIterDeleteReplace/8639	pass	
TestMapIterDeleteReplace/864	pass	
TestMapIterDeleteReplace/8640	pass	
TestMapIterDeleteReplace/8641	pass	
TestMapIterDeleteReplace/8642	pass	
TestMapIterDeleteReplace/8643	pass	
TestMapIterDeleteReplace/8644	pass	
TestMapIterDeleteReplace/8645	pass	
TestMapIterDeleteReplace/8646	pass	
TestMapIterDeleteReplace/8647	pass	
TestMapIterDeleteReplace/8648	pass	
TestMapIterDeleteReplace/8649	pass	
TestMapIterDeleteReplace/865	pass	
TestMapIterDeleteReplace/8650	pass	
TestMapIterDeleteReplace/8651	pass	
TestMapIterDeleteReplace/8652	pass	
TestMapIterDeleteReplace/8653	pass	
TestMapIterDeleteReplace/8654	pass	
TestMapIterDeleteReplace/8655	pass	
TestMapIterDeleteReplace/8656	pass	
TestMapIterDeleteReplace/8657	pass	
TestMapIterDeleteReplace/8658	pass	
TestMapIterDeleteReplace/8659	pass	
TestMapIterDeleteReplace/866	pass	
TestMapIterDeleteReplace/8660	pass	
TestMapIterDeleteReplace/8661	pass	
TestMapIterDeleteReplace/8662	pass	
TestMapIterDeleteReplace/8663	pass	
TestMapIterDeleteReplace/8664	pass	
TestMapIterDeleteReplace/8665	pass	
TestMapIterDeleteReplace/8666	pass	
TestMapIterDeleteReplace/8667	pass	
TestMapIterDeleteReplace/8668	pass	
TestMapIterDeleteReplace/8669	pass	
TestMapIterDeleteReplace/867	pass	
TestMapIterDeleteReplace/8670	pass	
TestMapIterDeleteReplace/8671	pass	
TestMapIterDeleteReplace/8672	pass	
TestMapIterDeleteReplace/8673	pass	
TestMapIterDeleteReplace/8674	pass	
TestMapIterDeleteReplace/8675	pass	
TestMapIterDeleteReplace/8676	pass	
TestMapIterDeleteReplace/8677	pass	
TestMapIterDeleteReplace/8678	pass	
TestMapIterDeleteReplace/8679	pass	
TestMapIterDeleteReplace/868	pass	
TestMapIterDeleteReplace/8680	pass	
TestMapIterDeleteReplace/8681	pass	
TestMapIterDeleteReplace/8682	pass	
TestMapIterDeleteReplace/8683	pass	
TestMapIterDeleteReplace/8684	pass	
TestMapIterDeleteReplace/8685	pass	
TestMapIterDeleteReplace/8686	pass	
TestMapIterDeleteReplace/8687	pass	
TestMapIterDeleteReplace/8688	pass	
TestMapIterDeleteReplace/8689	pass	
TestMapIterDeleteReplace/869	pass	
TestMapIterDeleteReplace/8690	pass	
TestMapIterDeleteReplace/8691	pass	
TestMapIterDeleteReplace/8692	pass	
TestMapIterDeleteReplace/8693	pass	
TestMapIterDeleteReplace/8694	pass	
TestMapIterDeleteReplace/8695	pass	
TestMapIterDeleteReplace/8696	pass	
TestMapIterDeleteReplace/8697	pass	
TestMapIterDeleteReplace/8698	pass	
TestMapIterDeleteReplace/8699	pass	
TestMapIterDeleteReplace/87	pass	
TestMapIterDeleteReplace/870	pass	
TestMapIterDeleteReplace/8700	pass	
TestMapIterDeleteReplace/8701	pass	
TestMapIterDeleteReplace/8702	pass	
TestMapIterDeleteReplace/8703	pass	
TestMapIterDeleteReplace/8704	pass	
TestMapIterDeleteReplace/8705	pass	
TestMapIterDeleteReplace/8706	pass	
TestMapIterDeleteReplace/8707	pass	
TestMapIterDeleteReplace/8708	pass	
TestMapIterDeleteReplace/8709	pass	
TestMapIterDeleteReplace/871	pass	
TestMapIterDeleteReplace/8710	pass	
TestMapIterDeleteReplace/8711	pass	
TestMapIterDeleteReplace/8712	pass	
TestMapIterDeleteReplace/8713	pass	
TestMapIterDeleteReplace/8714	pass	
TestMapIterDeleteReplace/8715	pass	
TestMapIterDeleteReplace/8716	pass	
TestMapIterDeleteReplace/8717	pass	
TestMapIterDeleteReplace/8718	pass	
TestMapIterDeleteReplace/8719	pass	
TestMapIterDeleteReplace/872	pass	
TestMapIterDeleteReplace/8720	pass	
TestMapIterDeleteReplace/8721	pass	
TestMapIterDeleteReplace/8722	pass	
TestMapIterDeleteReplace/8723	pass	
TestMapIterDeleteReplace/8724	pass	
TestMapIterDeleteReplace/8725	pass	
TestMapIterDeleteReplace/8726	pass	
TestMapIterDeleteReplace/8727	pass	
TestMapIterDeleteReplace/8728	pass	
TestMapIterDeleteReplace/8729	pass	
TestMapIterDeleteReplace/873	pass	
TestMapIterDeleteReplace/8730	pass	
TestMapIterDeleteReplace/8731	pass	
TestMapIterDeleteReplace/8732	pass	
TestMapIterDeleteReplace/8733	pass	
TestMapIterDeleteReplace/8734	pass	
TestMapIterDeleteReplace/8735	pass	
TestMapIterDeleteReplace/8736	pass	
TestMapIterDeleteReplace/8737	pass	
TestMapIterDeleteReplace/8738	pass	
TestMapIterDeleteReplace/8739	pass	
TestMapIterDeleteReplace/874	pass	
TestMapIterDeleteReplace/8740	pass	
TestMapIterDeleteReplace/8741	pass	
TestMapIterDeleteReplace/8742	pass	
TestMapIterDeleteReplace/8743	pass	
TestMapIterDeleteReplace/8744	pass	
TestMapIterDeleteReplace/8745	pass	
TestMapIterDeleteReplace/8746	pass	
TestMapIterDeleteReplace/8747	pass	
TestMapIterDeleteReplace/8748	pass	
TestMapIterDeleteReplace/8749	pass	
TestMapIterDeleteReplace/875	pass	
TestMapIterDeleteReplace/8750	pass	
TestMapIterDeleteReplace/8751	pass	
TestMapIterDeleteReplace/8752	pass	
TestMapIterDeleteReplace/8753	pass	
TestMapIterDeleteReplace/8754	pass	
TestMapIterDeleteReplace/8755	pass	
TestMapIterDeleteReplace/8756	pass	
TestMapIterDeleteReplace/8757	pass	
TestMapIterDeleteReplace/8758	pass	
TestMapIterDeleteReplace/8759	pass	
TestMapIterDeleteReplace/876	pass	
TestMapIterDeleteReplace/8760	pass	
TestMapIterDeleteReplace/8761	pass	
TestMapIterDeleteReplace/8762	pass	
TestMapIterDeleteReplace/8763	pass	
TestMapIterDeleteReplace/8764	pass	
TestMapIterDeleteReplace/8765	pass	
TestMapIterDeleteReplace/8766	pass	
TestMapIterDeleteReplace/8767	pass	
TestMapIterDeleteReplace/8768	pass	
TestMapIterDeleteReplace/8769	pass	
TestMapIterDeleteReplace/877	pass	
TestMapIterDeleteReplace/8770	pass	
TestMapIterDeleteReplace/8771	pass	
TestMapIterDeleteReplace/8772	pass	
TestMapIterDeleteReplace/8773	pass	
TestMapIterDeleteReplace/8774	pass	
TestMapIterDeleteReplace/8775	pass	
TestMapIterDeleteReplace/8776	pass	
TestMapIterDeleteReplace/8777	pass	
TestMapIterDeleteReplace/8778	pass	
TestMapIterDeleteReplace/8779	pass	
TestMapIterDeleteReplace/878	pass	
TestMapIterDeleteReplace/8780	pass	
TestMapIterDeleteReplace/8781	pass	
TestMapIterDeleteReplace/8782	pass	
TestMapIterDeleteReplace/8783	pass	
TestMapIterDeleteReplace/8784	pass	
TestMapIterDeleteReplace/8785	pass	
TestMapIterDeleteReplace/8786	pass	
TestMapIterDeleteReplace/8787	pass	
TestMapIterDeleteReplace/8788	pass	
TestMapIterDeleteReplace/8789	pass	
TestMapIterDeleteReplace/879	pass	
TestMapIterDeleteReplace/8790	pass	
TestMapIterDeleteReplace/8791	pass	
TestMapIterDeleteReplace/8792	pass	
TestMapIterDeleteReplace/8793	pass	
TestMapIterDeleteReplace/8794	pass	
TestMapIterDeleteReplace/8795	pass	
TestMapIterDeleteReplace/8796	pass	
TestMapIterDeleteReplace/8797	pass	
TestMapIterDeleteReplace/8798	pass	
TestMapIterDeleteReplace/8799	pass	
TestMapIterDeleteReplace/88	pass	
TestMapIterDeleteReplace/880	pass	
TestMapIterDeleteReplace/8800	pass	
TestMapIterDeleteReplace/8801	pass	
TestMapIterDeleteReplace/8802	pass	
TestMapIterDeleteReplace/8803	pass	
TestMapIterDeleteReplace/8804	pass	
TestMapIterDeleteReplace/8805	pass	
TestMapIterDeleteReplace/8806	pass	
TestMapIterDeleteReplace/8807	pass	
TestMapIterDeleteReplace/8808	pass	
TestMapIterDeleteReplace/8809	pass	
TestMapIterDeleteReplace/881	pass	
TestMapIterDeleteReplace/8810	pass	
TestMapIterDeleteReplace/8811	pass	
TestMapIterDeleteReplace/8812	pass	
TestMapIterDeleteReplace/8813	pass	
TestMapIterDeleteReplace/8814	pass	
TestMapIterDeleteReplace/8815	pass	
TestMapIterDeleteReplace/8816	pass	
TestMapIterDeleteReplace/8817	pass	
TestMapIterDeleteReplace/8818	pass	
TestMapIterDeleteReplace/8819	pass	
TestMapIterDeleteReplace/882	pass	
TestMapIterDeleteReplace/8820	pass	
TestMapIterDeleteReplace/8821	pass	
TestMapIterDeleteReplace/8822	pass	
TestMapIterDeleteReplace/8823	pass	
TestMapIterDeleteReplace/8824	pass	
TestMapIterDeleteReplace/8825	pass	
TestMapIterDeleteReplace/8826	pass	
TestMapIterDeleteReplace/8827	pass	
TestMapIterDeleteReplace/8828	pass	
TestMapIterDeleteReplace/8829	pass	
TestMapIterDeleteReplace/883	pass	
TestMapIterDeleteReplace/8830	pass	
TestMapIterDeleteReplace/8831	pass	
TestMapIterDeleteReplace/8832	pass	
TestMapIterDeleteReplace/8833	pass	
TestMapIterDeleteReplace/8834	pass	
TestMapIterDeleteReplace/8835	pass	
TestMapIterDeleteReplace/8836	pass	
TestMapIterDeleteReplace/8837	pass	
TestMapIterDeleteReplace/8838	pass	
TestMapIterDeleteReplace/8839	pass	
TestMapIterDeleteReplace/884	pass	
TestMapIterDeleteReplace/8840	pass	
TestMapIterDeleteReplace/8841	pass	
TestMapIterDeleteReplace/8842	pass	
TestMapIterDeleteReplace/8843	pass	
TestMapIterDeleteReplace/8844	pass	
TestMapIterDeleteReplace/8845	pass	
TestMapIterDeleteReplace/8846	pass	
TestMapIterDeleteReplace/8847	pass	
TestMapIterDeleteReplace/8848	pass	
TestMapIterDeleteReplace/8849	pass	
TestMapIterDeleteReplace/885	pass	
TestMapIterDeleteReplace/8850	pass	
TestMapIterDeleteReplace/8851	pass	
TestMapIterDeleteReplace/8852	pass	
TestMapIterDeleteReplace/8853	pass	
TestMapIterDeleteReplace/8854	pass	
TestMapIterDeleteReplace/8855	pass	
TestMapIterDeleteReplace/8856	pass	
TestMapIterDeleteReplace/8857	pass	
TestMapIterDeleteReplace/8858	pass	
TestMapIterDeleteReplace/8859	pass	
TestMapIterDeleteReplace/886	pass	
TestMapIterDeleteReplace/8860	pass	
TestMapIterDeleteReplace/8861	pass	
TestMapIterDeleteReplace/8862	pass	
TestMapIterDeleteReplace/8863	pass	
TestMapIterDeleteReplace/8864	pass	
TestMapIterDeleteReplace/8865	pass	
TestMapIterDeleteReplace/8866	pass	
TestMapIterDeleteReplace/8867	pass	
TestMapIterDeleteReplace/8868	pass	
TestMapIterDeleteReplace/8869	pass	
TestMapIterDeleteReplace/887	pass	
TestMapIterDeleteReplace/8870	pass	
TestMapIterDeleteReplace/8871	pass	
TestMapIterDeleteReplace/8872	pass	
TestMapIterDeleteReplace/8873	pass	
TestMapIterDeleteReplace/8874	pass	
TestMapIterDeleteReplace/8875	pass	
TestMapIterDeleteReplace/8876	pass	
TestMapIterDeleteReplace/8877	pass	
TestMapIterDeleteReplace/8878	pass	
TestMapIterDeleteReplace/8879	pass	
TestMapIterDeleteReplace/888	pass	
TestMapIterDeleteReplace/8880	pass	
TestMapIterDeleteReplace/8881	pass	
TestMapIterDeleteReplace/8882	pass	
TestMapIterDeleteReplace/8883	pass	
TestMapIterDeleteReplace/8884	pass	
TestMapIterDeleteReplace/8885	pass	
TestMapIterDeleteReplace/8886	pass	
TestMapIterDeleteReplace/8887	pass	
TestMapIterDeleteReplace/8888	pass	
TestMapIterDeleteReplace/8889	pass	
TestMapIterDeleteReplace/889	pass	
TestMapIterDeleteReplace/8890	pass	
TestMapIterDeleteReplace/8891	pass	
TestMapIterDeleteReplace/8892	pass	
TestMapIterDeleteReplace/8893	pass	
TestMapIterDeleteReplace/8894	pass	
TestMapIterDeleteReplace/8895	pass	
TestMapIterDeleteReplace/8896	pass	
TestMapIterDeleteReplace/8897	pass	
TestMapIterDeleteReplace/8898	pass	
TestMapIterDeleteReplace/8899	pass	
TestMapIterDeleteReplace/89	pass	
TestMapIterDeleteReplace/890	pass	
TestMapIterDeleteReplace/8900	pass	
TestMapIterDeleteReplace/8901	pass	
TestMapIterDeleteReplace/8902	pass	
TestMapIterDeleteReplace/8903	pass	
TestMapIterDeleteReplace/8904	pass	
TestMapIterDeleteReplace/8905	pass	
TestMapIterDeleteReplace/8906	pass	
TestMapIterDeleteReplace/8907	pass	
TestMapIterDeleteReplace/8908	pass	
TestMapIterDeleteReplace/8909	pass	
TestMapIterDeleteReplace/891	pass	
TestMapIterDeleteReplace/8910	pass	
TestMapIterDeleteReplace/8911	pass	
TestMapIterDeleteReplace/8912	pass	
TestMapIterDeleteReplace/8913	pass	
TestMapIterDeleteReplace/8914	pass	
TestMapIterDeleteReplace/8915	pass	
TestMapIterDeleteReplace/8916	pass	
TestMapIterDeleteReplace/8917	pass	
TestMapIterDeleteReplace/8918	pass	
TestMapIterDeleteReplace/8919	pass	
TestMapIterDeleteReplace/892	pass	
TestMapIterDeleteReplace/8920	pass	
TestMapIterDeleteReplace/8921	pass	
TestMapIterDeleteReplace/8922	pass	
TestMapIterDeleteReplace/8923	pass	
TestMapIterDeleteReplace/8924	pass	
TestMapIterDeleteReplace/8925	pass	
TestMapIterDeleteReplace/8926	pass	
TestMapIterDeleteReplace/8927	pass	
TestMapIterDeleteReplace/8928	pass	
TestMapIterDeleteReplace/8929	pass	
TestMapIterDeleteReplace/893	pass	
TestMapIterDeleteReplace/8930	pass	
TestMapIterDeleteReplace/8931	pass	
TestMapIterDeleteReplace/8932	pass	
TestMapIterDeleteReplace/8933	pass	
TestMapIterDeleteReplace/8934	pass	
TestMapIterDeleteReplace/8935	pass	
TestMapIterDeleteReplace/8936	pass	
TestMapIterDeleteReplace/8937	pass	
TestMapIterDeleteReplace/8938	pass	
TestMapIterDeleteReplace/8939	pass	
TestMapIterDeleteReplace/894	pass	
TestMapIterDeleteReplace/8940	pass	
TestMapIterDeleteReplace/8941	pass	
TestMapIterDeleteReplace/8942	pass	
TestMapIterDeleteReplace/8943	pass	
TestMapIterDeleteReplace/8944	pass	
TestMapIterDeleteReplace/8945	pass	
TestMapIterDeleteReplace/8946	pass	
TestMapIterDeleteReplace/8947	pass	
TestMapIterDeleteReplace/8948	pass	
TestMapIterDeleteReplace/8949	pass	
TestMapIterDeleteReplace/895	pass	
TestMapIterDeleteReplace/8950	pass	
TestMapIterDeleteReplace/8951	pass	
TestMapIterDeleteReplace/8952	pass	
TestMapIterDeleteReplace/8953	pass	
TestMapIterDeleteReplace/8954	pass	
TestMapIterDeleteReplace/8955	pass	
TestMapIterDeleteReplace/8956	pass	
TestMapIterDeleteReplace/8957	pass	
TestMapIterDeleteReplace/8958	pass	
TestMapIterDeleteReplace/8959	pass	
TestMapIterDeleteReplace/896	pass	
TestMapIterDeleteReplace/8960	pass	
TestMapIterDeleteReplace/8961	pass	
TestMapIterDeleteReplace/8962	pass	
TestMapIterDeleteReplace/8963	pass	
TestMapIterDeleteReplace/8964	pass	
TestMapIterDeleteReplace/8965	pass	
TestMapIterDeleteReplace/8966	pass	
TestMapIterDeleteReplace/8967	pass	
TestMapIterDeleteReplace/8968	pass	
TestMapIterDeleteReplace/8969	pass	
TestMapIterDeleteReplace/897	pass	
TestMapIterDeleteReplace/8970	pass	
TestMapIterDeleteReplace/8971	pass	
TestMapIterDeleteReplace/8972	pass	
TestMapIterDeleteReplace/8973	pass	
TestMapIterDeleteReplace/8974	pass	
TestMapIterDeleteReplace/8975	pass	
TestMapIterDeleteReplace/8976	pass	
TestMapIterDeleteReplace/8977	pass	
TestMapIterDeleteReplace/8978	pass	
TestMapIterDeleteReplace/8979	pass	
TestMapIterDeleteReplace/898	pass	
TestMapIterDeleteReplace/8980	pass	
TestMapIterDeleteReplace/8981	pass	
TestMapIterDeleteReplace/8982	pass	
TestMapIterDeleteReplace/8983	pass	
TestMapIterDeleteReplace/8984	pass	
TestMapIterDeleteReplace/8985	pass	
TestMapIterDeleteReplace/8986	pass	
TestMapIterDeleteReplace/8987	pass	
TestMapIterDeleteReplace/8988	pass	
TestMapIterDeleteReplace/8989	pass	
TestMapIterDeleteReplace/899	pass	
TestMapIterDeleteReplace/8990	pass	
TestMapIterDeleteReplace/8991	pass	
TestMapIterDeleteReplace/8992	pass	
TestMapIterDeleteReplace/8993	pass	
TestMapIterDeleteReplace/8994	pass	
TestMapIterDeleteReplace/8995	pass	
TestMapIterDeleteReplace/8996	pass	
TestMapIterDeleteReplace/8997	pass	
TestMapIterDeleteReplace/8998	pass	
TestMapIterDeleteReplace/8999	pass	
TestMapIterDeleteReplace/9	pass	
TestMapIterDeleteReplace/90	pass	
TestMapIterDeleteReplace/900	pass	
TestMapIterDeleteReplace/9000	pass	
TestMapIterDeleteReplace/9001	pass	
TestMapIterDeleteReplace/9002	pass	
TestMapIterDeleteReplace/9003	pass	
TestMapIterDeleteReplace/9004	pass	
TestMapIterDeleteReplace/9005	pass	
TestMapIterDeleteReplace/9006	pass	
TestMapIterDeleteReplace/9007	pass	
TestMapIterDeleteReplace/9008	pass	
TestMapIterDeleteReplace/9009	pass	
TestMapIterDeleteReplace/901	pass	
TestMapIterDeleteReplace/9010	pass	
TestMapIterDeleteReplace/9011	pass	
TestMapIterDeleteReplace/9012	pass	
TestMapIterDeleteReplace/9013	pass	
TestMapIterDeleteReplace/9014	pass	
TestMapIterDeleteReplace/9015	pass	
TestMapIterDeleteReplace/9016	pass	
TestMapIterDeleteReplace/9017	pass	
TestMapIterDeleteReplace/9018	pass	
TestMapIterDeleteReplace/9019	pass	
TestMapIterDeleteReplace/902	pass	
TestMapIterDeleteReplace/9020	pass	
TestMapIterDeleteReplace/9021	pass	
TestMapIterDeleteReplace/9022	pass	
TestMapIterDeleteReplace/9023	pass	
TestMapIterDeleteReplace/9024	pass	
TestMapIterDeleteReplace/9025	pass	
TestMapIterDeleteReplace/9026	pass	
TestMapIterDeleteReplace/9027	pass	
TestMapIterDeleteReplace/9028	pass	
TestMapIterDeleteReplace/9029	pass	
TestMapIterDeleteReplace/903	pass	
TestMapIterDeleteReplace/9030	pass	
TestMapIterDeleteReplace/9031	pass	
TestMapIterDeleteReplace/9032	pass	
TestMapIterDeleteReplace/9033	pass	
TestMapIterDeleteReplace/9034	pass	
TestMapIterDeleteReplace/9035	pass	
TestMapIterDeleteReplace/9036	pass	
TestMapIterDeleteReplace/9037	pass	
TestMapIterDeleteReplace/9038	pass	
TestMapIterDeleteReplace/9039	pass	
TestMapIterDeleteReplace/904	pass	
TestMapIterDeleteReplace/9040	pass	
TestMapIterDeleteReplace/9041	pass	
TestMapIterDeleteReplace/9042	pass	
TestMapIterDeleteReplace/9043	pass	
TestMapIterDeleteReplace/9044	pass	
TestMapIterDeleteReplace/9045	pass	
TestMapIterDeleteReplace/9046	pass	
TestMapIterDeleteReplace/9047	pass	
TestMapIterDeleteReplace/9048	pass	
TestMapIterDeleteReplace/9049	pass	
TestMapIterDeleteReplace/905	pass	
TestMapIterDeleteReplace/9050	pass	
TestMapIterDeleteReplace/9051	pass	
TestMapIterDeleteReplace/9052	pass	
TestMapIterDeleteReplace/9053	pass	
TestMapIterDeleteReplace/9054	pass	
TestMapIterDeleteReplace/9055	pass	
TestMapIterDeleteReplace/9056	pass	
TestMapIterDeleteReplace/9057	pass	
TestMapIterDeleteReplace/9058	pass	
TestMapIterDeleteReplace/9059	pass	
TestMapIterDeleteReplace/906	pass	
TestMapIterDeleteReplace/9060	pass	
TestMapIterDeleteReplace/9061	pass	
TestMapIterDeleteReplace/9062	pass	
TestMapIterDeleteReplace/9063	pass	
TestMapIterDeleteReplace/9064	pass	
TestMapIterDeleteReplace/9065	pass	
TestMapIterDeleteReplace/9066	pass	
TestMapIterDeleteReplace/9067	pass	
TestMapIterDeleteReplace/9068	pass	
TestMapIterDeleteReplace/9069	pass	
TestMapIterDeleteReplace/907	pass	
TestMapIterDeleteReplace/9070	pass	
TestMapIterDeleteReplace/9071	pass	
TestMapIterDeleteReplace/9072	pass	
TestMapIterDeleteReplace/9073	pass	
TestMapIterDeleteReplace/9074	pass	
TestMapIterDeleteReplace/9075	pass	
TestMapIterDeleteReplace/9076	pass	
TestMapIterDeleteReplace/9077	pass	
TestMapIterDeleteReplace/9078	pass	
TestMapIterDeleteReplace/9079	pass	
TestMapIterDeleteReplace/908	pass	
TestMapIterDeleteReplace/9080	pass	
TestMapIterDeleteReplace/9081	pass	
TestMapIterDeleteReplace/9082	pass	
TestMapIterDeleteReplace/9083	pass	
TestMapIterDeleteReplace/9084	pass	
TestMapIterDeleteReplace/9085	pass	
TestMapIterDeleteReplace/9086	pass	
TestMapIterDeleteReplace/9087	pass	
TestMapIterDeleteReplace/9088	pass	
TestMapIterDeleteReplace/9089	pass	
TestMapIterDeleteReplace/909	pass	
TestMapIterDeleteReplace/9090	pass	
TestMapIterDeleteReplace/9091	pass	
TestMapIterDeleteReplace/9092	pass	
TestMapIterDeleteReplace/9093	pass	
TestMapIterDeleteReplace/9094	pass	
TestMapIterDeleteReplace/9095	pass	
TestMapIterDeleteReplace/9096	pass	
TestMapIterDeleteReplace/9097	pass	
TestMapIterDeleteReplace/9098	pass	
TestMapIterDeleteReplace/9099	pass	
TestMapIterDeleteReplace/91	pass	
TestMapIterDeleteReplace/910	pass	
TestMapIterDeleteReplace/9100	pass	
TestMapIterDeleteReplace/9101	pass	
TestMapIterDeleteReplace/9102	pass	
TestMapIterDeleteReplace/9103	pass	
TestMapIterDeleteReplace/9104	pass	
TestMapIterDeleteReplace/9105	pass	
TestMapIterDeleteReplace/9106	pass	
TestMapIterDeleteReplace/9107	pass	
TestMapIterDeleteReplace/9108	pass	
TestMapIterDeleteReplace/9109	pass	
TestMapIterDeleteReplace/911	pass	
TestMapIterDeleteReplace/9110	pass	
TestMapIterDeleteReplace/9111	pass	
TestMapIterDeleteReplace/9112	pass	
TestMapIterDeleteReplace/9113	pass	
TestMapIterDeleteReplace/9114	pass	
TestMapIterDeleteReplace/9115	pass	
TestMapIterDeleteReplace/9116	pass	
TestMapIterDeleteReplace/9117	pass	
TestMapIterDeleteReplace/9118	pass	
TestMapIterDeleteReplace/9119	pass	
TestMapIterDeleteReplace/912	pass	
TestMapIterDeleteReplace/9120	pass	
TestMapIterDeleteReplace/9121	pass	
TestMapIterDeleteReplace/9122	pass	
TestMapIterDeleteReplace/9123	pass	
TestMapIterDeleteReplace/9124	pass	
TestMapIterDeleteReplace/9125	pass	
TestMapIterDeleteReplace/9126	pass	
TestMapIterDeleteReplace/9127	pass	
TestMapIterDeleteReplace/9128	pass	
TestMapIterDeleteReplace/9129	pass	
TestMapIterDeleteReplace/913	pass	
TestMapIterDeleteReplace/9130	pass	
TestMapIterDeleteReplace/9131	pass	
TestMapIterDeleteReplace/9132	pass	
TestMapIterDeleteReplace/9133	pass	
TestMapIterDeleteReplace/9134	pass	
TestMapIterDeleteReplace/9135	pass	
TestMapIterDeleteReplace/9136	pass	
TestMapIterDeleteReplace/9137	pass	
TestMapIterDeleteReplace/9138	pass	
TestMapIterDeleteReplace/9139	pass	
TestMapIterDeleteReplace/914	pass	
TestMapIterDeleteReplace/9140	pass	
TestMapIterDeleteReplace/9141	pass	
TestMapIterDeleteReplace/9142	pass	
TestMapIterDeleteReplace/9143	pass	
TestMapIterDeleteReplace/9144	pass	
TestMapIterDeleteReplace/9145	pass	
TestMapIterDeleteReplace/9146	pass	
TestMapIterDeleteReplace/9147	pass	
TestMapIterDeleteReplace/9148	pass	
TestMapIterDeleteReplace/9149	pass	
TestMapIterDeleteReplace/915	pass	
TestMapIterDeleteReplace/9150	pass	
TestMapIterDeleteReplace/9151	pass	
TestMapIterDeleteReplace/9152	pass	
TestMapIterDeleteReplace/9153	pass	
TestMapIterDeleteReplace/9154	pass	
TestMapIterDeleteReplace/9155	pass	
TestMapIterDeleteReplace/9156	pass	
TestMapIterDeleteReplace/9157	pass	
TestMapIterDeleteReplace/9158	pass	
TestMapIterDeleteReplace/9159	pass	
TestMapIterDeleteReplace/916	pass	
TestMapIterDeleteReplace/9160	pass	
TestMapIterDeleteReplace/9161	pass	
TestMapIterDeleteReplace/9162	pass	
TestMapIterDeleteReplace/9163	pass	
TestMapIterDeleteReplace/9164	pass	
TestMapIterDeleteReplace/9165	pass	
TestMapIterDeleteReplace/9166	pass	
TestMapIterDeleteReplace/9167	pass	
TestMapIterDeleteReplace/9168	pass	
TestMapIterDeleteReplace/9169	pass	
TestMapIterDeleteReplace/917	pass	
TestMapIterDeleteReplace/9170	pass	
TestMapIterDeleteReplace/9171	pass	
TestMapIterDeleteReplace/9172	pass	
TestMapIterDeleteReplace/9173	pass	
TestMapIterDeleteReplace/9174	pass	
TestMapIterDeleteReplace/9175	pass	
TestMapIterDeleteReplace/9176	pass	
TestMapIterDeleteReplace/9177	pass	
TestMapIterDeleteReplace/9178	pass	
TestMapIterDeleteReplace/9179	pass	
TestMapIterDeleteReplace/918	pass	
TestMapIterDeleteReplace/9180	pass	
TestMapIterDeleteReplace/9181	pass	
TestMapIterDeleteReplace/9182	pass	
TestMapIterDeleteReplace/9183	pass	
TestMapIterDeleteReplace/9184	pass	
TestMapIterDeleteReplace/9185	pass	
TestMapIterDeleteReplace/9186	pass	
TestMapIterDeleteReplace/9187	pass	
TestMapIterDeleteReplace/9188	pass	
TestMapIterDeleteReplace/9189	pass	
TestMapIterDeleteReplace/919	pass	
TestMapIterDeleteReplace/9190	pass	
TestMapIterDeleteReplace/9191	pass	
TestMapIterDeleteReplace/9192	pass	
TestMapIterDeleteReplace/9193	pass	
TestMapIterDeleteReplace/9194	pass	
TestMapIterDeleteReplace/9195	pass	
TestMapIterDeleteReplace/9196	pass	
TestMapIterDeleteReplace/9197	pass	
TestMapIterDeleteReplace/9198	pass	
TestMapIterDeleteReplace/9199	pass	
TestMapIterDeleteReplace/92	pass	
TestMapIterDeleteReplace/920	pass	
TestMapIterDeleteReplace/9200	pass	
TestMapIterDeleteReplace/9201	pass	
TestMapIterDeleteReplace/9202	pass	
TestMapIterDeleteReplace/9203	pass	
TestMapIterDeleteReplace/9204	pass	
TestMapIterDeleteReplace/9205	pass	
TestMapIterDeleteReplace/9206	pass	
TestMapIterDeleteReplace/9207	pass	
TestMapIterDeleteReplace/9208	pass	
TestMapIterDeleteReplace/9209	pass	
TestMapIterDeleteReplace/921	pass	
TestMapIterDeleteReplace/9210	pass	
TestMapIterDeleteReplace/9211	pass	
TestMapIterDeleteReplace/9212	pass	
TestMapIterDeleteReplace/9213	pass	
TestMapIterDeleteReplace/9214	pass	
TestMapIterDeleteReplace/9215	pass	
TestMapIterDeleteReplace/9216	pass	
TestMapIterDeleteReplace/9217	pass	
TestMapIterDeleteReplace/9218	pass	
TestMapIterDeleteReplace/9219	pass	
TestMapIterDeleteReplace/922	pass	
TestMapIterDeleteReplace/9220	pass	
TestMapIterDeleteReplace/9221	pass	
TestMapIterDeleteReplace/9222	pass	
TestMapIterDeleteReplace/9223	pass	
TestMapIterDeleteReplace/9224	pass	
TestMapIterDeleteReplace/9225	pass	
TestMapIterDeleteReplace/9226	pass	
TestMapIterDeleteReplace/9227	pass	
TestMapIterDeleteReplace/9228	pass	
TestMapIterDeleteReplace/9229	pass	
TestMapIterDeleteReplace/923	pass	
TestMapIterDeleteReplace/9230	pass	
TestMapIterDeleteReplace/9231	pass	
TestMapIterDeleteReplace/9232	pass	
TestMapIterDeleteReplace/9233	pass	
TestMapIterDeleteReplace/9234	pass	
TestMapIterDeleteReplace/9235	pass	
TestMapIterDeleteReplace/9236	pass	
TestMapIterDeleteReplace/9237	pass	
TestMapIterDeleteReplace/9238	pass	
TestMapIterDeleteReplace/9239	pass	
TestMapIterDeleteReplace/924	pass	
TestMapIterDeleteReplace/9240	pass	
TestMapIterDeleteReplace/9241	pass	
TestMapIterDeleteReplace/9242	pass	
TestMapIterDeleteReplace/9243	pass	
TestMapIterDeleteReplace/9244	pass	
TestMapIterDeleteReplace/9245	pass	
TestMapIterDeleteReplace/9246	pass	
TestMapIterDeleteReplace/9247	pass	
TestMapIterDeleteReplace/9248	pass	
TestMapIterDeleteReplace/9249	pass	
TestMapIterDeleteReplace/925	pass	
TestMapIterDeleteReplace/9250	pass	
TestMapIterDeleteReplace/9251	pass	
TestMapIterDeleteReplace/9252	pass	
TestMapIterDeleteReplace/9253	pass	
TestMapIterDeleteReplace/9254	pass	
TestMapIterDeleteReplace/9255	pass	
TestMapIterDeleteReplace/9256	pass	
TestMapIterDeleteReplace/9257	pass	
TestMapIterDeleteReplace/9258	pass	
TestMapIterDeleteReplace/9259	pass	
TestMapIterDeleteReplace/926	pass	
TestMapIterDeleteReplace/9260	pass	
TestMapIterDeleteReplace/9261	pass	
TestMapIterDeleteReplace/9262	pass	
TestMapIterDeleteReplace/9263	pass	
TestMapIterDeleteReplace/9264	pass	
TestMapIterDeleteReplace/9265	pass	
TestMapIterDeleteReplace/9266	pass	
TestMapIterDeleteReplace/9267	pass	
TestMapIterDeleteReplace/9268	pass	
TestMapIterDeleteReplace/9269	pass	
TestMapIterDeleteReplace/927	pass	
TestMapIterDeleteReplace/9270	pass	
TestMapIterDeleteReplace/9271	pass	
TestMapIterDeleteReplace/9272	pass	
TestMapIterDeleteReplace/9273	pass	
TestMapIterDeleteReplace/9274	pass	
TestMapIterDeleteReplace/9275	pass	
TestMapIterDeleteReplace/9276	pass	
TestMapIterDeleteReplace/9277	pass	
TestMapIterDeleteReplace/9278	pass	
TestMapIterDeleteReplace/9279	pass	
TestMapIterDeleteReplace/928	pass	
TestMapIterDeleteReplace/9280	pass	
TestMapIterDeleteReplace/9281	pass	
TestMapIterDeleteReplace/9282	pass	
TestMapIterDeleteReplace/9283	pass	
TestMapIterDeleteReplace/9284	pass	
TestMapIterDeleteReplace/9285	pass	
TestMapIterDeleteReplace/9286	pass	
TestMapIterDeleteReplace/9287	pass	
TestMapIterDeleteReplace/9288	pass	
TestMapIterDeleteReplace/9289	pass	
TestMapIterDeleteReplace/929	pass	
TestMapIterDeleteReplace/9290	pass	
TestMapIterDeleteReplace/9291	pass	
TestMapIterDeleteReplace/9292	pass	
TestMapIterDeleteReplace/9293	pass	
TestMapIterDeleteReplace/9294	pass	
TestMapIterDeleteReplace/9295	pass	
TestMapIterDeleteReplace/9296	pass	
TestMapIterDeleteReplace/9297	pass	
TestMapIterDeleteReplace/9298	pass	
TestMapIterDeleteReplace/9299	pass	
TestMapIterDeleteReplace/93	pass	
TestMapIterDeleteReplace/930	pass	
TestMapIterDeleteReplace/9300	pass	
TestMapIterDeleteReplace/9301	pass	
TestMapIterDeleteReplace/9302	pass	
TestMapIterDeleteReplace/9303	pass	
TestMapIterDeleteReplace/9304	pass	
TestMapIterDeleteReplace/9305	pass	
TestMapIterDeleteReplace/9306	pass	
TestMapIterDeleteReplace/9307	pass	
TestMapIterDeleteReplace/9308	pass	
TestMapIterDeleteReplace/9309	pass	
TestMapIterDeleteReplace/931	pass	
TestMapIterDeleteReplace/9310	pass	
TestMapIterDeleteReplace/9311	pass	
TestMapIterDeleteReplace/9312	pass	
TestMapIterDeleteReplace/9313	pass	
TestMapIterDeleteReplace/9314	pass	
TestMapIterDeleteReplace/9315	pass	
TestMapIterDeleteReplace/9316	pass	
TestMapIterDeleteReplace/9317	pass	
TestMapIterDeleteReplace/9318	pass	
TestMapIterDeleteReplace/9319	pass	
TestMapIterDeleteReplace/932	pass	
TestMapIterDeleteReplace/9320	pass	
TestMapIterDeleteReplace/9321	pass	
TestMapIterDeleteReplace/9322	pass	
TestMapIterDeleteReplace/9323	pass	
TestMapIterDeleteReplace/9324	pass	
TestMapIterDeleteReplace/9325	pass	
TestMapIterDeleteReplace/9326	pass	
TestMapIterDeleteReplace/9327	pass	
TestMapIterDeleteReplace/9328	pass	
TestMapIterDeleteReplace/9329	pass	
TestMapIterDeleteReplace/933	pass	
TestMapIterDeleteReplace/9330	pass	
TestMapIterDeleteReplace/9331	pass	
TestMapIterDeleteReplace/9332	pass	
TestMapIterDeleteReplace/9333	pass	
TestMapIterDeleteReplace/9334	pass	
TestMapIterDeleteReplace/9335	pass	
TestMapIterDeleteReplace/9336	pass	
TestMapIterDeleteReplace/9337	pass	
TestMapIterDeleteReplace/9338	pass	
TestMapIterDeleteReplace/9339	pass	
TestMapIterDeleteReplace/934	pass	
TestMapIterDeleteReplace/9340	pass	
TestMapIterDeleteReplace/9341	pass	
TestMapIterDeleteReplace/9342	pass	
TestMapIterDeleteReplace/9343	pass	
TestMapIterDeleteReplace/9344	pass	
TestMapIterDeleteReplace/9345	pass	
TestMapIterDeleteReplace/9346	pass	
TestMapIterDeleteReplace/9347	pass	
TestMapIterDeleteReplace/9348	pass	
TestMapIterDeleteReplace/9349	pass	
TestMapIterDeleteReplace/935	pass	
TestMapIterDeleteReplace/9350	pass	
TestMapIterDeleteReplace/9351	pass	
TestMapIterDeleteReplace/9352	pass	
TestMapIterDeleteReplace/9353	pass	
TestMapIterDeleteReplace/9354	pass	
TestMapIterDeleteReplace/9355	pass	
TestMapIterDeleteReplace/9356	pass	
TestMapIterDeleteReplace/9357	pass	
TestMapIterDeleteReplace/9358	pass	
TestMapIterDeleteReplace/9359	pass	
TestMapIterDeleteReplace/936	pass	
TestMapIterDeleteReplace/9360	pass	
TestMapIterDeleteReplace/9361	pass	
TestMapIterDeleteReplace/9362	pass	
TestMapIterDeleteReplace/9363	pass	
TestMapIterDeleteReplace/9364	pass	
TestMapIterDeleteReplace/9365	pass	
TestMapIterDeleteReplace/9366	pass	
TestMapIterDeleteReplace/9367	pass	
TestMapIterDeleteReplace/9368	pass	
TestMapIterDeleteReplace/9369	pass	
TestMapIterDeleteReplace/937	pass	
TestMapIterDeleteReplace/9370	pass	
TestMapIterDeleteReplace/9371	pass	
TestMapIterDeleteReplace/9372	pass	
TestMapIterDeleteReplace/9373	pass	
TestMapIterDeleteReplace/9374	pass	
TestMapIterDeleteReplace/9375	pass	
TestMapIterDeleteReplace/9376	pass	
TestMapIterDeleteReplace/9377	pass	
TestMapIterDeleteReplace/9378	pass	
TestMapIterDeleteReplace/9379	pass	
TestMapIterDeleteReplace/938	pass	
TestMapIterDeleteReplace/9380	pass	
TestMapIterDeleteReplace/9381	pass	
TestMapIterDeleteReplace/9382	pass	
TestMapIterDeleteReplace/9383	pass	
TestMapIterDeleteReplace/9384	pass	
TestMapIterDeleteReplace/9385	pass	
TestMapIterDeleteReplace/9386	pass	
TestMapIterDeleteReplace/9387	pass	
TestMapIterDeleteReplace/9388	pass	
TestMapIterDeleteReplace/9389	pass	
TestMapIterDeleteReplace/939	pass	
TestMapIterDeleteReplace/9390	pass	
TestMapIterDeleteReplace/9391	pass	
TestMapIterDeleteReplace/9392	pass	
TestMapIterDeleteReplace/9393	pass	
TestMapIterDeleteReplace/9394	pass	
TestMapIterDeleteReplace/9395	pass	
TestMapIterDeleteReplace/9396	pass	
TestMapIterDeleteReplace/9397	pass	
TestMapIterDeleteReplace/9398	pass	
TestMapIterDeleteReplace/9399	pass	
TestMapIterDeleteReplace/94	pass	
TestMapIterDeleteReplace/940	pass	
TestMapIterDeleteReplace/9400	pass	
TestMapIterDeleteReplace/9401	pass	
TestMapIterDeleteReplace/9402	pass	
TestMapIterDeleteReplace/9403	pass	
TestMapIterDeleteReplace/9404	pass	
TestMapIterDeleteReplace/9405	pass	
TestMapIterDeleteReplace/9406	pass	
TestMapIterDeleteReplace/9407	pass	
TestMapIterDeleteReplace/9408	pass	
TestMapIterDeleteReplace/9409	pass	
TestMapIterDeleteReplace/941	pass	
TestMapIterDeleteReplace/9410	pass	
TestMapIterDeleteReplace/9411	pass	
TestMapIterDeleteReplace/9412	pass	
TestMapIterDeleteReplace/9413	pass	
TestMapIterDeleteReplace/9414	pass	
TestMapIterDeleteReplace/9415	pass	
TestMapIterDeleteReplace/9416	pass	
TestMapIterDeleteReplace/9417	pass	
TestMapIterDeleteReplace/9418	pass	
TestMapIterDeleteReplace/9419	pass	
TestMapIterDeleteReplace/942	pass	
TestMapIterDeleteReplace/9420	pass	
TestMapIterDeleteReplace/9421	pass	
TestMapIterDeleteReplace/9422	pass	
TestMapIterDeleteReplace/9423	pass	
TestMapIterDeleteReplace/9424	pass	
TestMapIterDeleteReplace/9425	pass	
TestMapIterDeleteReplace/9426	pass	
TestMapIterDeleteReplace/9427	pass	
TestMapIterDeleteReplace/9428	pass	
TestMapIterDeleteReplace/9429	pass	
TestMapIterDeleteReplace/943	pass	
TestMapIterDeleteReplace/9430	pass	
TestMapIterDeleteReplace/9431	pass	
TestMapIterDeleteReplace/9432	pass	
TestMapIterDeleteReplace/9433	pass	
TestMapIterDeleteReplace/9434	pass	
TestMapIterDeleteReplace/9435	pass	
TestMapIterDeleteReplace/9436	pass	
TestMapIterDeleteReplace/9437	pass	
TestMapIterDeleteReplace/9438	pass	
TestMapIterDeleteReplace/9439	pass	
TestMapIterDeleteReplace/944	pass	
TestMapIterDeleteReplace/9440	pass	
TestMapIterDeleteReplace/9441	pass	
TestMapIterDeleteReplace/9442	pass	
TestMapIterDeleteReplace/9443	pass	
TestMapIterDeleteReplace/9444	pass	
TestMapIterDeleteReplace/9445	pass	
TestMapIterDeleteReplace/9446	pass	
TestMapIterDeleteReplace/9447	pass	
TestMapIterDeleteReplace/9448	pass	
TestMapIterDeleteReplace/9449	pass	
TestMapIterDeleteReplace/945	pass	
TestMapIterDeleteReplace/9450	pass	
TestMapIterDeleteReplace/9451	pass	
TestMapIterDeleteReplace/9452	pass	
TestMapIterDeleteReplace/9453	pass	
TestMapIterDeleteReplace/9454	pass	
TestMapIterDeleteReplace/9455	pass	
TestMapIterDeleteReplace/9456	pass	
TestMapIterDeleteReplace/9457	pass	
TestMapIterDeleteReplace/9458	pass	
TestMapIterDeleteReplace/9459	pass	
TestMapIterDeleteReplace/946	pass	
TestMapIterDeleteReplace/9460	pass	
TestMapIterDeleteReplace/9461	pass	
TestMapIterDeleteReplace/9462	pass	
TestMapIterDeleteReplace/9463	pass	
TestMapIterDeleteReplace/9464	pass	
TestMapIterDeleteReplace/9465	pass	
TestMapIterDeleteReplace/9466	pass	
TestMapIterDeleteReplace/9467	pass	
TestMapIterDeleteReplace/9468	pass	
TestMapIterDeleteReplace/9469	pass	
TestMapIterDeleteReplace/947	pass	
TestMapIterDeleteReplace/9470	pass	
TestMapIterDeleteReplace/9471	pass	
TestMapIterDeleteReplace/9472	pass	
TestMapIterDeleteReplace/9473	pass	
TestMapIterDeleteReplace/9474	pass	
TestMapIterDeleteReplace/9475	pass	
TestMapIterDeleteReplace/9476	pass	
TestMapIterDeleteReplace/9477	pass	
TestMapIterDeleteReplace/9478	pass	
TestMapIterDeleteReplace/9479	pass	
TestMapIterDeleteReplace/948	pass	
TestMapIterDeleteReplace/9480	pass	
TestMapIterDeleteReplace/9481	pass	
TestMapIterDeleteReplace/9482	pass	
TestMapIterDeleteReplace/9483	pass	
TestMapIterDeleteReplace/9484	pass	
TestMapIterDeleteReplace/9485	pass	
TestMapIterDeleteReplace/9486	pass	
TestMapIterDeleteReplace/9487	pass	
TestMapIterDeleteReplace/9488	pass	
TestMapIterDeleteReplace/9489	pass	
TestMapIterDeleteReplace/949	pass	
TestMapIterDeleteReplace/9490	pass	
TestMapIterDeleteReplace/9491	pass	
TestMapIterDeleteReplace/9492	pass	
TestMapIterDeleteReplace/9493	pass	
TestMapIterDeleteReplace/9494	pass	
TestMapIterDeleteReplace/9495	pass	
TestMapIterDeleteReplace/9496	pass	
TestMapIterDeleteReplace/9497	pass	
TestMapIterDeleteReplace/9498	pass	
TestMapIterDeleteReplace/9499	pass	
TestMapIterDeleteReplace/95	pass	
TestMapIterDeleteReplace/950	pass	
TestMapIterDeleteReplace/9500	pass	
TestMapIterDeleteReplace/9501	pass	
TestMapIterDeleteReplace/9502	pass	
TestMapIterDeleteReplace/9503	pass	
TestMapIterDeleteReplace/9504	pass	
TestMapIterDeleteReplace/9505	pass	
TestMapIterDeleteReplace/9506	pass	
TestMapIterDeleteReplace/9507	pass	
TestMapIterDeleteReplace/9508	pass	
TestMapIterDeleteReplace/9509	pass	
TestMapIterDeleteReplace/951	pass	
TestMapIterDeleteReplace/9510	pass	
TestMapIterDeleteReplace/9511	pass	
TestMapIterDeleteReplace/9512	pass	
TestMapIterDeleteReplace/9513	pass	
TestMapIterDeleteReplace/9514	pass	
TestMapIterDeleteReplace/9515	pass	
TestMapIterDeleteReplace/9516	pass	
TestMapIterDeleteReplace/9517	pass	
TestMapIterDeleteReplace/9518	pass	
TestMapIterDeleteReplace/9519	pass	
TestMapIterDeleteReplace/952	pass	
TestMapIterDeleteReplace/9520	pass	
TestMapIterDeleteReplace/9521	pass	
TestMapIterDeleteReplace/9522	pass	
TestMapIterDeleteReplace/9523	pass	
TestMapIterDeleteReplace/9524	pass	
TestMapIterDeleteReplace/9525	pass	
TestMapIterDeleteReplace/9526	pass	
TestMapIterDeleteReplace/9527	pass	
TestMapIterDeleteReplace/9528	pass	
TestMapIterDeleteReplace/9529	pass	
TestMapIterDeleteReplace/953	pass	
TestMapIterDeleteReplace/9530	pass	
TestMapIterDeleteReplace/9531	pass	
TestMapIterDeleteReplace/9532	pass	
TestMapIterDeleteReplace/9533	pass	
TestMapIterDeleteReplace/9534	pass	
TestMapIterDeleteReplace/9535	pass	
TestMapIterDeleteReplace/9536	pass	
TestMapIterDeleteReplace/9537	pass	
TestMapIterDeleteReplace/9538	pass	
TestMapIterDeleteReplace/9539	pass	
TestMapIterDeleteReplace/954	pass	
TestMapIterDeleteReplace/9540	pass	
TestMapIterDeleteReplace/9541	pass	
TestMapIterDeleteReplace/9542	pass	
TestMapIterDeleteReplace/9543	pass	
TestMapIterDeleteReplace/9544	pass	
TestMapIterDeleteReplace/9545	pass	
TestMapIterDeleteReplace/9546	pass	
TestMapIterDeleteReplace/9547	pass	
TestMapIterDeleteReplace/9548	pass	
TestMapIterDeleteReplace/9549	pass	
TestMapIterDeleteReplace/955	pass	
TestMapIterDeleteReplace/9550	pass	
TestMapIterDeleteReplace/9551	pass	
TestMapIterDeleteReplace/9552	pass	
TestMapIterDeleteReplace/9553	pass	
TestMapIterDeleteReplace/9554	pass	
TestMapIterDeleteReplace/9555	pass	
TestMapIterDeleteReplace/9556	pass	
TestMapIterDeleteReplace/9557	pass	
TestMapIterDeleteReplace/9558	pass	
TestMapIterDeleteReplace/9559	pass	
TestMapIterDeleteReplace/956	pass	
TestMapIterDeleteReplace/9560	pass	
TestMapIterDeleteReplace/9561	pass	
TestMapIterDeleteReplace/9562	pass	
TestMapIterDeleteReplace/9563	pass	
TestMapIterDeleteReplace/9564	pass	
TestMapIterDeleteReplace/9565	pass	
TestMapIterDeleteReplace/9566	pass	
TestMapIterDeleteReplace/9567	pass	
TestMapIterDeleteReplace/9568	pass	
TestMapIterDeleteReplace/9569	pass	
TestMapIterDeleteReplace/957	pass	
TestMapIterDeleteReplace/9570	pass	
TestMapIterDeleteReplace/9571	pass	
TestMapIterDeleteReplace/9572	pass	
TestMapIterDeleteReplace/9573	pass	
TestMapIterDeleteReplace/9574	pass	
TestMapIterDeleteReplace/9575	pass	
TestMapIterDeleteReplace/9576	pass	
TestMapIterDeleteReplace/9577	pass	
TestMapIterDeleteReplace/9578	pass	
TestMapIterDeleteReplace/9579	pass	
TestMapIterDeleteReplace/958	pass	
TestMapIterDeleteReplace/9580	pass	
TestMapIterDeleteReplace/9581	pass	
TestMapIterDeleteReplace/9582	pass	
TestMapIterDeleteReplace/9583	pass	
TestMapIterDeleteReplace/9584	pass	
TestMapIterDeleteReplace/9585	pass	
TestMapIterDeleteReplace/9586	pass	
TestMapIterDeleteReplace/9587	pass	
TestMapIterDeleteReplace/9588	pass	
TestMapIterDeleteReplace/9589	pass	
TestMapIterDeleteReplace/959	pass	
TestMapIterDeleteReplace/9590	pass	
TestMapIterDeleteReplace/9591	pass	
TestMapIterDeleteReplace/9592	pass	
TestMapIterDeleteReplace/9593	pass	
TestMapIterDeleteReplace/9594	pass	
TestMapIterDeleteReplace/9595	pass	
TestMapIterDeleteReplace/9596	pass	
TestMapIterDeleteReplace/9597	pass	
TestMapIterDeleteReplace/9598	pass	
TestMapIterDeleteReplace/9599	pass	
TestMapIterDeleteReplace/96	pass	
TestMapIterDeleteReplace/960	pass	
TestMapIterDeleteReplace/9600	pass	
TestMapIterDeleteReplace/9601	pass	
TestMapIterDeleteReplace/9602	pass	
TestMapIterDeleteReplace/9603	pass	
TestMapIterDeleteReplace/9604	pass	
TestMapIterDeleteReplace/9605	pass	
TestMapIterDeleteReplace/9606	pass	
TestMapIterDeleteReplace/9607	pass	
TestMapIterDeleteReplace/9608	pass	
TestMapIterDeleteReplace/9609	pass	
TestMapIterDeleteReplace/961	pass	
TestMapIterDeleteReplace/9610	pass	
TestMapIterDeleteReplace/9611	pass	
TestMapIterDeleteReplace/9612	pass	
TestMapIterDeleteReplace/9613	pass	
TestMapIterDeleteReplace/9614	pass	
TestMapIterDeleteReplace/9615	pass	
TestMapIterDeleteReplace/9616	pass	
TestMapIterDeleteReplace/9617	pass	
TestMapIterDeleteReplace/9618	pass	
TestMapIterDeleteReplace/9619	pass	
TestMapIterDeleteReplace/962	pass	
TestMapIterDeleteReplace/9620	pass	
TestMapIterDeleteReplace/9621	pass	
TestMapIterDeleteReplace/9622	pass	
TestMapIterDeleteReplace/9623	pass	
TestMapIterDeleteReplace/9624	pass	
TestMapIterDeleteReplace/9625	pass	
TestMapIterDeleteReplace/9626	pass	
TestMapIterDeleteReplace/9627	pass	
TestMapIterDeleteReplace/9628	pass	
TestMapIterDeleteReplace/9629	pass	
TestMapIterDeleteReplace/963	pass	
TestMapIterDeleteReplace/9630	pass	
TestMapIterDeleteReplace/9631	pass	
TestMapIterDeleteReplace/9632	pass	
TestMapIterDeleteReplace/9633	pass	
TestMapIterDeleteReplace/9634	pass	
TestMapIterDeleteReplace/9635	pass	
TestMapIterDeleteReplace/9636	pass	
TestMapIterDeleteReplace/9637	pass	
TestMapIterDeleteReplace/9638	pass	
TestMapIterDeleteReplace/9639	pass	
TestMapIterDeleteReplace/964	pass	
TestMapIterDeleteReplace/9640	pass	
TestMapIterDeleteReplace/9641	pass	
TestMapIterDeleteReplace/9642	pass	
TestMapIterDeleteReplace/9643	pass	
TestMapIterDeleteReplace/9644	pass	
TestMapIterDeleteReplace/9645	pass	
TestMapIterDeleteReplace/9646	pass	
TestMapIterDeleteReplace/9647	pass	
TestMapIterDeleteReplace/9648	pass	
TestMapIterDeleteReplace/9649	pass	
TestMapIterDeleteReplace/965	pass	
TestMapIterDeleteReplace/9650	pass	
TestMapIterDeleteReplace/9651	pass	
TestMapIterDeleteReplace/9652	pass	
TestMapIterDeleteReplace/9653	pass	
TestMapIterDeleteReplace/9654	pass	
TestMapIterDeleteReplace/9655	pass	
TestMapIterDeleteReplace/9656	pass	
TestMapIterDeleteReplace/9657	pass	
TestMapIterDeleteReplace/9658	pass	
TestMapIterDeleteReplace/9659	pass	
TestMapIterDeleteReplace/966	pass	
TestMapIterDeleteReplace/9660	pass	
TestMapIterDeleteReplace/9661	pass	
TestMapIterDeleteReplace/9662	pass	
TestMapIterDeleteReplace/9663	pass	
TestMapIterDeleteReplace/9664	pass	
TestMapIterDeleteReplace/9665	pass	
TestMapIterDeleteReplace/9666	pass	
TestMapIterDeleteReplace/9667	pass	
TestMapIterDeleteReplace/9668	pass	
TestMapIterDeleteReplace/9669	pass	
TestMapIterDeleteReplace/967	pass	
TestMapIterDeleteReplace/9670	pass	
TestMapIterDeleteReplace/9671	pass	
TestMapIterDeleteReplace/9672	pass	
TestMapIterDeleteReplace/9673	pass	
TestMapIterDeleteReplace/9674	pass	
TestMapIterDeleteReplace/9675	pass	
TestMapIterDeleteReplace/9676	pass	
TestMapIterDeleteReplace/9677	pass	
TestMapIterDeleteReplace/9678	pass	
TestMapIterDeleteReplace/9679	pass	
TestMapIterDeleteReplace/968	pass	
TestMapIterDeleteReplace/9680	pass	
TestMapIterDeleteReplace/9681	pass	
TestMapIterDeleteReplace/9682	pass	
TestMapIterDeleteReplace/9683	pass	
TestMapIterDeleteReplace/9684	pass	
TestMapIterDeleteReplace/9685	pass	
TestMapIterDeleteReplace/9686	pass	
TestMapIterDeleteReplace/9687	pass	
TestMapIterDeleteReplace/9688	pass	
TestMapIterDeleteReplace/9689	pass	
TestMapIterDeleteReplace/969	pass	
TestMapIterDeleteReplace/9690	pass	
TestMapIterDeleteReplace/9691	pass	
TestMapIterDeleteReplace/9692	pass	
TestMapIterDeleteReplace/9693	pass	
TestMapIterDeleteReplace/9694	pass	
TestMapIterDeleteReplace/9695	pass	
TestMapIterDeleteReplace/9696	pass	
TestMapIterDeleteReplace/9697	pass	
TestMapIterDeleteReplace/9698	pass	
TestMapIterDeleteReplace/9699	pass	
TestMapIterDeleteReplace/97	pass	
TestMapIterDeleteReplace/970	pass	
TestMapIterDeleteReplace/9700	pass	
TestMapIterDeleteReplace/9701	pass	
TestMapIterDeleteReplace/9702	pass	
TestMapIterDeleteReplace/9703	pass	
TestMapIterDeleteReplace/9704	pass	
TestMapIterDeleteReplace/9705	pass	
TestMapIterDeleteReplace/9706	pass	
TestMapIterDeleteReplace/9707	pass	
TestMapIterDeleteReplace/9708	pass	
TestMapIterDeleteReplace/9709	pass	
TestMapIterDeleteReplace/971	pass	
TestMapIterDeleteReplace/9710	pass	
TestMapIterDeleteReplace/9711	pass	
TestMapIterDeleteReplace/9712	pass	
TestMapIterDeleteReplace/9713	pass	
TestMapIterDeleteReplace/9714	pass	
TestMapIterDeleteReplace/9715	pass	
TestMapIterDeleteReplace/9716	pass	
TestMapIterDeleteReplace/9717	pass	
TestMapIterDeleteReplace/9718	pass	
TestMapIterDeleteReplace/9719	pass	
TestMapIterDeleteReplace/972	pass	
TestMapIterDeleteReplace/9720	pass	
TestMapIterDeleteReplace/9721	pass	
TestMapIterDeleteReplace/9722	pass	
TestMapIterDeleteReplace/9723	pass	
TestMapIterDeleteReplace/9724	pass	
TestMapIterDeleteReplace/9725	pass	
TestMapIterDeleteReplace/9726	pass	
TestMapIterDeleteReplace/9727	pass	
TestMapIterDeleteReplace/9728	pass	
TestMapIterDeleteReplace/9729	pass	
TestMapIterDeleteReplace/973	pass	
TestMapIterDeleteReplace/9730	pass	
TestMapIterDeleteReplace/9731	pass	
TestMapIterDeleteReplace/9732	pass	
TestMapIterDeleteReplace/9733	pass	
TestMapIterDeleteReplace/9734	pass	
TestMapIterDeleteReplace/9735	pass	
TestMapIterDeleteReplace/9736	pass	
TestMapIterDeleteReplace/9737	pass	
TestMapIterDeleteReplace/9738	pass	
TestMapIterDeleteReplace/9739	pass	
TestMapIterDeleteReplace/974	pass	
TestMapIterDeleteReplace/9740	pass	
TestMapIterDeleteReplace/9741	pass	
TestMapIterDeleteReplace/9742	pass	
TestMapIterDeleteReplace/9743	pass	
TestMapIterDeleteReplace/9744	pass	
TestMapIterDeleteReplace/9745	pass	
TestMapIterDeleteReplace/9746	pass	
TestMapIterDeleteReplace/9747	pass	
TestMapIterDeleteReplace/9748	pass	
TestMapIterDeleteReplace/9749	pass	
TestMapIterDeleteReplace/975	pass	
TestMapIterDeleteReplace/9750	pass	
TestMapIterDeleteReplace/9751	pass	
TestMapIterDeleteReplace/9752	pass	
TestMapIterDeleteReplace/9753	pass	
TestMapIterDeleteReplace/9754	pass	
TestMapIterDeleteReplace/9755	pass	
TestMapIterDeleteReplace/9756	pass	
TestMapIterDeleteReplace/9757	pass	
TestMapIterDeleteReplace/9758	pass	
TestMapIterDeleteReplace/9759	pass	
TestMapIterDeleteReplace/976	pass	
TestMapIterDeleteReplace/9760	pass	
TestMapIterDeleteReplace/9761	pass	
TestMapIterDeleteReplace/9762	pass	
TestMapIterDeleteReplace/9763	pass	
TestMapIterDeleteReplace/9764	pass	
TestMapIterDeleteReplace/9765	pass	
TestMapIterDeleteReplace/9766	pass	
TestMapIterDeleteReplace/9767	pass	
TestMapIterDeleteReplace/9768	pass	
TestMapIterDeleteReplace/9769	pass	
TestMapIterDeleteReplace/977	pass	
TestMapIterDeleteReplace/9770	pass	
TestMapIterDeleteReplace/9771	pass	
TestMapIterDeleteReplace/9772	pass	
TestMapIterDeleteReplace/9773	pass	
TestMapIterDeleteReplace/9774	pass	
TestMapIterDeleteReplace/9775	pass	
TestMapIterDeleteReplace/9776	pass	
TestMapIterDeleteReplace/9777	pass	
TestMapIterDeleteReplace/9778	pass	
TestMapIterDeleteReplace/9779	pass	
TestMapIterDeleteReplace/978	pass	
TestMapIterDeleteReplace/9780	pass	
TestMapIterDeleteReplace/9781	pass	
TestMapIterDeleteReplace/9782	pass	
TestMapIterDeleteReplace/9783	pass	
TestMapIterDeleteReplace/9784	pass	
TestMapIterDeleteReplace/9785	pass	
TestMapIterDeleteReplace/9786	pass	
TestMapIterDeleteReplace/9787	pass	
TestMapIterDeleteReplace/9788	pass	
TestMapIterDeleteReplace/9789	pass	
TestMapIterDeleteReplace/979	pass	
TestMapIterDeleteReplace/9790	pass	
TestMapIterDeleteReplace/9791	pass	
TestMapIterDeleteReplace/9792	pass	
TestMapIterDeleteReplace/9793	pass	
TestMapIterDeleteReplace/9794	pass	
TestMapIterDeleteReplace/9795	pass	
TestMapIterDeleteReplace/9796	pass	
TestMapIterDeleteReplace/9797	pass	
TestMapIterDeleteReplace/9798	pass	
TestMapIterDeleteReplace/9799	pass	
TestMapIterDeleteReplace/98	pass	
TestMapIterDeleteReplace/980	pass	
TestMapIterDeleteReplace/9800	pass	
TestMapIterDeleteReplace/9801	pass	
TestMapIterDeleteReplace/9802	pass	
TestMapIterDeleteReplace/9803	pass	
TestMapIterDeleteReplace/9804	pass	
TestMapIterDeleteReplace/9805	pass	
TestMapIterDeleteReplace/9806	pass	
TestMapIterDeleteReplace/9807	pass	
TestMapIterDeleteReplace/9808	pass	
TestMapIterDeleteReplace/9809	pass	
TestMapIterDeleteReplace/981	pass	
TestMapIterDeleteReplace/9810	pass	
TestMapIterDeleteReplace/9811	pass	
TestMapIterDeleteReplace/9812	pass	
TestMapIterDeleteReplace/9813	pass	
TestMapIterDeleteReplace/9814	pass	
TestMapIterDeleteReplace/9815	pass	
TestMapIterDeleteReplace/9816	pass	
TestMapIterDeleteReplace/9817	pass	
TestMapIterDeleteReplace/9818	pass	
TestMapIterDeleteReplace/9819	pass	
TestMapIterDeleteReplace/982	pass	
TestMapIterDeleteReplace/9820	pass	
TestMapIterDeleteReplace/9821	pass	
TestMapIterDeleteReplace/9822	pass	
TestMapIterDeleteReplace/9823	pass	
TestMapIterDeleteReplace/9824	pass	
TestMapIterDeleteReplace/9825	pass	
TestMapIterDeleteReplace/9826	pass	
TestMapIterDeleteReplace/9827	pass	
TestMapIterDeleteReplace/9828	pass	
TestMapIterDeleteReplace/9829	pass	
TestMapIterDeleteReplace/983	pass	
TestMapIterDeleteReplace/9830	pass	
TestMapIterDeleteReplace/9831	pass	
TestMapIterDeleteReplace/9832	pass	
TestMapIterDeleteReplace/9833	pass	
TestMapIterDeleteReplace/9834	pass	
TestMapIterDeleteReplace/9835	pass	
TestMapIterDeleteReplace/9836	pass	
TestMapIterDeleteReplace/9837	pass	
TestMapIterDeleteReplace/9838	pass	
TestMapIterDeleteReplace/9839	pass	
TestMapIterDeleteReplace/984	pass	
TestMapIterDeleteReplace/9840	pass	
TestMapIterDeleteReplace/9841	pass	
TestMapIterDeleteReplace/9842	pass	
TestMapIterDeleteReplace/9843	pass	
TestMapIterDeleteReplace/9844	pass	
TestMapIterDeleteReplace/9845	pass	
TestMapIterDeleteReplace/9846	pass	
TestMapIterDeleteReplace/9847	pass	
TestMapIterDeleteReplace/9848	pass	
TestMapIterDeleteReplace/9849	pass	
TestMapIterDeleteReplace/985	pass	
TestMapIterDeleteReplace/9850	pass	
TestMapIterDeleteReplace/9851	pass	
TestMapIterDeleteReplace/9852	pass	
TestMapIterDeleteReplace/9853	pass	
TestMapIterDeleteReplace/9854	pass	
TestMapIterDeleteReplace/9855	pass	
TestMapIterDeleteReplace/9856	pass	
TestMapIterDeleteReplace/9857	pass	
TestMapIterDeleteReplace/9858	pass	
TestMapIterDeleteReplace/9859	pass	
TestMapIterDeleteReplace/986	pass	
TestMapIterDeleteReplace/9860	pass	
TestMapIterDeleteReplace/9861	pass	
TestMapIterDeleteReplace/9862	pass	
TestMapIterDeleteReplace/9863	pass	
TestMapIterDeleteReplace/9864	pass	
TestMapIterDeleteReplace/9865	pass	
TestMapIterDeleteReplace/9866	pass	
TestMapIterDeleteReplace/9867	pass	
TestMapIterDeleteReplace/9868	pass	
TestMapIterDeleteReplace/9869	pass	
TestMapIterDeleteReplace/987	pass	
TestMapIterDeleteReplace/9870	pass	
TestMapIterDeleteReplace/9871	pass	
TestMapIterDeleteReplace/9872	pass	
TestMapIterDeleteReplace/9873	pass	
TestMapIterDeleteReplace/9874	pass	
TestMapIterDeleteReplace/9875	pass	
TestMapIterDeleteReplace/9876	pass	
TestMapIterDeleteReplace/9877	pass	
TestMapIterDeleteReplace/9878	pass	
TestMapIterDeleteReplace/9879	pass	
TestMapIterDeleteReplace/988	pass	
TestMapIterDeleteReplace/9880	pass	
TestMapIterDeleteReplace/9881	pass	
TestMapIterDeleteReplace/9882	pass	
TestMapIterDeleteReplace/9883	pass	
TestMapIterDeleteReplace/9884	pass	
TestMapIterDeleteReplace/9885	pass	
TestMapIterDeleteReplace/9886	pass	
TestMapIterDeleteReplace/9887	pass	
TestMapIterDeleteReplace/9888	pass	
TestMapIterDeleteReplace/9889	pass	
TestMapIterDeleteReplace/989	pass	
TestMapIterDeleteReplace/9890	pass	
TestMapIterDeleteReplace/9891	pass	
TestMapIterDeleteReplace/9892	pass	
TestMapIterDeleteReplace/9893	pass	
TestMapIterDeleteReplace/9894	pass	
TestMapIterDeleteReplace/9895	pass	
TestMapIterDeleteReplace/9896	pass	
TestMapIterDeleteReplace/9897	pass	
TestMapIterDeleteReplace/9898	pass	
TestMapIterDeleteReplace/9899	pass	
TestMapIterDeleteReplace/99	pass	
TestMapIterDeleteReplace/990	pass	
TestMapIterDeleteReplace/9900	pass	
TestMapIterDeleteReplace/9901	pass	
TestMapIterDeleteReplace/9902	pass	
TestMapIterDeleteReplace/9903	pass	
TestMapIterDeleteReplace/9904	pass	
TestMapIterDeleteReplace/9905	pass	
TestMapIterDeleteReplace/9906	pass	
TestMapIterDeleteReplace/9907	pass	
TestMapIterDeleteReplace/9908	pass	
TestMapIterDeleteReplace/9909	pass	
TestMapIterDeleteReplace/991	pass	
TestMapIterDeleteReplace/9910	pass	
TestMapIterDeleteReplace/9911	pass	
TestMapIterDeleteReplace/9912	pass	
TestMapIterDeleteReplace/9913	pass	
TestMapIterDeleteReplace/9914	pass	
TestMapIterDeleteReplace/9915	pass	
TestMapIterDeleteReplace/9916	pass	
TestMapIterDeleteReplace/9917	pass	
TestMapIterDeleteReplace/9918	pass	
TestMapIterDeleteReplace/9919	pass	
TestMapIterDeleteReplace/992	pass	
TestMapIterDeleteReplace/9920	pass	
TestMapIterDeleteReplace/9921	pass	
TestMapIterDeleteReplace/9922	pass	
TestMapIterDeleteReplace/9923	pass	
TestMapIterDeleteReplace/9924	pass	
TestMapIterDeleteReplace/9925	pass	
TestMapIterDeleteReplace/9926	pass	
TestMapIterDeleteReplace/9927	pass	
TestMapIterDeleteReplace/9928	pass	
TestMapIterDeleteReplace/9929	pass	
TestMapIterDeleteReplace/993	pass	
TestMapIterDeleteReplace/9930	pass	
TestMapIterDeleteReplace/9931	pass	
TestMapIterDeleteReplace/9932	pass	
TestMapIterDeleteReplace/9933	pass	
TestMapIterDeleteReplace/9934	pass	
TestMapIterDeleteReplace/9935	pass	
TestMapIterDeleteReplace/9936	pass	
TestMapIterDeleteReplace/9937	pass	
TestMapIterDeleteReplace/9938	pass	
TestMapIterDeleteReplace/9939	pass	
TestMapIterDeleteReplace/994	pass	
TestMapIterDeleteReplace/9940	pass	
TestMapIterDeleteReplace/9941	pass	
TestMapIterDeleteReplace/9942	pass	
TestMapIterDeleteReplace/9943	pass	
TestMapIterDeleteReplace/9944	pass	
TestMapIterDeleteReplace/9945	pass	
TestMapIterDeleteReplace/9946	pass	
TestMapIterDeleteReplace/9947	pass	
TestMapIterDeleteReplace/9948	pass	
TestMapIterDeleteReplace/9949	pass	
TestMapIterDeleteReplace/995	pass	
TestMapIterDeleteReplace/9950	pass	
TestMapIterDeleteReplace/9951	pass	
TestMapIterDeleteReplace/9952	pass	
TestMapIterDeleteReplace/9953	pass	
TestMapIterDeleteReplace/9954	pass	
TestMapIterDeleteReplace/9955	pass	
TestMapIterDeleteReplace/9956	pass	
TestMapIterDeleteReplace/9957	pass	
TestMapIterDeleteReplace/9958	pass	
TestMapIterDeleteReplace/9959	pass	
TestMapIterDeleteReplace/996	pass	
TestMapIterDeleteReplace/9960	pass	
TestMapIterDeleteReplace/9961	pass	
TestMapIterDeleteReplace/9962	pass	
TestMapIterDeleteReplace/9963	pass	
TestMapIterDeleteReplace/9964	pass	
TestMapIterDeleteReplace/9965	pass	
TestMapIterDeleteReplace/9966	pass	
TestMapIterDeleteReplace/9967	pass	
TestMapIterDeleteReplace/9968	pass	
TestMapIterDeleteReplace/9969	pass	
TestMapIterDeleteReplace/997	pass	
TestMapIterDeleteReplace/9970	pass	
TestMapIterDeleteReplace/9971	pass	
TestMapIterDeleteReplace/9972	pass	
TestMapIterDeleteReplace/9973	pass	
TestMapIterDeleteReplace/9974	pass	
TestMapIterDeleteReplace/9975	pass	
TestMapIterDeleteReplace/9976	pass	
TestMapIterDeleteReplace/9977	pass	
TestMapIterDeleteReplace/9978	pass	
TestMapIterDeleteReplace/9979	pass	
TestMapIterDeleteReplace/998	pass	
TestMapIterDeleteReplace/9980	pass	
TestMapIterDeleteReplace/9981	pass	
TestMapIterDeleteReplace/9982	pass	
TestMapIterDeleteReplace/9983	pass	
TestMapIterDeleteReplace/9984	pass	
TestMapIterDeleteReplace/9985	pass	
TestMapIterDeleteReplace/9986	pass	
TestMapIterDeleteReplace/9987	pass	
TestMapIterDeleteReplace/9988	pass	
TestMapIterDeleteReplace/9989	pass	
TestMapIterDeleteReplace/999	pass	
TestMapIterDeleteReplace/9990	pass	
TestMapIterDeleteReplace/9991	pass	
TestMapIterDeleteReplace/9992	pass	
TestMapIterDeleteReplace/9993	pass	
TestMapIterDeleteReplace/9994	pass	
TestMapIterDeleteReplace/9995	pass	
TestMapIterDeleteReplace/9996	pass	
TestMapIterDeleteReplace/9997	pass	
TestMapIterDeleteReplace/9998	pass	
TestMapIterDeleteReplace/9999	pass	
TestMapIterDuplicate	pass	
TestMapIterOrder	pass	
TestMapKeys	skip	
TestMapLargeKeyNoPointer	pass	
TestMapLargeValNoPointer	pass	
TestMapNanGrowIterator	pass	
TestMapOperatorAssignment	pass	
TestMapOperatorAssignmentNan	pass	
TestMapSparseIterOrder	pass	
TestMapStringBytesLookup	pass	
TestMapTombstones	pass	
TestMapValues	skip	
TestMaxFloat	pass	
TestMemHash32Equality	skip	
TestMemHash64Equality	skip	
TestMemHashGlobalSeed	pass	
TestMemHashGlobalSeed/aes	pass	
TestMemHashGlobalSeed/noaes	pass	
TestMemPprof	pass	
TestMemStats	pass	
TestMemclr	pass	
TestMemmove	pass	
TestMemmoveAlias	pass	
TestMemmoveAtomicity	pass	
TestMemmoveAtomicity/120-backward	pass	
TestMemmoveAtomicity/120-forward	pass	
TestMemmoveAtomicity/200-backward	pass	
TestMemmoveAtomicity/200-forward	pass	
TestMemmoveAtomicity/24-backward	pass	
TestMemmoveAtomicity/24-forward	pass	
TestMemmoveAtomicity/32-backward	pass	
TestMemmoveAtomicity/32-forward	pass	
TestMemmoveAtomicity/392-backward	pass	
TestMemmoveAtomicity/392-forward	pass	
TestMemmoveAtomicity/40-backward	pass	
TestMemmoveAtomicity/40-forward	pass	
TestMemmoveAtomicity/48-backward	pass	
TestMemmoveAtomicity/48-forward	pass	
TestMemmoveAtomicity/56-backward	pass	
TestMemmoveAtomicity/56-forward	pass	
TestMemmoveAtomicity/64-backward	pass	
TestMemmoveAtomicity/64-forward	pass	
TestMemmoveAtomicity/72-backward	pass	
TestMemmoveAtomicity/72-forward	pass	
TestMemmoveAtomicity/80-backward	pass	
TestMemmoveAtomicity/80-forward	pass	
TestMemmoveLarge0x180000	pass	
TestMemmoveOverlapLarge0x120000	pass	
TestMemoryLimit	pass	
TestMemoryLimitNoGCPercent	pass	
TestMetricHeapUnusedLargeObjectOverflow	pass	
TestMinFloat	pass	
TestMinMaxInt	pass	
TestMinMaxString	pass	
TestMinMaxStringTies	pass	
TestMinMaxUint8	pass	
TestMultiConsumer	pass	
TestMutexWaitTimeMetric	pass	
TestMutexWaitTimeMetric/mutex	pass	
TestMutexWaitTimeMetric/rwmutexReadWrite	pass	
TestMutexWaitTimeMetric/rwmutexWrite	pass	
TestMutexWaitTimeMetric/rwmutexWriteRead	pass	
TestMyGenericFunc	pass	
TestNegativeZero	pass	
TestNetpollBreak	pass	
TestNetpollDeadlock	pass	
TestNetpollWaiters	pass	
TestNilName	pass	
TestNoHelperGoroutines	pass	
TestNoShrinkStackWhileParking	pass	
TestNonEscapingConvT2E	pass	
TestNonEscapingConvT2I	pass	
TestNonEscapingMap	pass	
TestNonOpenAndOpenDefers	pass	
TestNonSSAableArgs	pass	
TestNonblockRecvRace	pass	
TestNonblockSelectRace	pass	
TestNonblockSelectRace2	pass	
TestNumCPU	pass	
TestNumGoroutine	pass	
TestOpenAndNonOpenDefers	pass	
TestOutputDebugString	pass	
TestPageAccounting	pass	
TestPageAllocAlloc	pass	
TestPageAllocAlloc/AllFree1	pass	
TestPageAllocAlloc/AllFree2	pass	
TestPageAllocAlloc/AllFree5	pass	
TestPageAllocAlloc/AllFree64	pass	
TestPageAllocAlloc/AllFree65	pass	
TestPageAllocAlloc/AllFreePallocChunkPages	pass	
TestPageAllocAlloc/AllFreePallocChunkPages*2	pass	
TestPageAllocAlloc/AllFreePallocChunkPages*7+5	pass	
TestPageAllocAlloc/DiscontiguousBadSearchAddr	pass	
TestPageAllocAlloc/DiscontiguousMappedSumBoundary	pass	
TestPageAllocAlloc/ExhaustPallocChunkPages-3	pass	
TestPageAllocAlloc/ManyArena1	pass	
TestPageAllocAlloc/NotContiguous1	pass	
TestPageAllocAlloc/NotContiguousPallocChunkPages*2	pass	
TestPageAllocAlloc/Straddle2	pass	
TestPageAllocAlloc/StraddlePallocChunkPages	pass	
TestPageAllocAlloc/StraddlePallocChunkPages*2	pass	
TestPageAllocAlloc/StraddlePallocChunkPages*5/4	pass	
TestPageAllocAlloc/StraddlePallocChunkPages+1	pass	
TestPageAllocAllocAndFree	pass	
TestPageAllocAllocAndFree/Chunks8	pass	
TestPageAllocAllocToCache	pass	
TestPageAllocAllocToCache/AllFree	pass	
TestPageAllocAllocToCache/DiscontiguousMappedSumBoundary	pass	
TestPageAllocAllocToCache/Fail	pass	
TestPageAllocAllocToCache/First	pass	
TestPageAllocAllocToCache/ManyArena	pass	
TestPageAllocAllocToCache/NotContiguous	pass	
TestPageAllocAllocToCache/RetainScavBits	pass	
TestPageAllocExhaust	pass	
TestPageAllocExhaust/1	pass	
TestPageAllocExhaust/1024	pass	
TestPageAllocExhaust/1025	pass	
TestPageAllocExhaust/16	pass	
TestPageAllocExhaust/2	pass	
TestPageAllocExhaust/2048	pass	
TestPageAllocExhaust/2049	pass	
TestPageAllocExhaust/3	pass	
TestPageAllocExhaust/4	pass	
TestPageAllocExhaust/5	pass	
TestPageAllocExhaust/64	pass	
TestPageAllocExhaust/8	pass	
TestPageAllocFree	pass	
TestPageAllocFree/AllFreePallocChunkPages*7+5	pass	
TestPageAllocFree/Free1	pass	
TestPageAllocFree/Free2	pass	
TestPageAllocFree/Free5	pass	
TestPageAllocFree/Free64	pass	
TestPageAllocFree/Free65	pass	
TestPageAllocFree/FreePallocChunkPages	pass	
TestPageAllocFree/FreePallocChunkPages*2	pass	
TestPageAllocFree/ManyArena1	pass	
TestPageAllocFree/Straddle2	pass	
TestPageAllocFree/StraddlePallocChunkPages	pass	
TestPageAllocFree/StraddlePallocChunkPages*2	pass	
TestPageAllocFree/StraddlePallocChunkPages+1	pass	
TestPageAllocGrow	pass	
TestPageAllocGrow/Contiguous2	pass	
TestPageAllocGrow/Contiguous5	pass	
TestPageAllocGrow/Discontiguous	pass	
TestPageAllocGrow/ExtremelyDiscontiguous	pass	
TestPageAllocGrow/ManyDiscontiguous	pass	
TestPageAllocGrow/Mixed	pass	
TestPageAllocGrow/One	pass	
TestPageAllocGrow/WildlyDiscontiguous	pass	
TestPageAllocScavenge	pass	
TestPageAllocScavenge/AllFreeUnscavExhaust	pass	
TestPageAllocScavenge/NoneFreeUnscavExhaust	pass	
TestPageAllocScavenge/ScavAllVeryDiscontiguous	pass	
TestPageAllocScavenge/ScavDiscontiguous	pass	
TestPageAllocScavenge/ScavHighestPageFirst	pass	
TestPageAllocScavenge/ScavMultiple	pass	
TestPageAllocScavenge/ScavMultiple2	pass	
TestPageCacheAlloc	pass	
TestPageCacheAlloc/Empty	pass	
TestPageCacheAlloc/Full53	pass	
TestPageCacheAlloc/Full64	pass	
TestPageCacheAlloc/FullMixed	pass	
TestPageCacheAlloc/Hi1	pass	
TestPageCacheAlloc/Hi2	pass	
TestPageCacheAlloc/Hi53	pass	
TestPageCacheAlloc/Lo1	pass	
TestPageCacheAlloc/Lo2	pass	
TestPageCacheAlloc/Swiss1	pass	
TestPageCacheAlloc/Swiss2	pass	
TestPageCacheFlush	pass	
TestPageCacheLeak	pass	
TestPallocBitsAlloc	pass	
TestPallocBitsAlloc/AllFree1	pass	
TestPallocBitsAlloc/AllFree2	pass	
TestPallocBitsAlloc/AllFree5	pass	
TestPallocBitsAlloc/AllFree64	pass	
TestPallocBitsAlloc/AllFree65	pass	
TestPallocBitsAlloc/ExactFit1	pass	
TestPallocBitsAlloc/ExactFit2	pass	
TestPallocBitsAlloc/ExactFit5	pass	
TestPallocBitsAlloc/ExactFit65	pass	
TestPallocBitsAlloc/NoneFree1	pass	
TestPallocBitsAlloc/NoneFree2	pass	
TestPallocBitsAlloc/NoneFree5	pass	
TestPallocBitsAlloc/NoneFree65	pass	
TestPallocBitsAlloc/SomeFree161	pass	
TestPallocBitsAlloc/SomeFree64	pass	
TestPallocBitsAllocRange	pass	
TestPallocBitsAllocRange/Aligned	pass	
TestPallocBitsAllocRange/All	pass	
TestPallocBitsAllocRange/Begin	pass	
TestPallocBitsAllocRange/End	pass	
TestPallocBitsAllocRange/Inner	pass	
TestPallocBitsAllocRange/OneHigh	pass	
TestPallocBitsAllocRange/OneLow	pass	
TestPallocBitsFree	pass	
TestPallocBitsFree/NoneFree1	pass	
TestPallocBitsFree/NoneFree2	pass	
TestPallocBitsFree/NoneFree5	pass	
TestPallocBitsFree/NoneFree64	pass	
TestPallocBitsFree/NoneFree65	pass	
TestPallocBitsFree/SomeFree	pass	
TestPallocBitsSummarize	pass	
TestPallocBitsSummarize/AllFree	pass	
TestPallocBitsSummarize/MultiMax	pass	
TestPallocBitsSummarize/NoneFree	pass	
TestPallocBitsSummarize/One	pass	
TestPallocBitsSummarize/OnlyEnd	pass	
TestPallocBitsSummarize/OnlyMax	pass	
TestPallocBitsSummarize/OnlyStart	pass	
TestPallocBitsSummarize/StartAndEnd	pass	
TestPallocBitsSummarize/StartMaxEnd	pass	
TestPallocBitsSummarizeRandom	pass	
TestPallocDataFindScavengeCandidate	pass	
TestPallocDataFindScavengeCandidate/AllFreeMin1	pass	
TestPallocDataFindScavengeCandidate/AllFreeMin16	pass	
TestPallocDataFindScavengeCandidate/AllFreeMin2	pass	
TestPallocDataFindScavengeCandidate/AllFreeMin32	pass	
TestPallocDataFindScavengeCandidate/AllFreeMin4	pass	
TestPallocDataFindScavengeCandidate/AllFreeMin64	pass	
TestPallocDataFindScavengeCandidate/AllFreeMin8	pass	
TestPallocDataFindScavengeCandidate/AllScavengedMin1	pass	
TestPallocDataFindScavengeCandidate/AllScavengedMin16	pass	
TestPallocDataFindScavengeCandidate/AllScavengedMin2	pass	
TestPallocDataFindScavengeCandidate/AllScavengedMin32	pass	
TestPallocDataFindScavengeCandidate/AllScavengedMin4	pass	
TestPallocDataFindScavengeCandidate/AllScavengedMin64	pass	
TestPallocDataFindScavengeCandidate/AllScavengedMin8	pass	
TestPallocDataFindScavengeCandidate/BottomEdge64WithFullMin1	pass	
TestPallocDataFindScavengeCandidate/BottomEdge64WithFullMin16	pass	
TestPallocDataFindScavengeCandidate/BottomEdge64WithFullMin2	pass	
TestPallocDataFindScavengeCandidate/BottomEdge64WithFullMin32	pass	
TestPallocDataFindScavengeCandidate/BottomEdge64WithFullMin4	pass	
TestPallocDataFindScavengeCandidate/BottomEdge64WithFullMin64	pass	
TestPallocDataFindScavengeCandidate/BottomEdge64WithFullMin8	pass	
TestPallocDataFindScavengeCandidate/BottomEdge64WithPocketMin1	pass	
TestPallocDataFindScavengeCandidate/BottomEdge64WithPocketMin16	pass	
TestPallocDataFindScavengeCandidate/BottomEdge64WithPocketMin2	pass	
TestPallocDataFindScavengeCandidate/BottomEdge64WithPocketMin32	pass	
TestPallocDataFindScavengeCandidate/BottomEdge64WithPocketMin4	pass	
TestPallocDataFindScavengeCandidate/BottomEdge64WithPocketMin64	pass	
TestPallocDataFindScavengeCandidate/BottomEdge64WithPocketMin8	pass	
TestPallocDataFindScavengeCandidate/EndFreeMin1	pass	
TestPallocDataFindScavengeCandidate/EndFreeMin16	pass	
TestPallocDataFindScavengeCandidate/EndFreeMin2	pass	
TestPallocDataFindScavengeCandidate/EndFreeMin32	pass	
TestPallocDataFindScavengeCandidate/EndFreeMin4	pass	
TestPallocDataFindScavengeCandidate/EndFreeMin64	pass	
TestPallocDataFindScavengeCandidate/EndFreeMin8	pass	
TestPallocDataFindScavengeCandidate/Max0Min1	pass	
TestPallocDataFindScavengeCandidate/Max0Min16	pass	
TestPallocDataFindScavengeCandidate/Max0Min2	pass	
TestPallocDataFindScavengeCandidate/Max0Min32	pass	
TestPallocDataFindScavengeCandidate/Max0Min4	pass	
TestPallocDataFindScavengeCandidate/Max0Min64	pass	
TestPallocDataFindScavengeCandidate/Max0Min8	pass	
TestPallocDataFindScavengeCandidate/MaxLessThanMin16	pass	
TestPallocDataFindScavengeCandidate/MaxLessThanMin2	pass	
TestPallocDataFindScavengeCandidate/MaxLessThanMin32	pass	
TestPallocDataFindScavengeCandidate/MaxLessThanMin4	pass	
TestPallocDataFindScavengeCandidate/MaxLessThanMin64	pass	
TestPallocDataFindScavengeCandidate/MaxLessThanMin8	pass	
TestPallocDataFindScavengeCandidate/MaxUnalignedMin16	pass	
TestPallocDataFindScavengeCandidate/MaxUnalignedMin2	pass	
TestPallocDataFindScavengeCandidate/MaxUnalignedMin32	pass	
TestPallocDataFindScavengeCandidate/MaxUnalignedMin4	pass	
TestPallocDataFindScavengeCandidate/MaxUnalignedMin64	pass	
TestPallocDataFindScavengeCandidate/MaxUnalignedMin8	pass	
TestPallocDataFindScavengeCandidate/MixedMin1	pass	
TestPallocDataFindScavengeCandidate/MultiMin1	pass	
TestPallocDataFindScavengeCandidate/NoneFreeMin1	pass	
TestPallocDataFindScavengeCandidate/NoneFreeMin16	pass	
TestPallocDataFindScavengeCandidate/NoneFreeMin2	pass	
TestPallocDataFindScavengeCandidate/NoneFreeMin32	pass	
TestPallocDataFindScavengeCandidate/NoneFreeMin4	pass	
TestPallocDataFindScavengeCandidate/NoneFreeMin64	pass	
TestPallocDataFindScavengeCandidate/NoneFreeMin8	pass	
TestPallocDataFindScavengeCandidate/OneFree	pass	
TestPallocDataFindScavengeCandidate/OneScavenged	pass	
TestPallocDataFindScavengeCandidate/SkipMisalignedMin16	pass	
TestPallocDataFindScavengeCandidate/SkipMisalignedMin2	pass	
TestPallocDataFindScavengeCandidate/SkipMisalignedMin32	pass	
TestPallocDataFindScavengeCandidate/SkipMisalignedMin4	pass	
TestPallocDataFindScavengeCandidate/SkipMisalignedMin64	pass	
TestPallocDataFindScavengeCandidate/SkipMisalignedMin8	pass	
TestPallocDataFindScavengeCandidate/SkipSmallMin16	pass	
TestPallocDataFindScavengeCandidate/SkipSmallMin2	pass	
TestPallocDataFindScavengeCandidate/SkipSmallMin32	pass	
TestPallocDataFindScavengeCandidate/SkipSmallMin4	pass	
TestPallocDataFindScavengeCandidate/SkipSmallMin64	pass	
TestPallocDataFindScavengeCandidate/SkipSmallMin8	pass	
TestPallocDataFindScavengeCandidate/StartFreeMin1	pass	
TestPallocDataFindScavengeCandidate/StartFreeMin16	pass	
TestPallocDataFindScavengeCandidate/StartFreeMin2	pass	
TestPallocDataFindScavengeCandidate/StartFreeMin32	pass	
TestPallocDataFindScavengeCandidate/StartFreeMin4	pass	
TestPallocDataFindScavengeCandidate/StartFreeMin64	pass	
TestPallocDataFindScavengeCandidate/StartFreeMin8	pass	
TestPallocDataFindScavengeCandidate/Straddle64Min1	pass	
TestPallocDataFindScavengeCandidate/Straddle64Min16	pass	
TestPallocDataFindScavengeCandidate/Straddle64Min2	pass	
TestPallocDataFindScavengeCandidate/Straddle64Min32	pass	
TestPallocDataFindScavengeCandidate/Straddle64Min4	pass	
TestPallocDataFindScavengeCandidate/Straddle64Min64	pass	
TestPallocDataFindScavengeCandidate/Straddle64Min8	pass	
TestPanicAfterGoexit	pass	
TestPanicDeadlockGosched	pass	
TestPanicDeadlockSyscall	pass	
TestPanicFar	pass	
TestPanicInlined	pass	
TestPanicLoop	pass	
TestPanicNil	pass	
TestPanicNil/GODEBUG=panicnil=0	pass	
TestPanicNil/GODEBUG=panicnil=1	pass	
TestPanicNil/default	pass	
TestPanicOnUnsafeSlice	pass	
TestPanicRace	pass	
TestPanicTraceback	pass	
TestPanicUseStack	pass	
TestPanicWhilePanicking	pass	
TestPanicWithDirectlyPrintableCustomTypes	pass	
TestPanicWithDirectlyPrintableCustomTypes/panicCustomBool	pass	
TestPanicWithDirectlyPrintableCustomTypes/panicCustomComplex128	pass	
TestPanicWithDirectlyPrintableCustomTypes/panicCustomComplex64	pass	
TestPanicWithDirectlyPrintableCustomTypes/panicCustomFloat32	pass	
TestPanicWithDirectlyPrintableCustomTypes/panicCustomFloat64	pass	
TestPanicWithDirectlyPrintableCustomTypes/panicCustomInt	pass	
TestPanicWithDirectlyPrintableCustomTypes/panicCustomInt16	pass	
TestPanicWithDirectlyPrintableCustomTypes/panicCustomInt32	pass	
TestPanicWithDirectlyPrintableCustomTypes/panicCustomInt64	pass	
TestPanicWithDirectlyPrintableCustomTypes/panicCustomInt8	pass	
TestPanicWithDirectlyPrintableCustomTypes/panicCustomString	pass	
TestPanicWithDirectlyPrintableCustomTypes/panicCustomUint	pass	
TestPanicWithDirectlyPrintableCustomTypes/panicCustomUint16	pass	
TestPanicWithDirectlyPrintableCustomTypes/panicCustomUint32	pass	
TestPanicWithDirectlyPrintableCustomTypes/panicCustomUint64	pass	
TestPanicWithDirectlyPrintableCustomTypes/panicCustomUint8	pass	
TestPanicWithDirectlyPrintableCustomTypes/panicCustomUintptr	pass	
TestParallelRWMutexReaders	pass	
TestParseByteCount	pass	
TestPeriodicGC	pass	
TestPhysicalMemoryUtilization	pass	
TestPingPongHog	pass	
TestPinnerCgoCheckInterface	pass	
TestPinnerCgoCheckPinned2UnpinnedPanics	pass	
TestPinnerCgoCheckPtr2Pinned2Unpinned	pass	
TestPinnerCgoCheckPtr2Ptr	pass	
TestPinnerCgoCheckPtr2UnknownPtr	pass	
TestPinnerCgoCheckPtr2UnsafePtr	pass	
TestPinnerCgoCheckSlice	pass	
TestPinnerCgoCheckString	pass	
TestPinnerConstStringData	pass	
TestPinnerEmptyUnpin	pass	
TestPinnerInterface	pass	
TestPinnerLeakPanics	pass	
TestPinnerMultiplePinsSame	pass	
TestPinnerPinGlobalPtr	pass	
TestPinnerPinKeepsAliveAndReleases	pass	
TestPinnerPinNonPtrPanics	pass	
TestPinnerPinTinyObj	pass	
TestPinnerPinZerosizeObj	pass	
TestPinnerReuse	pass	
TestPinnerSimple	pass	
TestPinnerTwoPinner	pass	
TestPreemptSplitBig	pass	
TestPreemption	pass	
TestPreemptionAfterSyscall	pass	
TestPreemptionAfterSyscall/100µs	pass	
TestPreemptionAfterSyscall/10µs	pass	
TestPreemptionAfterSyscall/1ms	pass	
TestPreemptionGC	pass	
TestPrintGC	pass	
TestProfBuf	pass	
TestProfBuf/BasicWriteRead	pass	
TestProfBuf/BlockingWriteRead	pass	
TestProfBuf/BothWraparound	pass	
TestProfBuf/DataWraparound	pass	
TestProfBuf/ReadAfterOverflow1	pass	
TestProfBuf/ReadAfterOverflow2	pass	
TestProfBuf/ReadAtEndAfterOverflow	pass	
TestProfBuf/ReadMany	pass	
TestProfBuf/ReadManyShortData	pass	
TestProfBuf/ReadManyShortTags	pass	
TestProfBuf/TagWraparound	pass	
TestPseudoRandomSend	pass	
TestRWMutex	pass	
TestRaiseException	pass	
TestRangeStringCast	pass	
TestReadMemStats	pass	
TestReadMetrics	pass	
TestReadMetricsConsistency	pass	
TestReadMetricsCumulative	pass	
TestReadRandom	pass	
TestRecoverBeforePanicAfterGoexit	pass	
TestRecoverBeforePanicAfterGoexit2	pass	
TestRecoverMatching	pass	
TestRecoveredPanicAfterGoexit	pass	
TestRecursivePanic	pass	
TestRecursivePanic2	pass	
TestRecursivePanic3	pass	
TestRecursivePanic4	pass	
TestRecursivePanic5	pass	
TestRegisterClass	pass	
TestReturnAfterStackGrowInCallback	skip	
TestRuntimeLockMetricsAndProfile	pass	
TestRuntimeLockMetricsAndProfile/runtime.lock	pass	
TestRuntimeLockMetricsAndProfile/runtime.lock/sample-1	pass	
TestRuntimeLockMetricsAndProfile/runtime.lock/sample-1/compare_timers	skip	
TestRuntimeLockMetricsAndProfile/runtime.lock/sample-1/metric	skip	
TestRuntimeLockMetricsAndProfile/runtime.lock/sample-2	skip	
TestRuntimeLockMetricsAndProfile/runtime.semrelease	skip	
TestRuntimePanic	pass	
TestRuntimePanicWithRuntimeError	pass	
TestSPWrite	pass	
TestScavChunkDataPack	pass	
TestScavengeIndex	pass	
TestScavengeIndex/Bg/FirstPage	pass	
TestScavengeIndex/Bg/LastPage	pass	
TestScavengeIndex/Bg/Mark	pass	
TestScavengeIndex/Bg/MarkIdempotentOneChunk	pass	
TestScavengeIndex/Bg/MarkIdempotentThirtyTwoChunks	pass	
TestScavengeIndex/Bg/MarkIdempotentThirtyTwoChunksOffset	pass	
TestScavengeIndex/Bg/MarkInterleaved	pass	
TestScavengeIndex/Bg/OnePage	pass	
TestScavengeIndex/Bg/SevenChunksOffset	pass	
TestScavengeIndex/Bg/SeveralPages	pass	
TestScavengeIndex/Bg/ThirtyTwoChunks	pass	
TestScavengeIndex/Bg/ThirtyTwoChunksOffset	pass	
TestScavengeIndex/Bg/TwoChunks	pass	
TestScavengeIndex/Bg/TwoChunksOffset	pass	
TestScavengeIndex/Bg/Uninitialized	pass	
TestScavengeIndex/Bg/WholeChunk	pass	
TestScavengeIndex/Force/FirstPage	pass	
TestScavengeIndex/Force/LastPage	pass	
TestScavengeIndex/Force/Mark	pass	
TestScavengeIndex/Force/MarkIdempotentOneChunk	pass	
TestScavengeIndex/Force/MarkIdempotentThirtyTwoChunks	pass	
TestScavengeIndex/Force/MarkIdempotentThirtyTwoChunksOffset	pass	
TestScavengeIndex/Force/MarkInterleaved	pass	
TestScavengeIndex/Force/OnePage	pass	
TestScavengeIndex/Force/SevenChunksOffset	pass	
TestScavengeIndex/Force/SeveralPages	pass	
TestScavengeIndex/Force/ThirtyTwoChunks	pass	
TestScavengeIndex/Force/ThirtyTwoChunksOffset	pass	
TestScavengeIndex/Force/TwoChunks	pass	
TestScavengeIndex/Force/TwoChunksOffset	pass	
TestScavengeIndex/Force/Uninitialized	pass	
TestScavengeIndex/Force/WholeChunk	pass	
TestScavengedBitsCleared	pass	
TestScavenger	pass	
TestSchedLocalQueue	pass	
TestSchedLocalQueueEmpty	pass	
TestSchedLocalQueueSteal	pass	
TestSchedPauseMetrics	pass	
TestSchedPauseMetrics/runtime.GC	pass	
TestSchedPauseMetrics/runtime.GOMAXPROCS	pass	
TestSchedPauseMetrics/runtime.GoroutineProfile	pass	
TestSchedPauseMetrics/runtime.ReadMemStats	pass	
TestSchedPauseMetrics/runtime.Stack	pass	
TestSchedPauseMetrics/runtime/debug.WriteHeapDump	pass	
TestSchedPauseMetrics/runtime/trace.Start	pass	
TestSehLookupFunctionEntry	pass	
TestSehUnwind	pass	
TestSehUnwindDoublePanic	pass	
TestSehUnwindNilPointerPanic	pass	
TestSehUnwindPanic	pass	
TestSelectDuplicateChannel	pass	
TestSelectFairness	pass	
TestSelectStackAdjust	pass	
TestSelectStress	pass	
TestSelfSelect	pass	
TestSemaHandoff	pass	
TestSemaHandoff1	pass	
TestSemaHandoff2	pass	
TestSetPanicOnFault	pass	
TestShrinkStackDuringBlockedSend	pass	
TestSideEffectOrder	pass	
TestSimpleDeadlock	pass	
TestSingleBucketMapStringKeys_DupLen	pass	
TestSingleBucketMapStringKeys_NoDupLen	pass	
TestSizeof	pass	
TestSmhasherAppendedZeros	pass	
TestSmhasherAvalanche	pass	
TestSmhasherCyclic	pass	
TestSmhasherPermutation	pass	
TestSmhasherSanity	pass	
TestSmhasherSeed	pass	
TestSmhasherSmallKeys	pass	
TestSmhasherSparse	pass	
TestSmhasherText	pass	
TestSmhasherTwoNonzero	pass	
TestSmhasherWindowed	pass	
TestSmhasherZeros	pass	
TestStackAllOutput	pass	
TestStackCache	pass	
TestStackGrowth	pass	
TestStackGrowthCallback	pass	
TestStackMem	pass	
TestStackOutput	pass	
TestStackOverflow	pass	
TestStackPanic	pass	
TestStackWrapperCaller	pass	
TestStackWrapperCallers	pass	
TestStackWrapperStack	pass	
TestStackWrapperStackInlinePanic	pass	
TestStackWrapperStackPanic	pass	
TestStackWrapperStackPanic/panicwrap	pass	
TestStackWrapperStackPanic/panicwrap/CallersFrames	pass	
TestStackWrapperStackPanic/panicwrap/Stack	pass	
TestStackWrapperStackPanic/sigpanic	pass	
TestStackWrapperStackPanic/sigpanic/CallersFrames	pass	
TestStackWrapperStackPanic/sigpanic/Stack	pass	
TestStartLine	pass	
TestStartLine/blank-lines	pass	
TestStartLine/inline	pass	
TestStartLine/inline-closure	pass	
TestStartLine/multiline-declaration	pass	
TestStartLine/normal	pass	
TestStartLine/normal-closure	pass	
TestStartLineAsm	pass	
TestStdCall	pass	
TestStdcallAndCDeclCallbacks	skip	
TestStealOrder	pass	
TestStopCPUProfilingWithProfilerOff	pass	
TestStopTheWorldDeadlock	pass	
TestString2Slice	pass	
TestStringConcatenationAllocs	pass	
TestStringIndexHaystack	pass	
TestStringIndexNeedle	pass	
TestStringOnStack	pass	
TestStringW	pass	
TestStructHash	pass	
TestSynctest	pass	
TestSyscallN	skip	
TestSyscallStackUsage	pass	
TestSystemstackFramePointerAdjust	pass	
TestThreadExhaustion	pass	
TestTimeBeginPeriod	pass	
TestTimeHistogram	pass	
TestTimeHistogramMetricsBuckets	pass	
TestTimePprof	pass	
TestTimeTimerType	pass	
TestTimediv	pass	
TestTimediv/1099511627776_div_2	pass	
TestTimediv/1099511627777_div_1024	pass	
TestTimediv/12345000054321_div_1000000000	pass	
TestTimediv/4294967295_div_2	pass	
TestTimediv/4294967296_div_2	pass	
TestTimediv/8_div_2	pass	
TestTimediv/9_div_2	pass	
TestTimerFairness	pass	
TestTimerFairness2	pass	
TestTinyAlloc	pass	
TestTinyAllocIssue37262	pass	
TestTraceMap	pass	
TestTraceMapConcurrent	pass	
TestTracebackAncestors	pass	
TestTracebackArgs	pass	
TestTracebackElision	pass	
TestTracebackElision/elided=0	pass	
TestTracebackElision/elided=1	pass	
TestTracebackElision/elided=10	pass	
TestTracebackGeneric	pass	
TestTracebackInlined	pass	
TestTracebackInlined/excluded	pass	
TestTracebackInlined/sigpanic	pass	
TestTracebackInlined/simple	pass	
TestTracebackInlined/wrapper	pass	
TestTracebackParentChildGoroutines	pass	
TestTracebackRuntimeFunction	pass	
TestTracebackRuntimeMethod	pass	
TestTracebackSystem	pass	
TestTracebackSystem/panic	pass	
TestTracebackSystem/trap	pass	
TestTracebackSystemstack	pass	
TestTrailingZero	pass	
TestUnconditionalPanic	pass	
TestUnsafePoint	pass	
TestUserArena	pass	
TestUserArena/Alloc	pass	
TestUserArena/Alloc/[]int_(cap_0)	pass	
TestUserArena/Alloc/[]mediumPointerOdd	pass	
TestUserArena/Alloc/[]smallPointer	pass	
TestUserArena/Alloc/[]smallScalar	pass	
TestUserArena/Alloc/[]struct{}	pass	
TestUserArena/Alloc/largePointer	pass	
TestUserArena/Alloc/largeScalar	pass	
TestUserArena/Alloc/mediumPointerEven	pass	
TestUserArena/Alloc/mediumPointerOdd	pass	
TestUserArena/Alloc/mediumScalarEven	pass	
TestUserArena/Alloc/mediumScalarOdd	pass	
TestUserArena/Alloc/smallPointer	pass	
TestUserArena/Alloc/smallPointerMix	pass	
TestUserArena/Alloc/smallScalar	pass	
TestUserArena/Alloc/struct{}	pass	
TestUserArenaClearsPointerBits	pass	
TestUserArenaClonePanic	pass	
TestUserArenaClonePointer	pass	
TestUserArenaCloneSlice	pass	
TestUserArenaCloneString	pass	
TestUserArenaLiveness	pass	
TestUserArenaLiveness/Finalizer	pass	
TestUserArenaLiveness/Free	pass	
TestUserForcedGC	pass	
TestVDSO	pass	
TestVectoredHandlerDontCrashOnLibrary	skip	
TestVectoredHandlerExceptionInNonGoThread	skip	
TestVersion	pass	
TestWERDialogue	pass	
TestWeakToStrongMarkTermination	pass	
TestWindowsStackMemory	pass	
TestYieldLocked	pass	
TestYieldLockedProgress	pass	
TestYieldProgress	pass	
TestZeroConvT2x	pass	
TestZeroConvT2x/E16	pass	
TestZeroConvT2x/E32	pass	
TestZeroConvT2x/E64	pass	
TestZeroConvT2x/E8	pass	
TestZeroConvT2x/Econstflt	pass	
TestZeroConvT2x/Econststr	pass	
TestZeroConvT2x/Eslice	pass	
TestZeroConvT2x/Estr	pass	
TestZeroConvT2x/I16	pass	
TestZeroConvT2x/I32	pass	
TestZeroConvT2x/I64	pass	
TestZeroConvT2x/I8	pass	
TestZeroConvT2x/Islice	pass	
TestZeroConvT2x/Istr	pass	
TestZeroDivisionException	pass	
