key	function	param	verdict	S0	S1	S2	S3	lit	lit_hoisted	fmt_lit	lit_deferred	leak_lit	string_b	reasons_S0	reasons_S2	reasons_S3	culprit_S2	culprit_S3	func_value_sites
archive/tar/common.go:648:37	archive/tar.FileInfoHeader	1	leak-heap	false	false	false	false	0	0	0	0	1	0	go: the parameter's -m verdict is not noescape; use: stored in a struct field	go: the parameter's -m verdict is not noescape; use: stored in a struct field	go: the parameter's -m verdict is not noescape; use: stored in a struct field			
bufio/bufio.go:748:30	bufio.(Writer).WriteString	0	leak-heap	false	false	false	false	0	0	0	0	12	0	gap: copy(dst, s) (sstring has no copy); go: the parameter's -m verdict is not noescape; sig: exported method (reflection reach); sig: method matching an interface method (binder: exact parameter types); use: passed to a fixed signature (func value, interface method)	go: the parameter's -m verdict is not noescape; sig: exported method (reflection reach); sig: method matching an interface method (binder: exact parameter types); use: passed to a fixed signature (func value, interface method)	go: the parameter's -m verdict is not noescape; use: passed to a fixed signature (func value, interface method)			
bytes/buffer.go:187:30	bytes.(Buffer).WriteString	0	noescape	false	false	false	true	128	48	0	0	0	0	gap: copy(dst, s) (sstring has no copy); sig: exported method (reflection reach); sig: method matching an interface method (binder: exact parameter types)	sig: exported method (reflection reach); sig: method matching an interface method (binder: exact parameter types)				
bytes/bytes.go:1007:25	bytes.TrimLeft	1	noescape	false	false	true	true	3	0	0	0	0	0	sig: the function is used as a value in test files only (e.g. export_test.go)					1, first bytes/bytes_test.go:1558:11
bytes/bytes.go:1069:26	bytes.TrimRight	1	noescape	false	false	true	true	3	0	0	0	0	0	sig: the function is used as a value in test files only (e.g. export_test.go)					1, first bytes/bytes_test.go:1560:11
bytes/bytes.go:221:25	bytes.IndexAny	1	noescape	false	false	false	false	4	0	0	0	0	0	gap: range over the string (sstring has no enumerator); sig: the function is used as a value in test files only (e.g. export_test.go)	cascade: passed to a parameter that does not survive	cascade: passed to a parameter that does not survive	internal/bytealg.IndexString	internal/bytealg.IndexString	1, first bytes/bytes_test.go:309:56
bytes/bytes.go:82:28	bytes.ContainsAny	1	noescape	false	false	false	false	3	0	0	0	0	0	cascade: passed to a parameter that does not survive	cascade: passed to a parameter that does not survive	cascade: passed to a parameter that does not survive	bytes.IndexAny	bytes.IndexAny	
bytes/bytes.go:988:21	bytes.Trim	1	noescape	false	false	true	true	1	0	0	0	0	0	sig: the function is used as a value in test files only (e.g. export_test.go)					1, first bytes/bytes_test.go:1556:11
crypto/elliptic/nistec.go:280:21	crypto/elliptic.bigFromDecimal	0	leak-heap	false	false	false	false	0	0	0	0	4	0	go: the parameter's -m verdict is not noescape	go: the parameter's -m verdict is not noescape	go: the parameter's -m verdict is not noescape			
crypto/elliptic/nistec.go:288:17	crypto/elliptic.bigFromHex	0	leak-heap	false	false	false	false	0	0	0	0	6	0	go: the parameter's -m verdict is not noescape	go: the parameter's -m verdict is not noescape	go: the parameter's -m verdict is not noescape			
crypto/internal/cryptotest/block.go:241:30	crypto/internal/cryptotest.mustPanic	1	leak-heap	false	false	false	false	0	0	0	0	23	0	go: the parameter's -m verdict is not noescape; use: argument of defer/go (captured by the lowering); use: captured by a closure; use: converted to an interface (box)	go: the parameter's -m verdict is not noescape; use: argument of defer/go (captured by the lowering); use: captured by a closure; use: converted to an interface (box)	go: the parameter's -m verdict is not noescape; use: argument of defer/go (captured by the lowering); use: captured by a closure; use: converted to an interface (box)			
crypto/internal/fips140/cast.go:37:11	crypto/internal/fips140.CAST	0	noescape	false	false	false	false	17	0	0	0	0	0	use: converted to an interface (box)	use: converted to an interface (box)	use: converted to an interface (box)			
crypto/internal/fips140/cast.go:70:10	crypto/internal/fips140.PCT	0	noescape	false	false	false	false	6	6	0	0	0	0	use: converted to an interface (box)	use: converted to an interface (box)	use: converted to an interface (box)			
crypto/internal/fips140/ed25519/ed25519.go:216:81	crypto/internal/fips140/ed25519.signWithDom	4	noescape	true	true	true	true	2	0	0	0	0	0						
crypto/internal/fips140/ed25519/ed25519.go:290:68	crypto/internal/fips140/ed25519.verifyWithDom	4	noescape	true	true	true	true	2	0	0	0	0	0						
crypto/internal/fips140/hkdf/hkdf.go:26:65	crypto/internal/fips140/hkdf.Expand	2	no-verdict	false	false	false	false	0	0	0	0	0	2	go: -m printed no verdict for the parameter	go: -m printed no verdict for the parameter	go: -m printed no verdict for the parameter			
crypto/internal/fips140/hkdf/hkdf.go:53:59	crypto/internal/fips140/hkdf.Key	3	no-verdict	false	false	false	false	0	0	0	0	0	1	go: -m printed no verdict for the parameter; use: argument of a generic function (type argument)	go: -m printed no verdict for the parameter; use: argument of a generic function (type argument)	go: -m printed no verdict for the parameter; use: argument of a generic function (type argument)			
crypto/internal/fips140/pbkdf2/pbkdf2.go:22:44	crypto/internal/fips140/pbkdf2.Key	1	no-verdict	false	false	false	false	0	0	0	0	1	0	go: -m printed no verdict for the parameter	go: -m printed no verdict for the parameter	go: -m printed no verdict for the parameter			
crypto/internal/fips140/rsa/pkcs1v15.go:101:37	crypto/internal/fips140/rsa.verifyPKCS1v15	1	noescape	false	false	false	false	2	1	0	0	0	0	cascade: passed to a parameter that does not survive	cascade: passed to a parameter that does not survive	cascade: passed to a parameter that does not survive	crypto/internal/fips140/rsa.pkcs1v15ConstructEM	crypto/internal/fips140/rsa.pkcs1v15ConstructEM	
crypto/internal/fips140/rsa/pkcs1v15.go:54:37	crypto/internal/fips140/rsa.signPKCS1v15	1	noescape	false	false	false	false	2	1	0	0	0	0	cascade: passed to a parameter that does not survive	cascade: passed to a parameter that does not survive	cascade: passed to a parameter that does not survive	crypto/internal/fips140/rsa.pkcs1v15ConstructEM	crypto/internal/fips140/rsa.pkcs1v15ConstructEM	
crypto/internal/fips140/tls13/tls13.go:20:64	crypto/internal/fips140/tls13.ExpandLabel	2	no-verdict	false	false	false	false	0	0	0	0	11	0	gap: append(b, s...) (sstring has no spread); go: -m printed no verdict for the parameter	go: -m printed no verdict for the parameter	go: -m printed no verdict for the parameter			
crypto/internal/fips140/tls13/tls13.go:49:65	crypto/internal/fips140/tls13.deriveSecret	2	no-verdict	false	false	false	false	0	0	0	0	2	0	go: -m printed no verdict for the parameter; use: argument of a generic function (type argument)	go: -m printed no verdict for the parameter; use: argument of a generic function (type argument)	go: -m printed no verdict for the parameter; use: argument of a generic function (type argument)			
crypto/internal/fips140deps/godebug/godebug.go:21:12	crypto/internal/fips140deps/godebug.Value	0	leak-heap	false	false	false	false	0	0	0	0	4	0	go: the parameter's -m verdict is not noescape	go: the parameter's -m verdict is not noescape	go: the parameter's -m verdict is not noescape			
crypto/internal/hpke/hpke.go:29:61	crypto/internal/hpke.(hkdfKDF).LabeledExtract	2	noescape	false	false	false	true	4	4	0	0	0	0	gap: append(b, s...) (sstring has no spread); sig: exported method (reflection reach)	sig: exported method (reflection reach)				
crypto/internal/hpke/hpke.go:38:69	crypto/internal/hpke.(hkdfKDF).LabeledExpand	2	noescape	false	false	false	true	4	4	0	0	0	0	gap: append(b, s...) (sstring has no spread); sig: exported method (reflection reach)	sig: exported method (reflection reach)				
crypto/internal/impl/impl.go:29:15	crypto/internal/impl.Register	0	leak-heap	false	false	false	false	0	0	0	0	9	0	go: the parameter's -m verdict is not noescape; use: stored in a composite literal	go: the parameter's -m verdict is not noescape; use: stored in a composite literal	go: the parameter's -m verdict is not noescape; use: stored in a composite literal			
crypto/internal/impl/impl.go:29:20	crypto/internal/impl.Register	1	leak-heap	false	false	false	false	0	0	0	0	9	0	go: the parameter's -m verdict is not noescape; use: stored in a composite literal	go: the parameter's -m verdict is not noescape; use: stored in a composite literal	go: the parameter's -m verdict is not noescape; use: stored in a composite literal			
crypto/internal/impl/impl.go:66:18	crypto/internal/impl.Select	1	noescape	true	true	true	true	1	0	0	0	0	0						
crypto/tls/conn.go:586:52	crypto/tls.(Conn).newRecordHeaderError	1	leak-result	false	false	false	false	0	0	0	0	2	0	go: the parameter's -m verdict is not noescape; use: stored in a struct field	go: the parameter's -m verdict is not noescape; use: stored in a struct field	go: the parameter's -m verdict is not noescape; use: stored in a struct field			
crypto/tls/ech.go:464:19	crypto/tls.validDNSName	0	leak-heap	false	false	false	false	0	0	0	0	0	1	go: the parameter's -m verdict is not noescape	go: the parameter's -m verdict is not noescape	go: the parameter's -m verdict is not noescape			
crypto/x509/cert_pool.go:194:50	crypto/x509.(CertPool).addCertFunc	1	leak-heap	false	false	false	false	0	0	0	0	0	3	go: the parameter's -m verdict is not noescape; use: map key (no sstring map indexer)	go: the parameter's -m verdict is not noescape; use: map key (no sstring map indexer)	go: the parameter's -m verdict is not noescape; use: map key (no sstring map indexer)			
crypto/x509/oid.go:130:32	crypto/x509.(OID).unmarshalOIDText	0	leak-heap	false	false	false	false	0	0	0	0	0	1	gap: range over the string (sstring has no enumerator); go: the parameter's -m verdict is not noescape	go: the parameter's -m verdict is not noescape	go: the parameter's -m verdict is not noescape			
crypto/x509/verify.go:570:2	crypto/x509.(Certificate).checkNameConstraints	2	leak-heap	false	false	false	false	0	0	0	0	4	0	go: the parameter's -m verdict is not noescape; use: converted to an interface (box)	go: the parameter's -m verdict is not noescape; use: converted to an interface (box)	go: the parameter's -m verdict is not noescape; use: converted to an interface (box)			
debug/dwarf/buf.go:190:21	debug/dwarf.(buf).error	0	leak-heap	false	false	false	false	0	0	0	0	24	0	go: the parameter's -m verdict is not noescape; use: stored in a composite literal	go: the parameter's -m verdict is not noescape; use: stored in a composite literal	go: the parameter's -m verdict is not noescape; use: stored in a composite literal			
debug/dwarf/buf.go:54:42	debug/dwarf.makeBuf	2	leak-result	false	false	false	false	0	0	0	0	20	0	go: the parameter's -m verdict is not noescape; use: stored in a composite literal	go: the parameter's -m verdict is not noescape; use: stored in a composite literal	go: the parameter's -m verdict is not noescape; use: stored in a composite literal			
debug/dwarf/type.go:407:25	debug/dwarf.(Data).readType	0	leak-heap	false	false	false	false	0	0	0	0	1	0	go: the parameter's -m verdict is not noescape; use: captured by a closure; use: stored in a composite literal	go: the parameter's -m verdict is not noescape; use: captured by a closure; use: stored in a composite literal	go: the parameter's -m verdict is not noescape; use: captured by a closure; use: stored in a composite literal			
debug/elf/file.go:745:24	debug/elf.(File).Section	0	noescape	false	false	false	true	2	2	0	0	0	0	sig: exported method (reflection reach)	sig: exported method (reflection reach)				
debug/plan9obj/file.go:333:24	debug/plan9obj.(File).Section	0	noescape	false	false	false	true	2	2	0	0	0	0	sig: exported method (reflection reach)	sig: exported method (reflection reach)				
encoding/asn1/asn1.go:1116:45	encoding/asn1.UnmarshalWithParams	2	noescape	false	false	false	false	1	0	0	0	0	0	cascade: passed to a parameter that does not survive	cascade: passed to a parameter that does not survive	cascade: passed to a parameter that does not survive	encoding/asn1.parseFieldParameters	encoding/asn1.parseFieldParameters	
encoding/asn1/marshal.go:736:33	encoding/asn1.MarshalWithParams	1	noescape	false	false	false	false	1	0	0	0	0	0	cascade: passed to a parameter that does not survive	cascade: passed to a parameter that does not survive	cascade: passed to a parameter that does not survive	encoding/asn1.parseFieldParameters	encoding/asn1.parseFieldParameters	
encoding/base32/base32.go:61:18	encoding/base32.NewEncoding	0	noescape	false	true	true	true	2	0	0	0	0	0	gap: copy(dst, s) (sstring has no copy)					
encoding/base64/base64.go:64:18	encoding/base64.NewEncoding	0	noescape	false	true	true	true	2	0	0	0	0	0	gap: copy(dst, s) (sstring has no copy)					
encoding/gob/error.go:23:13	encoding/gob.errorf	0	noescape	true	true	true	true	0	0	64	0	0	0						
encoding/gob/type.go:599:18	encoding/gob.getBaseType	0	leak-heap	false	false	false	false	0	0	0	0	3	0	go: the parameter's -m verdict is not noescape	go: the parameter's -m verdict is not noescape	go: the parameter's -m verdict is not noescape			
encoding/gob/type.go:630:20	encoding/gob.bootstrapType	0	leak-heap	false	false	false	false	0	0	0	0	15	0	go: the parameter's -m verdict is not noescape; use: stored in a composite literal	go: the parameter's -m verdict is not noescape; use: stored in a composite literal	go: the parameter's -m verdict is not noescape; use: stored in a composite literal			
encoding/json/decode.go:833:37	encoding/json.(decodeState).convertNumber	0	leak-heap	false	false	false	false	0	0	0	0	0	2	go: the parameter's -m verdict is not noescape; use: converted to a named string type	go: the parameter's -m verdict is not noescape; use: converted to a named string type	go: the parameter's -m verdict is not noescape; use: converted to a named string type			
encoding/json/scanner.go:591:33	encoding/json.(scanner).error	1	noescape	true	true	true	true	27	26	0	0	0	0						
encoding/json/tags.go:25:30	encoding/json.(tagOptions).Contains	0	noescape	false	false	false	true	3	3	0	0	0	0	sig: exported method (reflection reach)	sig: exported method (reflection reach)				
encoding/xml/marshal.go:1001:31	encoding/xml.(printer).WriteString	0	leak-heap	false	false	false	false	0	0	0	0	13	0	go: the parameter's -m verdict is not noescape; sig: exported method (reflection reach); sig: method matching an interface method (binder: exact parameter types)	go: the parameter's -m verdict is not noescape; sig: exported method (reflection reach); sig: method matching an interface method (binder: exact parameter types)	go: the parameter's -m verdict is not noescape			
encoding/xml/xml.go:2049:15	encoding/xml.procInst	0	noescape	false	false	false	false	2	2	0	0	0	0	cascade: passed to a parameter that does not survive	cascade: passed to a parameter that does not survive	cascade: passed to a parameter that does not survive	strings.Index	strings.Index	
encoding/xml/xml.go:460:26	encoding/xml.(Decoder).pushNs	0	leak-heap	false	false	false	false	0	0	0	0	1	0	go: the parameter's -m verdict is not noescape; use: stored in a struct field	go: the parameter's -m verdict is not noescape; use: stored in a struct field	go: the parameter's -m verdict is not noescape; use: stored in a struct field			
encoding/xml/xml.go:468:31	encoding/xml.(Decoder).syntaxError	0	leak-heap	false	false	false	false	0	0	0	0	16	0	go: the parameter's -m verdict is not noescape; use: stored in a composite literal	go: the parameter's -m verdict is not noescape; use: stored in a composite literal	go: the parameter's -m verdict is not noescape; use: stored in a composite literal			
errors/errors.go:64:10	errors.New	0	leak-heap	false	false	false	false	0	0	0	0	1364	1	go: the parameter's -m verdict is not noescape; use: stored in a composite literal	go: the parameter's -m verdict is not noescape; use: stored in a composite literal	go: the parameter's -m verdict is not noescape; use: stored in a composite literal			
expvar/expvar.go:309:14	expvar.Publish	0	leak-heap	false	false	false	false	0	0	0	0	2	0	go: the parameter's -m verdict is not noescape; use: converted to an interface (box); use: stored in a slice, array or map element, or appended as an element	go: the parameter's -m verdict is not noescape; use: converted to an interface (box); use: stored in a slice, array or map element, or appended as an element	go: the parameter's -m verdict is not noescape; use: converted to an interface (box); use: stored in a slice, array or map element, or appended as an element			
flag/flag.go:1045:23	flag.Var	1	leak-heap	false	false	false	false	0	0	0	0	4	0	go: the parameter's -m verdict is not noescape	go: the parameter's -m verdict is not noescape	go: the parameter's -m verdict is not noescape			
flag/flag.go:1045:36	flag.Var	2	leak-heap	false	false	false	false	0	0	0	0	4	0	go: the parameter's -m verdict is not noescape	go: the parameter's -m verdict is not noescape	go: the parameter's -m verdict is not noescape			
flag/flag.go:1050:27	flag.(FlagSet).sprintf	0	noescape	false	false	true	true	0	0	4	0	0	0	cascade: passed to a parameter that does not survive					
flag/flag.go:1058:25	flag.(FlagSet).failf	0	noescape	false	false	true	true	0	0	6	0	0	0	cascade: passed to a parameter that does not survive					
flag/flag.go:1223:17	flag.NewFlagSet	0	leak-heap	false	false	false	false	0	0	0	0	1	0	go: the parameter's -m verdict is not noescape; use: stored in a composite literal	go: the parameter's -m verdict is not noescape; use: stored in a composite literal	go: the parameter's -m verdict is not noescape; use: stored in a composite literal			
flag/flag.go:768:11	flag.Bool	0	leak-heap	false	false	false	false	0	0	0	0	7	0	go: the parameter's -m verdict is not noescape	go: the parameter's -m verdict is not noescape	go: the parameter's -m verdict is not noescape			
flag/flag.go:768:36	flag.Bool	2	leak-heap	false	false	false	false	0	0	0	0	7	0	go: the parameter's -m verdict is not noescape	go: the parameter's -m verdict is not noescape	go: the parameter's -m verdict is not noescape			
flag/flag.go:794:10	flag.Int	0	leak-heap	false	false	false	false	0	0	0	0	5	0	go: the parameter's -m verdict is not noescape	go: the parameter's -m verdict is not noescape	go: the parameter's -m verdict is not noescape			
flag/flag.go:794:34	flag.Int	2	leak-heap	false	false	false	false	0	0	0	0	5	0	go: the parameter's -m verdict is not noescape	go: the parameter's -m verdict is not noescape	go: the parameter's -m verdict is not noescape			
flag/flag.go:846:11	flag.Uint	0	leak-heap	false	false	false	false	0	0	0	0	1	0	go: the parameter's -m verdict is not noescape	go: the parameter's -m verdict is not noescape	go: the parameter's -m verdict is not noescape			
flag/flag.go:846:36	flag.Uint	2	leak-heap	false	false	false	false	0	0	0	0	1	0	go: the parameter's -m verdict is not noescape	go: the parameter's -m verdict is not noescape	go: the parameter's -m verdict is not noescape			
flag/flag.go:884:27	flag.StringVar	1	leak-heap	false	false	false	false	0	0	0	0	1	0	go: the parameter's -m verdict is not noescape	go: the parameter's -m verdict is not noescape	go: the parameter's -m verdict is not noescape			
flag/flag.go:884:40	flag.StringVar	2	leak-heap	false	false	false	false	0	0	0	0	1	0	go: the parameter's -m verdict is not noescape	go: the parameter's -m verdict is not noescape	go: the parameter's -m verdict is not noescape			
flag/flag.go:884:54	flag.StringVar	3	leak-heap	false	false	false	false	0	0	0	0	1	0	go: the parameter's -m verdict is not noescape	go: the parameter's -m verdict is not noescape	go: the parameter's -m verdict is not noescape			
flag/flag.go:898:13	flag.String	0	leak-heap	false	false	false	false	0	0	0	0	17	0	go: the parameter's -m verdict is not noescape	go: the parameter's -m verdict is not noescape	go: the parameter's -m verdict is not noescape			
flag/flag.go:898:26	flag.String	1	leak-heap	false	false	false	false	0	0	0	0	17	0	go: the parameter's -m verdict is not noescape	go: the parameter's -m verdict is not noescape	go: the parameter's -m verdict is not noescape			
flag/flag.go:898:40	flag.String	2	leak-heap	false	false	false	false	0	0	0	0	17	0	go: the parameter's -m verdict is not noescape	go: the parameter's -m verdict is not noescape	go: the parameter's -m verdict is not noescape			
flag/flag.go:954:15	flag.Duration	0	leak-heap	false	false	false	false	0	0	0	0	1	0	go: the parameter's -m verdict is not noescape	go: the parameter's -m verdict is not noescape	go: the parameter's -m verdict is not noescape			
flag/flag.go:954:49	flag.Duration	2	leak-heap	false	false	false	false	0	0	0	0	1	0	go: the parameter's -m verdict is not noescape	go: the parameter's -m verdict is not noescape	go: the parameter's -m verdict is not noescape			
fmt/errors.go:22:13	fmt.Errorf	0	noescape	false	false	true	true	0	0	920	0	0	0	sig: the function is used as a value in test files only (e.g. export_test.go)					1, first fmt/errors_test.go:17:21
fmt/format.go:111:25	fmt.(fmt).padString	0	noescape	false	true	true	true	2	2	0	0	0	0	cascade: passed to a parameter that does not survive					
fmt/format.go:197:72	fmt.(fmt).fmtInteger	4	noescape	true	true	true	true	0	0	0	0	0	0						
fmt/format.go:327:30	fmt.(fmt).truncateString	0	leak-result	false	false	false	false	0	0	0	0	0	0	gap: range over the string (sstring has no enumerator); go: the parameter's -m verdict is not noescape; use: returned	go: the parameter's -m verdict is not noescape; use: returned	go: the parameter's -m verdict is not noescape; use: returned			
fmt/format.go:360:20	fmt.(fmt).fmtS	0	noescape	false	false	false	false	0	0	0	0	0	0	cascade: passed to a parameter that does not survive	cascade: passed to a parameter that does not survive	cascade: passed to a parameter that does not survive	fmt.(fmt).truncateString	fmt.(fmt).truncateString	
fmt/format.go:372:22	fmt.(fmt).fmtSbx	0	noescape	true	true	true	true	1	0	0	0	0	0						
fmt/format.go:372:42	fmt.(fmt).fmtSbx	2	noescape	true	true	true	true	0	0	0	0	0	0						
fmt/format.go:438:21	fmt.(fmt).fmtSx	0	noescape	true	true	true	true	0	0	0	0	0	0						
fmt/format.go:438:24	fmt.(fmt).fmtSx	1	noescape	true	true	true	true	0	0	0	0	0	0						
fmt/format.go:443:31	fmt.(fmt).fmtBx	1	noescape	true	true	true	true	0	0	0	0	0	0						
fmt/format.go:450:20	fmt.(fmt).fmtQ	0	noescape	false	false	false	false	0	0	0	0	0	1	cascade: passed to a parameter that does not survive	cascade: passed to a parameter that does not survive	cascade: passed to a parameter that does not survive	fmt.(fmt).truncateString	fmt.(fmt).truncateString	
fmt/print.go:1019:23	fmt.(pp).doPrintf	0	noescape	false	false	true	true	0	0	0	0	0	0	cascade: passed to a parameter that does not survive					
fmt/print.go:107:30	fmt.(buffer).writeString	0	noescape	false	true	true	true	3	1	0	0	0	0	gap: append(b, s...) (sstring has no spread)					
fmt/print.go:222:27	fmt.Fprintf	1	noescape	false	false	true	true	0	0	286	0	0	0	sig: the function is used as a value in test files only (e.g. export_test.go)					2, first reflect/all_test.go:3703:8
fmt/print.go:232:13	fmt.Printf	0	noescape	false	false	true	true	0	0	39	0	0	0	sig: the function is used as a value in test files only (e.g. export_test.go)					1, first crypto/internal/fips140test/check_test.go:117:60
fmt/print.go:237:14	fmt.Sprintf	0	noescape	false	false	true	true	0	0	446	0	0	0	sig: the function is used as a value in production (delegate signature)					3, first text/template/funcs.go:51:19
fmt/print.go:247:24	fmt.Appendf	1	noescape	false	false	true	true	0	0	2	0	0	0	cascade: passed to a parameter that does not survive					
fmt/print.go:357:15	fmt.parsenum	0	noescape	false	false	true	true	0	0	0	0	0	0	sig: the function is used as a value in test files only (e.g. export_test.go)					1, first fmt/export_test.go:8:16
fmt/print.go:488:24	fmt.(pp).fmtString	0	noescape	false	false	false	false	0	0	0	0	0	0	cascade: passed to a parameter that does not survive	cascade: passed to a parameter that does not survive	cascade: passed to a parameter that does not survive	fmt.(fmt).fmtS	fmt.(fmt).fmtS	
fmt/print.go:509:44	fmt.(pp).fmtBytes	2	noescape	false	true	true	true	1	1	0	0	0	0	cascade: passed to a parameter that does not survive					
fmt/print.go:587:45	fmt.(pp).catchPanic	2	noescape	false	false	false	true	4	4	0	4	0	0	sig: the callee of a defer/go statement (lowered into golib's generic defer: CS0306)	sig: the callee of a defer/go statement (lowered into golib's generic defer: CS0306)				
fmt/print.go:972:21	fmt.parseArgNumber	0	noescape	false	false	true	true	0	0	0	0	0	0	cascade: passed to a parameter that does not survive					
fmt/print.go:994:36	fmt.(pp).argNumber	1	noescape	false	false	true	true	0	0	0	0	0	0	cascade: passed to a parameter that does not survive					
fmt/scan.go:1100:22	fmt.(ss).advance	0	noescape	true	true	true	true	0	0	0	0	0	0						
fmt/scan.go:113:25	fmt.Sscanf	1	noescape	false	false	true	true	0	0	1	0	0	0	cascade: passed to a parameter that does not survive					
fmt/scan.go:1181:22	fmt.(ss).doScanf	0	noescape	false	false	true	true	0	0	0	0	0	0	cascade: passed to a parameter that does not survive					
fmt/scan.go:243:26	fmt.(ss).errorString	0	leak-heap	false	false	false	false	0	0	0	0	15	0	go: the parameter's -m verdict is not noescape	go: the parameter's -m verdict is not noescape	go: the parameter's -m verdict is not noescape			
fmt/scan.go:468:16	fmt.indexRune	0	noescape	false	true	true	true	0	0	0	0	0	0	gap: range over the string (sstring has no enumerator)					
fmt/scan.go:479:22	fmt.(ss).consume	0	noescape	false	true	true	true	7	0	0	0	0	0	cascade: passed to a parameter that does not survive					
fmt/scan.go:497:19	fmt.(ss).peek	0	noescape	false	true	true	true	5	0	0	0	0	0	cascade: passed to a parameter that does not survive					
fmt/scan.go:515:21	fmt.(ss).accept	0	noescape	false	true	true	true	21	0	0	0	0	0	cascade: passed to a parameter that does not survive					
fmt/scan.go:520:32	fmt.(ss).okVerb	1	noescape	false	true	true	true	3	2	0	0	0	0	gap: range over the string (sstring has no enumerator)					
fmt/scan.go:520:41	fmt.(ss).okVerb	2	noescape	true	true	true	true	6	6	0	0	0	0						
fmt/scan.go:588:25	fmt.(ss).scanNumber	0	noescape	false	true	true	true	0	0	0	0	0	0	cascade: passed to a parameter that does not survive					
fmt/scan.go:764:11	fmt.hasX	0	noescape	true	true	true	true	0	0	0	0	0	0						
fmt/scan.go:774:27	fmt.(ss).convertFloat	0	leak-heap	false	false	false	false	0	0	0	0	0	0	go: the parameter's -m verdict is not noescape; use: stored in a struct field	go: the parameter's -m verdict is not noescape; use: stored in a struct field	go: the parameter's -m verdict is not noescape; use: stored in a struct field			
go/ast/ast.go:592:15	go/ast.NewIdent	0	leak-heap	false	false	false	false	0	0	0	0	7	0	go: the parameter's -m verdict is not noescape; use: stored in a composite literal	go: the parameter's -m verdict is not noescape; use: stored in a composite literal	go: the parameter's -m verdict is not noescape; use: stored in a composite literal			
go/ast/print.go:128:26	go/ast.(printer).printf	0	noescape	false	false	true	true	0	0	29	0	0	0	cascade: passed to a parameter that does not survive					
go/ast/print.go:22:19	go/ast.NotNilFilter	0	no-verdict	false	false	false	false	0	0	0	0	1	0	go: -m printed no verdict for the parameter; sig: the function is used as a value in production (delegate signature)	go: -m printed no verdict for the parameter	go: -m printed no verdict for the parameter			1, first go/ast/print.go:74:36
go/ast/resolve.go:25:44	go/ast.(pkgBuilder).errorf	1	noescape	false	false	true	true	0	0	3	0	0	0	cascade: passed to a parameter that does not survive					
go/build/build.go:381:12	go/build.envOr	0	leak-heap	false	false	false	false	0	0	0	0	1	0	go: the parameter's -m verdict is not noescape	go: the parameter's -m verdict is not noescape	go: the parameter's -m verdict is not noescape			
go/build/build.go:576:29	go/build.(Context).Import	0	leak-heap	false	false	false	false	0	0	0	0	1	0	go: the parameter's -m verdict is not noescape; sig: exported method (reflection reach); use: captured by a closure; use: converted to an interface (box); use: passed in a ...string tail; use: stored in a composite literal	go: the parameter's -m verdict is not noescape; sig: exported method (reflection reach); use: captured by a closure; use: converted to an interface (box); use: passed in a ...string tail; use: stored in a composite literal	go: the parameter's -m verdict is not noescape; use: captured by a closure; use: converted to an interface (box); use: passed in a ...string tail; use: stored in a composite literal			
go/build/constraint/expr.go:153:12	go/build/constraint.Parse	0	leak-heap	false	false	false	false	0	0	0	0	0	1	go: the parameter's -m verdict is not noescape	go: the parameter's -m verdict is not noescape	go: the parameter's -m verdict is not noescape			
go/build/constraint/expr.go:55:10	go/build/constraint.tag	0	leak-heap	false	false	false	false	0	0	0	0	3	0	go: the parameter's -m verdict is not noescape; use: stored in a composite literal	go: the parameter's -m verdict is not noescape; use: stored in a composite literal	go: the parameter's -m verdict is not noescape; use: stored in a composite literal			
go/build/read.go:311:36	go/build.(importReader).readKeyword	0	noescape	true	true	true	true	2	2	0	0	0	0						
go/build/read.go:36:22	go/build.newImportReader	0	leak-heap	false	false	false	false	0	0	0	0	1	0	go: the parameter's -m verdict is not noescape; use: stored in a composite literal	go: the parameter's -m verdict is not noescape; use: stored in a composite literal	go: the parameter's -m verdict is not noescape; use: stored in a composite literal			
go/build/read.go:556:19	go/build.parseGoEmbed	0	leak-heap	false	false	false	false	0	0	0	0	0	1	gap: range over the string (sstring has no enumerator); go: the parameter's -m verdict is not noescape; use: captured by a closure; use: converted to an interface (box); use: stored in a composite literal	go: the parameter's -m verdict is not noescape; use: captured by a closure; use: converted to an interface (box); use: stored in a composite literal	go: the parameter's -m verdict is not noescape; use: captured by a closure; use: converted to an interface (box); use: stored in a composite literal			
go/doc/comment/print.go:253:50	go/doc/comment.(commentPrinter).text	1	noescape	false	false	false	true	2	0	0	0	0	0	cascade: passed to a parameter that does not survive	cascade: passed to a parameter that does not survive		go/doc/comment.(commentPrinter).text		
go/doc/comment/text.go:137:47	go/doc/comment.(textPrinter).text	1	noescape	false	false	false	true	2	0	0	0	0	0	cascade: passed to a parameter that does not survive	cascade: passed to a parameter that does not survive		bytes.(Buffer).WriteString		
go/doc/example.go:140:19	go/doc.isTest	1	noescape	true	true	true	true	5	5	0	0	0	0						
go/format/internal.go:23:33	go/format.parse	1	leak-heap	false	false	false	false	0	0	0	0	1	0	go: the parameter's -m verdict is not noescape	go: the parameter's -m verdict is not noescape	go: the parameter's -m verdict is not noescape			
go/importer/importer.go:111:38	go/importer.(gcimports).ImportFrom	1	leak-heap	false	false	false	false	0	0	0	0	1	0	go: the parameter's -m verdict is not noescape; sig: exported method (reflection reach); sig: method matching an interface method (binder: exact parameter types)	go: the parameter's -m verdict is not noescape; sig: exported method (reflection reach); sig: method matching an interface method (binder: exact parameter types)	go: the parameter's -m verdict is not noescape			
go/importer/importer.go:130:41	go/importer.(gccgoimports).ImportFrom	1	leak-heap	false	false	false	false	0	0	0	0	1	0	go: the parameter's -m verdict is not noescape; sig: exported method (reflection reach); sig: method matching an interface method (binder: exact parameter types); use: passed to a fixed signature (func value, interface method)	go: the parameter's -m verdict is not noescape; sig: exported method (reflection reach); sig: method matching an interface method (binder: exact parameter types); use: passed to a fixed signature (func value, interface method)	go: the parameter's -m verdict is not noescape; use: passed to a fixed signature (func value, interface method)			
go/internal/gccgoimporter/gccgoinstallation.go:30:47	go/internal/gccgoimporter.(GccgoInstallation).InitFromDriver	0	leak-heap	false	false	false	false	0	0	0	0	1	0	go: the parameter's -m verdict is not noescape; sig: exported method (reflection reach)	go: the parameter's -m verdict is not noescape; sig: exported method (reflection reach)	go: the parameter's -m verdict is not noescape			
go/internal/gccgoimporter/parser.go:110:32	go/internal/gccgoimporter.(parser).expectKeyword	0	leak-heap	false	false	false	false	0	0	0	0	12	0	go: the parameter's -m verdict is not noescape; use: converted to an interface (box)	go: the parameter's -m verdict is not noescape; use: converted to an interface (box)	go: the parameter's -m verdict is not noescape; use: converted to an interface (box)			
go/internal/gccgoimporter/parser.go:90:25	go/internal/gccgoimporter.(parser).errorf	0	noescape	false	false	true	true	0	0	25	0	0	0	cascade: passed to a parameter that does not survive					
go/internal/gcimporter/support.go:22:13	go/internal/gcimporter.errorf	0	noescape	false	false	true	true	0	0	2	0	0	0	cascade: passed to a parameter that does not survive					
go/internal/srcimporter/srcimporter.go:63:37	go/internal/srcimporter.(Importer).ImportFrom	1	leak-heap	false	false	false	false	0	0	0	0	1	0	go: the parameter's -m verdict is not noescape; sig: exported method (reflection reach); sig: method matching an interface method (binder: exact parameter types)	go: the parameter's -m verdict is not noescape; sig: exported method (reflection reach); sig: method matching an interface method (binder: exact parameter types)	go: the parameter's -m verdict is not noescape			
go/parser/interface.go:198:41	go/parser.ParseExprFrom	1	leak-heap	false	false	false	false	0	0	0	0	3	0	go: the parameter's -m verdict is not noescape	go: the parameter's -m verdict is not noescape	go: the parameter's -m verdict is not noescape			
go/parser/interface.go:84:37	go/parser.ParseFile	1	leak-heap	false	false	false	false	0	0	0	0	1	0	go: the parameter's -m verdict is not noescape	go: the parameter's -m verdict is not noescape	go: the parameter's -m verdict is not noescape			
go/parser/parser.go:1984:32	go/parser.(parser).parseCallExpr	0	leak-heap	false	false	false	false	0	0	0	0	2	0	go: the parameter's -m verdict is not noescape; use: converted to an interface (box)	go: the parameter's -m verdict is not noescape; use: converted to an interface (box)	go: the parameter's -m verdict is not noescape; use: converted to an interface (box)			
go/parser/parser.go:2061:39	go/parser.(parser).makeExpr	1	leak-heap	false	false	false	false	0	0	0	0	3	0	go: the parameter's -m verdict is not noescape; use: converted to an interface (box)	go: the parameter's -m verdict is not noescape; use: converted to an interface (box)	go: the parameter's -m verdict is not noescape; use: converted to an interface (box)			
go/parser/parser.go:260:39	go/parser.(parser).error	1	leak-heap	false	false	false	false	0	0	0	0	23	0	go: the parameter's -m verdict is not noescape; sig: the function is used as a value in production (delegate signature); use: argument of defer/go (captured by the lowering)	go: the parameter's -m verdict is not noescape; use: argument of defer/go (captured by the lowering)	go: the parameter's -m verdict is not noescape; use: argument of defer/go (captured by the lowering)			1, first go/parser/parser.go:2914:15
go/parser/parser.go:283:47	go/parser.(parser).errorExpected	1	leak-heap	false	false	false	false	0	0	0	0	20	0	go: the parameter's -m verdict is not noescape	go: the parameter's -m verdict is not noescape	go: the parameter's -m verdict is not noescape			
go/parser/parser.go:324:49	go/parser.(parser).expectClosing	1	noescape	true	true	true	true	4	4	0	0	0	0						
go/parser/parser.go:360:26	go/parser.(parser).atComma	0	noescape	true	true	true	true	6	6	0	0	0	0						
go/parser/parser.go:375:24	go/parser.assert	1	noescape	true	true	true	true	8	8	0	0	0	0						
go/parser/parser.go:97:23	go/parser.trace	1	leak-heap	false	false	false	false	0	0	0	0	58	0	go: the parameter's -m verdict is not noescape; use: converted to an interface (box)	go: the parameter's -m verdict is not noescape; use: converted to an interface (box)	go: the parameter's -m verdict is not noescape; use: converted to an interface (box)			
go/parser/resolver.go:75:26	go/parser.(resolver).trace	0	noescape	false	false	true	true	7	7	0	0	0	0	cascade: passed to a parameter that does not survive					
go/parser/resolver.go:79:28	go/parser.(resolver).sprintf	0	noescape	false	false	true	true	0	0	2	0	0	0	cascade: passed to a parameter that does not survive					
go/printer/nodes.go:489:34	go/printer.(printer).setLineComment	0	leak-heap	false	false	false	false	0	0	0	0	1	0	go: the parameter's -m verdict is not noescape; use: stored in a composite literal	go: the parameter's -m verdict is not noescape; use: stored in a composite literal	go: the parameter's -m verdict is not noescape; use: stored in a composite literal			
go/scanner/scanner.go:147:35	go/scanner.(Scanner).error	1	leak-heap	false	false	false	false	0	0	0	0	12	0	go: the parameter's -m verdict is not noescape; use: passed to a fixed signature (func value, interface method)	go: the parameter's -m verdict is not noescape; use: passed to a fixed signature (func value, interface method)	go: the parameter's -m verdict is not noescape; use: passed to a fixed signature (func value, interface method)			
go/scanner/scanner.go:154:36	go/scanner.(Scanner).errorf	1	noescape	false	false	true	true	0	0	5	0	0	0	cascade: passed to a parameter that does not survive					
go/types/assignments.go:156:53	go/types.(Checker).initVar	2	leak-heap	false	false	false	false	0	0	0	0	3	0	go: the parameter's -m verdict is not noescape; use: converted to an interface (box)	go: the parameter's -m verdict is not noescape; use: converted to an interface (box)	go: the parameter's -m verdict is not noescape; use: converted to an interface (box)			
go/types/assignments.go:24:54	go/types.(Checker).assignment	2	leak-heap	false	false	false	false	0	0	0	0	18	0	go: the parameter's -m verdict is not noescape; use: converted to an interface (box)	go: the parameter's -m verdict is not noescape; use: converted to an interface (box)	go: the parameter's -m verdict is not noescape; use: converted to an interface (box)			
go/types/assignments.go:252:64	go/types.(Checker).assignVar	3	leak-heap	false	false	false	false	0	0	0	0	6	0	go: the parameter's -m verdict is not noescape	go: the parameter's -m verdict is not noescape	go: the parameter's -m verdict is not noescape			
go/types/assignments.go:347:21	go/types.measure	1	leak-heap	false	false	false	false	0	0	0	0	3	0	go: the parameter's -m verdict is not noescape; use: converted to an interface (box)	go: the parameter's -m verdict is not noescape; use: converted to an interface (box)	go: the parameter's -m verdict is not noescape; use: converted to an interface (box)			
go/types/check.go:136:44	go/types.(action).describef	1	noescape	false	false	false	false	0	0	13	0	0	0	use: stored in a composite literal	use: stored in a composite literal	use: stored in a composite literal			
go/types/errors.go:234:55	go/types.(Checker).error	2	leak-heap	false	false	false	false	0	0	0	0	63	0	go: the parameter's -m verdict is not noescape; use: converted to an interface (box)	go: the parameter's -m verdict is not noescape; use: converted to an interface (box)	go: the parameter's -m verdict is not noescape; use: converted to an interface (box)			
go/types/errors.go:240:56	go/types.(Checker).errorf	2	noescape	false	false	true	true	0	0	130	0	0	0	cascade: passed to a parameter that does not survive					
go/types/errors.go:246:60	go/types.(Checker).softErrorf	2	noescape	false	false	true	true	0	0	26	0	0	0	cascade: passed to a parameter that does not survive					
go/types/errors.go:253:65	go/types.(Checker).versionErrorf	2	noescape	false	false	true	true	0	0	8	0	0	0	cascade: passed to a parameter that does not survive					
go/types/errors.go:60:40	go/types.(error_).addf	1	noescape	false	false	true	true	0	0	44	0	0	0	cascade: passed to a parameter that does not survive					
go/types/exprstring.go:195:59	go/types.writeFieldList	2	noescape	false	false	false	true	4	0	0	0	0	0	cascade: passed to a parameter that does not survive	cascade: passed to a parameter that does not survive		bytes.(Buffer).WriteString		
go/types/format.go:18:68	go/types.sprintf	3	noescape	false	false	true	true	0	0	2	0	0	0	cascade: passed to a parameter that does not survive					
go/types/format.go:80:31	go/types.(Checker).sprintf	0	noescape	false	false	true	true	0	0	46	0	0	0	cascade: passed to a parameter that does not survive					
go/types/format.go:90:44	go/types.(Checker).trace	1	noescape	false	false	true	true	24	18	0	0	0	0	cascade: passed to a parameter that does not survive					
go/types/format.go:99:28	go/types.(Checker).dump	0	noescape	false	false	true	true	11	8	0	0	0	0	cascade: passed to a parameter that does not survive					
go/types/index.go:378:59	go/types.(Checker).isValidIndex	2	leak-heap	false	false	false	false	0	0	0	0	4	0	go: the parameter's -m verdict is not noescape; use: converted to an interface (box)	go: the parameter's -m verdict is not noescape; use: converted to an interface (box)	go: the parameter's -m verdict is not noescape; use: converted to an interface (box)			
go/types/object.go:293:47	go/types.NewTypeName	2	leak-heap	false	false	false	false	0	0	0	0	4	0	go: the parameter's -m verdict is not noescape; use: stored in a composite literal	go: the parameter's -m verdict is not noescape; use: stored in a composite literal	go: the parameter's -m verdict is not noescape; use: stored in a composite literal			
go/types/object.go:344:42	go/types.NewVar	2	leak-heap	false	false	false	false	0	0	0	0	12	0	go: the parameter's -m verdict is not noescape; use: stored in a composite literal	go: the parameter's -m verdict is not noescape; use: stored in a composite literal	go: the parameter's -m verdict is not noescape; use: stored in a composite literal			
go/types/object.go:349:44	go/types.NewParam	2	leak-heap	false	false	false	false	0	0	0	0	3	0	go: the parameter's -m verdict is not noescape; use: stored in a composite literal	go: the parameter's -m verdict is not noescape; use: stored in a composite literal	go: the parameter's -m verdict is not noescape; use: stored in a composite literal			
go/types/object.go:397:43	go/types.NewFunc	2	leak-heap	false	false	false	false	0	0	0	0	1	0	go: the parameter's -m verdict is not noescape; use: stored in a composite literal	go: the parameter's -m verdict is not noescape; use: stored in a composite literal	go: the parameter's -m verdict is not noescape; use: stored in a composite literal			
go/types/package.go:28:17	go/types.NewPackage	0	leak-heap	false	false	false	false	0	0	0	0	2	0	go: the parameter's -m verdict is not noescape; use: converted to an interface (box); use: stored in a composite literal	go: the parameter's -m verdict is not noescape; use: converted to an interface (box); use: stored in a composite literal	go: the parameter's -m verdict is not noescape; use: converted to an interface (box); use: stored in a composite literal			
go/types/package.go:28:23	go/types.NewPackage	1	leak-heap	false	false	false	false	0	0	0	0	3	0	go: the parameter's -m verdict is not noescape; use: stored in a composite literal	go: the parameter's -m verdict is not noescape; use: stored in a composite literal	go: the parameter's -m verdict is not noescape; use: stored in a composite literal			
go/types/return.go:17:49	go/types.(Checker).isTerminating	1	noescape	true	true	true	true	3	0	0	0	0	0						
go/types/return.go:79:58	go/types.(Checker).isTerminatingList	1	noescape	true	true	true	true	3	0	0	0	0	0						
go/types/scope.go:37:50	go/types.NewScope	3	leak-heap	false	false	false	false	0	0	0	0	2	0	go: the parameter's -m verdict is not noescape; use: stored in a composite literal	go: the parameter's -m verdict is not noescape; use: stored in a composite literal	go: the parameter's -m verdict is not noescape; use: stored in a composite literal			
go/types/scope.go:73:24	go/types.(Scope).Lookup	0	noescape	false	false	false	false	11	5	0	0	0	0	sig: exported method (reflection reach); use: map key (no sstring map indexer)	sig: exported method (reflection reach); use: map key (no sstring map indexer)	use: map key (no sstring map indexer)			
go/types/sizes.go:260:15	go/types.SizesFor	0	noescape	true	true	true	true	1	0	0	0	0	0						
go/types/sizes.go:260:25	go/types.SizesFor	1	noescape	false	false	false	false	1	0	0	0	0	0	use: map key (no sstring map indexer)	use: map key (no sstring map indexer)	use: map key (no sstring map indexer)			
go/types/stmt.go:153:48	go/types.(Checker).openScope	1	leak-heap	false	false	false	false	0	0	0	0	12	0	go: the parameter's -m verdict is not noescape	go: the parameter's -m verdict is not noescape	go: the parameter's -m verdict is not noescape			
go/types/stmt.go:171:37	go/types.(Checker).suspendedCall	0	leak-heap	false	false	false	false	0	0	0	0	2	0	go: the parameter's -m verdict is not noescape; use: converted to an interface (box)	go: the parameter's -m verdict is not noescape; use: converted to an interface (box)	go: the parameter's -m verdict is not noescape; use: converted to an interface (box)			
go/types/stmt.go:19:48	go/types.(Checker).funcBody	1	leak-heap	false	false	false	false	0	0	0	0	1	0	go: the parameter's -m verdict is not noescape; use: converted to an interface (box)	go: the parameter's -m verdict is not noescape; use: converted to an interface (box)	go: the parameter's -m verdict is not noescape; use: converted to an interface (box)			
go/types/typestring.go:104:29	go/types.(typeWriter).string	0	noescape	false	false	false	true	15	9	0	0	0	0	cascade: passed to a parameter that does not survive	cascade: passed to a parameter that does not survive		bytes.(Buffer).WriteString		
go/types/typestring.go:108:28	go/types.(typeWriter).error	0	leak-heap	false	false	false	false	0	0	0	0	6	0	go: the parameter's -m verdict is not noescape; use: converted to an interface (box)	go: the parameter's -m verdict is not noescape; use: converted to an interface (box)	go: the parameter's -m verdict is not noescape; use: converted to an interface (box)			
go/types/unify.go:147:26	go/types.(unifier).tracef	0	noescape	false	false	true	true	0	0	21	0	0	0	cascade: passed to a parameter that does not survive					
go/types/version.go:20:18	go/types.asGoVersion	0	leak-result	false	false	false	false	0	0	0	0	9	0	go: the parameter's -m verdict is not noescape	go: the parameter's -m verdict is not noescape	go: the parameter's -m verdict is not noescape			
go/types/version.go:60:66	go/types.(Checker).verifyVersionf	2	noescape	false	false	true	true	0	0	22	0	0	0	cascade: passed to a parameter that does not survive					
html/escape.go:187:21	html.UnescapeString	0	leak-result	false	false	false	false	0	0	0	0	0	1	gap: copy(dst, s) (sstring has no copy); go: the parameter's -m verdict is not noescape; use: returned	go: the parameter's -m verdict is not noescape; use: returned	go: the parameter's -m verdict is not noescape; use: returned			
html/template/css.go:17:35	html/template.endsWithCSSKeyword	1	noescape	true	true	true	true	1	1	0	0	0	0						
html/template/error.go:246:53	html/template.errorf	3	noescape	false	false	true	true	0	0	14	0	0	0	cascade: passed to a parameter that does not survive					
html/template/escape.go:457:42	html/template.join	3	leak-heap	false	false	false	false	0	0	0	0	2	0	go: the parameter's -m verdict is not noescape; use: converted to an interface (box)	go: the parameter's -m verdict is not noescape; use: converted to an interface (box)	go: the parameter's -m verdict is not noescape; use: converted to an interface (box)			
html/template/escape.go:508:64	html/template.(escaper).escapeBranch	2	leak-heap	false	false	false	false	0	0	0	0	3	0	go: the parameter's -m verdict is not noescape	go: the parameter's -m verdict is not noescape	go: the parameter's -m verdict is not noescape			
html/template/js.go:453:15	html/template.isJSType	0	noescape	false	false	false	false	0	0	0	0	0	1	cascade: passed to a parameter that does not survive	cascade: passed to a parameter that does not survive	cascade: passed to a parameter that does not survive	strings.TrimSpace	strings.TrimSpace	
html/template/template.go:284:10	html/template.New	0	leak-heap	false	false	false	false	0	0	0	0	2	0	go: the parameter's -m verdict is not noescape; use: map key (no sstring map indexer)	go: the parameter's -m verdict is not noescape; use: map key (no sstring map indexer)	go: the parameter's -m verdict is not noescape; use: map key (no sstring map indexer)			
image/format.go:37:21	image.RegisterFormat	0	leak-heap	false	false	false	false	0	0	0	0	3	0	go: the parameter's -m verdict is not noescape; use: stored in a composite literal	go: the parameter's -m verdict is not noescape; use: stored in a composite literal	go: the parameter's -m verdict is not noescape; use: stored in a composite literal			
image/format.go:37:27	image.RegisterFormat	1	leak-heap	false	false	false	false	0	0	0	0	2	0	go: the parameter's -m verdict is not noescape; use: stored in a composite literal	go: the parameter's -m verdict is not noescape; use: stored in a composite literal	go: the parameter's -m verdict is not noescape; use: stored in a composite literal			
image/image.go:93:56	image.pixelBufferLength	2	noescape	true	true	true	true	10	10	0	0	0	0						
image/png/writer.go:96:40	image/png.(encoder).writeChunk	1	noescape	true	true	true	true	5	5	0	0	0	0						
internal/abi/type.go:264:46	internal/abi.addChecked	2	noescape	true	true	true	true	5	3	0	0	0	0						
internal/abi/type.go:602:36	internal/abi.(Name).DataChecked	1	noescape	false	false	false	true	7	7	0	0	0	0	sig: exported method (reflection reach)	sig: exported method (reflection reach)				
internal/buildcfg/cfg.go:52:12	internal/buildcfg.envOr	0	leak-heap	false	false	false	false	0	0	0	0	14	0	go: the parameter's -m verdict is not noescape	go: the parameter's -m verdict is not noescape	go: the parameter's -m verdict is not noescape			
internal/buildcfg/cfg.go:52:17	internal/buildcfg.envOr	1	leak-result	false	false	false	false	0	0	0	0	1	0	go: the parameter's -m verdict is not noescape; use: returned	go: the parameter's -m verdict is not noescape; use: returned	go: the parameter's -m verdict is not noescape; use: returned			
internal/coverage/encodemeta/encodefile.go:31:32	internal/coverage/encodemeta.NewCoverageMetaFileWriter	0	leak-heap	false	false	false	false	0	0	0	0	1	0	go: the parameter's -m verdict is not noescape; use: stored in a composite literal	go: the parameter's -m verdict is not noescape; use: stored in a composite literal	go: the parameter's -m verdict is not noescape; use: stored in a composite literal			
internal/coverage/pods/pods.go:195:14	internal/coverage/pods.warning	0	noescape	false	false	true	true	2	2	0	0	0	0	cascade: passed to a parameter that does not survive					
internal/coverage/stringtab/stringtab.go:39:27	internal/coverage/stringtab.(Writer).Lookup	0	leak-heap	false	false	false	false	0	0	0	0	4	0	go: the parameter's -m verdict is not noescape; sig: exported method (reflection reach); use: map key (no sstring map indexer); use: stored in a slice, array or map element, or appended as an element	go: the parameter's -m verdict is not noescape; sig: exported method (reflection reach); use: map key (no sstring map indexer); use: stored in a slice, array or map element, or appended as an element	go: the parameter's -m verdict is not noescape; use: map key (no sstring map indexer); use: stored in a slice, array or map element, or appended as an element			
internal/dag/parse.go:245:35	internal/dag.(rulesParser).syntaxError	0	leak-heap	false	false	false	false	0	0	0	0	4	0	go: the parameter's -m verdict is not noescape; use: converted to an interface (box)	go: the parameter's -m verdict is not noescape; use: converted to an interface (box)	go: the parameter's -m verdict is not noescape; use: converted to an interface (box)			
internal/exportdata/support.go:17:41	internal/exportdata.readArchiveHeader	1	noescape	true	true	true	true	1	1	0	0	0	0						
internal/filepathlite/path_windows.go:162:19	internal/filepathlite.equalFold	1	noescape	true	true	true	true	2	2	0	0	0	0						
internal/filepathlite/path_windows.go:255:27	internal/filepathlite.pathHasPrefixFold	1	noescape	true	true	true	true	4	1	0	0	0	0						
internal/fuzz/encoding.go:342:21	internal/fuzz.parseUint	1	noescape	true	true	true	true	2	2	0	0	0	0						
internal/fuzz/fuzz.go:1099:33	internal/fuzz.(coordinator).debugLogf	0	noescape	true	true	true	true	0	0	12	0	0	0						
internal/godebug/godebug.go:93:10	internal/godebug.New	0	leak-heap	false	false	false	false	0	0	0	0	43	0	go: the parameter's -m verdict is not noescape; sig: hand-owned go2cs file (a converter change does not reach it); use: stored in a composite literal	go: the parameter's -m verdict is not noescape; sig: hand-owned go2cs file (a converter change does not reach it); use: stored in a composite literal	go: the parameter's -m verdict is not noescape; sig: hand-owned go2cs file (a converter change does not reach it); use: stored in a composite literal			
internal/gover/gover.go:186:16	internal/gover.CmpInt	1	noescape	true	true	true	true	1	0	0	0	0	0						
internal/lazyregexp/lazyre.go:71:10	internal/lazyregexp.New	0	leak-heap	false	false	false	false	0	0	0	0	1	0	go: the parameter's -m verdict is not noescape; use: stored in a composite literal	go: the parameter's -m verdict is not noescape; use: stored in a composite literal	go: the parameter's -m verdict is not noescape; use: stored in a composite literal			
internal/pkgbits/encoder.go:322:26	internal/pkgbits.(Encoder).String	0	leak-heap	false	false	false	false	0	0	0	0	0	2	go: the parameter's -m verdict is not noescape; sig: exported method (reflection reach); sig: method matching an interface method (binder: exact parameter types)	go: the parameter's -m verdict is not noescape; sig: exported method (reflection reach); sig: method matching an interface method (binder: exact parameter types)	go: the parameter's -m verdict is not noescape			
internal/pkgbits/support.go:15:13	internal/pkgbits.panicf	0	noescape	false	false	true	true	0	0	4	0	0	0	cascade: passed to a parameter that does not survive					
internal/profile/encode.go:463:40	internal/profile.addString	1	leak-heap	false	false	false	false	0	0	0	0	1	0	go: the parameter's -m verdict is not noescape; use: map key (no sstring map indexer)	go: the parameter's -m verdict is not noescape; use: map key (no sstring map indexer)	go: the parameter's -m verdict is not noescape; use: map key (no sstring map indexer)			
internal/reflectlite/type.go:150:29	internal/reflectlite.(name).data	1	noescape	true	true	true	true	3	3	0	0	0	0						
internal/reflectlite/type.go:380:39	internal/reflectlite.add	2	noescape	true	true	true	true	1	1	0	0	0	0						
internal/reflectlite/value.go:412:25	internal/reflectlite.(Value).assignTo	0	noescape	true	true	true	true	1	0	0	0	0	0						
internal/reflectlite/value.go:455:56	internal/reflectlite.arrayAt	3	noescape	true	true	true	true	2	0	0	0	0	0						
internal/runtime/maps/runtime.go:15:12	internal/runtime/maps.fatal	0	leak-heap	false	false	false	false	0	0	0	0	41	0	go: the parameter's -m verdict is not noescape; sig: no Go body (assembly or linkname)	go: the parameter's -m verdict is not noescape; sig: no Go body (assembly or linkname)	go: the parameter's -m verdict is not noescape; sig: no Go body (assembly or linkname)			
internal/stringslite/strings.go:108:13	internal/stringslite.Cut	1	noescape	false	false	false	false	2	0	0	0	0	0	cascade: passed to a parameter that does not survive	cascade: passed to a parameter that does not survive	cascade: passed to a parameter that does not survive	internal/stringslite.Index	internal/stringslite.Index	
internal/stringslite/strings.go:115:19	internal/stringslite.CutPrefix	1	noescape	true	true	true	true	1	1	0	0	0	0						
internal/stringslite/strings.go:122:19	internal/stringslite.CutSuffix	1	noescape	true	true	true	true	1	0	0	0	0	0						
internal/stringslite/strings.go:129:20	internal/stringslite.TrimPrefix	1	noescape	true	true	true	true	1	0	0	0	0	0						
internal/stringslite/strings.go:136:20	internal/stringslite.TrimSuffix	1	noescape	true	true	true	true	3	0	0	0	0	0						
internal/stringslite/strings.go:16:19	internal/stringslite.HasPrefix	1	noescape	true	true	true	true	11	9	0	0	0	0						
internal/sync/runtime.go:49:12	internal/sync.throw	0	no-verdict	false	false	false	false	0	0	0	0	2	0	go: -m printed no verdict for the parameter; sig: no Go body (assembly or linkname)	go: -m printed no verdict for the parameter; sig: no Go body (assembly or linkname)	go: -m printed no verdict for the parameter; sig: no Go body (assembly or linkname)			
internal/sync/runtime.go:52:12	internal/sync.fatal	0	no-verdict	false	false	false	false	0	0	0	0	1	0	go: -m printed no verdict for the parameter; sig: no Go body (assembly or linkname)	go: -m printed no verdict for the parameter; sig: no Go body (assembly or linkname)	go: -m printed no verdict for the parameter; sig: no Go body (assembly or linkname)			
internal/syscall/windows/registry/key.go:78:21	internal/syscall/windows/registry.OpenKey	1	noescape	false	false	false	false	1	1	0	0	0	0	cascade: passed to a parameter that does not survive	cascade: passed to a parameter that does not survive	cascade: passed to a parameter that does not survive	syscall.UTF16PtrFromString	syscall.UTF16PtrFromString	
internal/syscall/windows/registry/value.go:118:32	internal/syscall/windows/registry.(Key).GetMUIStringValue	0	noescape	false	false	false	false	2	2	0	0	0	0	sig: exported method (reflection reach); sig: hand-owned go2cs file (a converter change does not reach it)	sig: exported method (reflection reach); sig: hand-owned go2cs file (a converter change does not reach it)	sig: hand-owned go2cs file (a converter change does not reach it)			
internal/syscall/windows/registry/value.go:169:19	internal/syscall/windows/registry.ExpandString	0	noescape	false	false	false	false	1	0	0	0	0	0	sig: hand-owned go2cs file (a converter change does not reach it)	sig: hand-owned go2cs file (a converter change does not reach it)	sig: hand-owned go2cs file (a converter change does not reach it)			
internal/syscall/windows/registry/value.go:97:29	internal/syscall/windows/registry.(Key).GetStringValue	0	noescape	false	false	false	false	4	4	0	0	0	0	sig: exported method (reflection reach); sig: hand-owned go2cs file (a converter change does not reach it)	sig: exported method (reflection reach); sig: hand-owned go2cs file (a converter change does not reach it)	sig: hand-owned go2cs file (a converter change does not reach it)			
internal/syscall/windows/sysdll/sysdll.go:27:10	internal/syscall/windows/sysdll.Add	0	leak-heap	false	false	false	false	0	0	0	0	22	0	go: the parameter's -m verdict is not noescape; use: map key (no sstring map indexer); use: returned	go: the parameter's -m verdict is not noescape; use: map key (no sstring map indexer); use: returned	go: the parameter's -m verdict is not noescape; use: map key (no sstring map indexer); use: returned			
internal/trace/base.go:68:34	internal/trace.(evTable).addExtraString	0	leak-heap	false	false	false	false	0	0	0	0	2	0	go: the parameter's -m verdict is not noescape; use: map key (no sstring map indexer); use: stored in a slice, array or map element, or appended as an element	go: the parameter's -m verdict is not noescape; use: map key (no sstring map indexer); use: stored in a slice, array or map element, or appended as an element	go: the parameter's -m verdict is not noescape; use: map key (no sstring map indexer); use: stored in a slice, array or map element, or appended as an element			
internal/trace/testtrace/validation.go:370:33	internal/trace/testtrace.(errAccumulator).Errorf	0	noescape	false	false	false	true	0	0	32	0	0	0	sig: exported method (reflection reach); sig: method matching an interface method (binder: exact parameter types)	sig: exported method (reflection reach); sig: method matching an interface method (binder: exact parameter types)				
internal/trace/traceviewer/emitter.go:364:57	internal/trace/traceviewer.(Emitter).slice	2	leak-heap	false	false	false	false	0	0	0	0	1	0	go: the parameter's -m verdict is not noescape; use: stored in a composite literal	go: the parameter's -m verdict is not noescape; use: stored in a composite literal	go: the parameter's -m verdict is not noescape; use: stored in a composite literal			
internal/trace/traceviewer/emitter.go:652:53	internal/trace/traceviewer.(Emitter).threadMeta	2	leak-heap	false	false	false	false	0	0	0	0	4	0	go: the parameter's -m verdict is not noescape; use: stored in a composite literal	go: the parameter's -m verdict is not noescape; use: stored in a composite literal	go: the parameter's -m verdict is not noescape; use: stored in a composite literal			
internal/trace/traceviewer/emitter.go:669:49	internal/trace/traceviewer.(Emitter).processMeta	1	leak-heap	false	false	false	false	0	0	0	0	2	0	go: the parameter's -m verdict is not noescape; use: stored in a composite literal	go: the parameter's -m verdict is not noescape; use: stored in a composite literal	go: the parameter's -m verdict is not noescape; use: stored in a composite literal			
internal/xcoff/file.go:472:22	internal/xcoff.(File).CSect	0	noescape	false	false	false	true	2	2	0	0	0	0	sig: exported method (reflection reach)	sig: exported method (reflection reach)				
internal/zstd/bits.go:128:40	internal/zstd.(reverseBitReader).makeError	0	leak-heap	false	false	false	false	0	0	0	0	10	0	go: the parameter's -m verdict is not noescape	go: the parameter's -m verdict is not noescape	go: the parameter's -m verdict is not noescape			
internal/zstd/bits.go:66:32	internal/zstd.(bitReader).makeError	0	leak-heap	false	false	false	false	0	0	0	0	4	0	go: the parameter's -m verdict is not noescape	go: the parameter's -m verdict is not noescape	go: the parameter's -m verdict is not noescape			
internal/zstd/zstd.go:496:37	internal/zstd.(Reader).makeError	1	leak-heap	false	false	false	false	0	0	0	0	34	0	go: the parameter's -m verdict is not noescape	go: the parameter's -m verdict is not noescape	go: the parameter's -m verdict is not noescape			
io/fs/sub.go:53:26	io/fs.(subFS).fullName	0	leak-heap	false	false	false	false	0	0	0	0	4	0	go: the parameter's -m verdict is not noescape; use: stored in a composite literal	go: the parameter's -m verdict is not noescape; use: stored in a composite literal	go: the parameter's -m verdict is not noescape; use: stored in a composite literal			
io/fs/walk.go:117:23	io/fs.WalkDir	1	leak-heap	false	false	false	false	0	0	0	0	3	0	go: the parameter's -m verdict is not noescape; use: passed to a fixed signature (func value, interface method)	go: the parameter's -m verdict is not noescape; use: passed to a fixed signature (func value, interface method)	go: the parameter's -m verdict is not noescape; use: passed to a fixed signature (func value, interface method)			
io/io.go:314:28	io.WriteString	1	leak-heap	false	false	false	false	0	0	0	0	23	0	go: the parameter's -m verdict is not noescape; sig: the callee of a defer/go statement (lowered into golib's generic defer: CS0306); sig: the function is used as a value in test files only (e.g. export_test.go); use: passed to a fixed signature (func value, interface method)	go: the parameter's -m verdict is not noescape; sig: the callee of a defer/go statement (lowered into golib's generic defer: CS0306); use: passed to a fixed signature (func value, interface method)	go: the parameter's -m verdict is not noescape; use: passed to a fixed signature (func value, interface method)			1, first reflect/set_test.go:144:19
log/log.go:396:13	log.Printf	0	noescape	false	false	false	false	0	0	30	0	0	0	sig: the function is used as a value in production (delegate signature); use: captured by a closure	use: captured by a closure	use: captured by a closure			2, first net/http/h2_bundle.go:2008:26
log/log.go:417:13	log.Fatalf	0	noescape	false	false	true	true	0	0	1	0	0	0	cascade: passed to a parameter that does not survive					
log/log.go:436:13	log.Panicf	0	noescape	false	false	true	true	0	0	1	0	0	0	cascade: passed to a parameter that does not survive					
log/log.go:71:25	log.New	1	leak-heap	false	false	false	false	0	0	0	0	2	0	go: the parameter's -m verdict is not noescape	go: the parameter's -m verdict is not noescape	go: the parameter's -m verdict is not noescape			
log/slog/attr.go:18:13	log/slog.String	0	leak-result	false	false	false	false	0	0	0	0	8	0	go: the parameter's -m verdict is not noescape; use: stored in a composite literal	go: the parameter's -m verdict is not noescape; use: stored in a composite literal	go: the parameter's -m verdict is not noescape; use: stored in a composite literal			
log/slog/attr.go:18:18	log/slog.String	1	leak-result	false	false	false	false	0	0	0	0	5	0	go: the parameter's -m verdict is not noescape	go: the parameter's -m verdict is not noescape	go: the parameter's -m verdict is not noescape			
log/slog/attr.go:29:10	log/slog.Int	0	leak-result	false	false	false	false	0	0	0	0	2	0	go: the parameter's -m verdict is not noescape	go: the parameter's -m verdict is not noescape	go: the parameter's -m verdict is not noescape			
log/slog/attr.go:50:11	log/slog.Time	0	leak-result	false	false	false	false	0	0	0	0	1	0	go: the parameter's -m verdict is not noescape; use: stored in a composite literal	go: the parameter's -m verdict is not noescape; use: stored in a composite literal	go: the parameter's -m verdict is not noescape; use: stored in a composite literal			
log/slog/attr.go:55:15	log/slog.Duration	0	leak-result	false	false	false	false	0	0	0	0	1	0	go: the parameter's -m verdict is not noescape; use: stored in a composite literal	go: the parameter's -m verdict is not noescape; use: stored in a composite literal	go: the parameter's -m verdict is not noescape; use: stored in a composite literal			
log/slog/attr.go:66:12	log/slog.Group	0	leak-result	false	false	false	false	0	0	0	0	5	0	go: the parameter's -m verdict is not noescape; use: stored in a composite literal	go: the parameter's -m verdict is not noescape; use: stored in a composite literal	go: the parameter's -m verdict is not noescape; use: stored in a composite literal			
log/slog/attr.go:84:10	log/slog.Any	0	leak-result	false	false	false	false	0	0	0	0	3	0	go: the parameter's -m verdict is not noescape; use: stored in a composite literal	go: the parameter's -m verdict is not noescape; use: stored in a composite literal	go: the parameter's -m verdict is not noescape; use: stored in a composite literal			
log/slog/handler.go:387:74	log/slog.(commonHandler).newHandleState	2	leak-result	false	false	false	false	0	0	0	0	3	0	go: the parameter's -m verdict is not noescape; use: stored in a composite literal	go: the parameter's -m verdict is not noescape; use: stored in a composite literal	go: the parameter's -m verdict is not noescape; use: stored in a composite literal			
log/slog/handler.go:541:36	log/slog.(handleState).appendString	0	noescape	false	false	false	false	1	1	0	0	0	1	cascade: passed to a parameter that does not survive	cascade: passed to a parameter that does not survive	cascade: passed to a parameter that does not survive	log/slog/internal/buffer.(Buffer).WriteString	log/slog.appendEscapedJSONString	
log/slog/internal/buffer/buffer.go:46:30	log/slog/internal/buffer.(Buffer).WriteString	0	noescape	false	false	false	true	3	3	0	0	0	0	gap: append(b, s...) (sstring has no spread); sig: exported method (reflection reach); sig: method matching an interface method (binder: exact parameter types)	sig: exported method (reflection reach); sig: method matching an interface method (binder: exact parameter types)				
log/slog/level.go:122:23	log/slog.(Level).parse	0	leak-heap	false	false	false	false	0	0	0	0	0	1	go: the parameter's -m verdict is not noescape; use: argument of defer/go (captured by the lowering); use: captured by a closure; use: converted to an interface (box)	go: the parameter's -m verdict is not noescape; use: argument of defer/go (captured by the lowering); use: captured by a closure; use: converted to an interface (box)	go: the parameter's -m verdict is not noescape; use: argument of defer/go (captured by the lowering); use: captured by a closure; use: converted to an interface (box)			
log/slog/logger.go:141:28	log/slog.(Logger).WithGroup	0	leak-heap	false	false	false	false	0	0	0	0	5	0	go: the parameter's -m verdict is not noescape; sig: exported method (reflection reach); use: passed to a fixed signature (func value, interface method)	go: the parameter's -m verdict is not noescape; sig: exported method (reflection reach); use: passed to a fixed signature (func value, interface method)	go: the parameter's -m verdict is not noescape; use: passed to a fixed signature (func value, interface method)			
log/slog/logger.go:208:23	log/slog.(Logger).Info	0	leak-heap	false	false	false	false	0	0	0	0	16	0	go: the parameter's -m verdict is not noescape; sig: exported method (reflection reach)	go: the parameter's -m verdict is not noescape; sig: exported method (reflection reach)	go: the parameter's -m verdict is not noescape			
log/slog/record.go:58:42	log/slog.NewRecord	2	leak-result	false	false	false	false	0	0	0	0	0	1	go: the parameter's -m verdict is not noescape; use: stored in a composite literal	go: the parameter's -m verdict is not noescape; use: stored in a composite literal	go: the parameter's -m verdict is not noescape; use: stored in a composite literal			
math/big/floatconv.go:259:23	math/big.(Float).Parse	0	leak-heap	false	false	false	false	0	0	0	0	0	1	go: the parameter's -m verdict is not noescape; sig: exported method (reflection reach)	go: the parameter's -m verdict is not noescape; sig: exported method (reflection reach)	go: the parameter's -m verdict is not noescape			
math/big/intconv.go:44:33	math/big.writeMultiple	1	noescape	true	true	true	true	6	0	0	0	0	0						
math/big/ratconv.go:58:25	math/big.(Rat).SetString	0	leak-heap	false	false	false	false	0	0	0	0	0	2	go: the parameter's -m verdict is not noescape; sig: exported method (reflection reach)	go: the parameter's -m verdict is not noescape; sig: exported method (reflection reach)	go: the parameter's -m verdict is not noescape			
mime/encodedword.go:35:29	mime.(WordEncoder).Encode	0	noescape	false	false	false	true	2	2	0	0	0	0	sig: exported method (reflection reach)	sig: exported method (reflection reach)				
net/conf.go:241:41	net.(conf).lookupOrder	1	noescape	false	false	false	false	1	0	0	0	0	0	cascade: passed to a parameter that does not survive	cascade: passed to a parameter that does not survive	cascade: passed to a parameter that does not survive	internal/bytealg.IndexByteString	internal/bytealg.IndexByteString	
net/dial.go:334:57	net.(Resolver).resolveAddrList	1	noescape	true	true	true	true	3	3	0	0	0	0						
net/dial.go:469:11	net.Dial	0	leak-heap	false	false	false	false	0	0	0	0	1	0	go: the parameter's -m verdict is not noescape; sig: the function is used as a value in test files only (e.g. export_test.go)	go: the parameter's -m verdict is not noescape	go: the parameter's -m verdict is not noescape			2, first net/external_test.go:51:23
net/dial.go:896:13	net.Listen	0	leak-heap	false	false	false	false	0	0	0	0	11	0	go: the parameter's -m verdict is not noescape	go: the parameter's -m verdict is not noescape	go: the parameter's -m verdict is not noescape			
net/dial.go:896:22	net.Listen	1	leak-heap	false	false	false	false	0	0	0	0	8	0	go: the parameter's -m verdict is not noescape	go: the parameter's -m verdict is not noescape	go: the parameter's -m verdict is not noescape			
net/dial.go:926:19	net.ListenPacket	0	leak-heap	false	false	false	false	0	0	0	0	4	0	go: the parameter's -m verdict is not noescape	go: the parameter's -m verdict is not noescape	go: the parameter's -m verdict is not noescape			
net/dial.go:926:28	net.ListenPacket	1	leak-heap	false	false	false	false	0	0	0	0	4	0	go: the parameter's -m verdict is not noescape	go: the parameter's -m verdict is not noescape	go: the parameter's -m verdict is not noescape			
net/dnsclient.go:156:20	net.absDomainName	0	leak-result	false	false	false	false	0	0	0	0	0	1	go: the parameter's -m verdict is not noescape; use: returned	go: the parameter's -m verdict is not noescape; use: returned	go: the parameter's -m verdict is not noescape; use: returned			
net/dnsclient_unix.go:388:39	net.(resolverConfig).tryUpdate	0	noescape	false	false	false	false	1	1	0	0	0	0	cascade: passed to a parameter that does not survive	cascade: passed to a parameter that does not survive	cascade: passed to a parameter that does not survive	os.Stat	os.Stat	
net/dnsclient_unix.go:609:62	net.(Resolver).goLookupIPCNAMEOrder	1	noescape	true	true	true	true	2	1	0	0	0	0						
net/dnsconfig_windows.go:13:20	net.dnsReadConfig	0	noescape	true	true	true	true	1	1	0	0	0	0						
net/error_posix.go:16:23	net.wrapSyscallError	0	leak-heap	false	false	false	false	0	0	0	0	14	0	go: the parameter's -m verdict is not noescape	go: the parameter's -m verdict is not noescape	go: the parameter's -m verdict is not noescape			
net/http/cgi/host.go:355:26	net/http/cgi.(Handler).printf	0	noescape	false	false	false	false	0	0	12	0	0	0	cascade: passed to a parameter that does not survive	cascade: passed to a parameter that does not survive	cascade: passed to a parameter that does not survive	log.(Logger).Printf	log.(Logger).Printf	
net/http/client.go:860:28	net/http.(Client).Post	1	leak-heap	false	false	false	false	0	0	0	0	1	0	go: the parameter's -m verdict is not noescape; sig: exported method (reflection reach)	go: the parameter's -m verdict is not noescape; sig: exported method (reflection reach)	go: the parameter's -m verdict is not noescape			
net/http/cookie.go:371:28	net/http.readCookies	1	noescape	true	true	true	true	1	0	0	0	0	0						
net/http/cookie.go:534:21	net/http.sanitizeOrWarn	0	leak-heap	false	false	false	false	0	0	0	0	2	0	go: the parameter's -m verdict is not noescape; use: converted to an interface (box)	go: the parameter's -m verdict is not noescape; use: converted to an interface (box)	go: the parameter's -m verdict is not noescape; use: converted to an interface (box)			
net/http/fs.go:183:35	net/http.serveError	1	leak-heap	false	false	false	false	0	0	0	0	4	0	go: the parameter's -m verdict is not noescape	go: the parameter's -m verdict is not noescape	go: the parameter's -m verdict is not noescape			
net/http/fs.go:240:51	net/http.ServeContent	2	noescape	false	false	false	false	1	0	0	0	0	0	cascade: passed to a parameter that does not survive	cascade: passed to a parameter that does not survive	cascade: passed to a parameter that does not survive	net/http.serveContent	net/http.serveContent	
net/http/fs.go:777:50	net/http.localRedirect	2	leak-heap	false	false	false	false	0	0	0	0	1	0	go: the parameter's -m verdict is not noescape	go: the parameter's -m verdict is not noescape	go: the parameter's -m verdict is not noescape			
net/http/h2_bundle.go:10765:33	net/http.(http2ClientConn).logf	0	noescape	false	false	false	false	0	0	6	0	0	0	cascade: passed to a parameter that does not survive	cascade: passed to a parameter that does not survive	cascade: passed to a parameter that does not survive	net/http.(http2Transport).logf	net/http.(http2Transport).logf	
net/http/h2_bundle.go:10769:34	net/http.(http2ClientConn).vlogf	0	noescape	false	false	false	false	0	0	10	0	0	0	cascade: passed to a parameter that does not survive	cascade: passed to a parameter that does not survive	cascade: passed to a parameter that does not survive	net/http.(http2Transport).vlogf	net/http.(http2Transport).vlogf	
net/http/h2_bundle.go:10773:32	net/http.(http2Transport).vlogf	0	noescape	false	false	false	false	0	0	5	0	0	0	cascade: passed to a parameter that does not survive	cascade: passed to a parameter that does not survive	cascade: passed to a parameter that does not survive	net/http.(http2Transport).logf	net/http.(http2Transport).logf	
net/http/h2_bundle.go:10797:41	net/http.http2strSliceContains	1	noescape	true	true	true	true	3	2	0	0	0	0						
net/http/h2_bundle.go:11188:37	net/http.http2encKV	1	leak-heap	false	false	false	false	0	0	0	0	9	0	go: the parameter's -m verdict is not noescape; use: converted to an interface (box); use: stored in a composite literal	go: the parameter's -m verdict is not noescape; use: converted to an interface (box); use: stored in a composite literal	go: the parameter's -m verdict is not noescape; use: converted to an interface (box); use: stored in a composite literal			
net/http/h2_bundle.go:11188:40	net/http.http2encKV	2	leak-heap	false	false	false	false	0	0	0	0	1	0	go: the parameter's -m verdict is not noescape; use: converted to an interface (box); use: stored in a composite literal	go: the parameter's -m verdict is not noescape; use: converted to an interface (box); use: stored in a composite literal	go: the parameter's -m verdict is not noescape; use: converted to an interface (box); use: stored in a composite literal			
net/http/h2_bundle.go:3025:46	net/http.(http2MetaHeadersFrame).PseudoValue	0	noescape	false	false	false	true	6	6	0	0	0	0	sig: exported method (reflection reach)	sig: exported method (reflection reach)				
net/http/h2_bundle.go:4626:57	net/http.(http2serverConn).rejectConn	1	leak-heap	false	false	false	false	0	0	0	0	2	0	go: the parameter's -m verdict is not noescape; use: converted to an interface (box)	go: the parameter's -m verdict is not noescape; use: converted to an interface (box)	go: the parameter's -m verdict is not noescape; use: converted to an interface (box)			
net/http/h2_bundle.go:4791:34	net/http.(http2serverConn).vlogf	0	noescape	false	false	false	false	0	0	13	0	0	0	cascade: passed to a parameter that does not survive	cascade: passed to a parameter that does not survive	cascade: passed to a parameter that does not survive	net/http.(http2serverConn).logf	net/http.(http2serverConn).logf	
net/http/h2_bundle.go:4797:33	net/http.(http2serverConn).logf	0	noescape	false	false	false	false	0	0	6	0	0	0	cascade: passed to a parameter that does not survive	cascade: passed to a parameter that does not survive	cascade: passed to a parameter that does not survive	log.(Logger).Printf	log.(Logger).Printf	
net/http/h2_bundle.go:4845:48	net/http.(http2serverConn).condlogf	1	noescape	false	false	false	false	0	0	1	0	0	0	cascade: passed to a parameter that does not survive	cascade: passed to a parameter that does not survive	cascade: passed to a parameter that does not survive	net/http.(http2serverConn).vlogf	net/http.(http2serverConn).vlogf	
net/http/h2_bundle.go:66:29	net/http.http2asciiEqualFold	1	noescape	true	true	true	true	18	17	0	0	0	0						
net/http/h2_bundle.go:7127:64	net/http.(http2responseWriter).write	2	leak-heap	false	false	false	false	0	0	0	0	1	0	go: the parameter's -m verdict is not noescape	go: the parameter's -m verdict is not noescape	go: the parameter's -m verdict is not noescape			
net/http/h2_bundle.go:7420:39	net/http.(http2serverConn).countError	0	leak-heap	false	false	false	false	0	0	0	0	31	0	go: the parameter's -m verdict is not noescape; use: converted to an interface (box)	go: the parameter's -m verdict is not noescape; use: converted to an interface (box)	go: the parameter's -m verdict is not noescape; use: converted to an interface (box)			
net/http/h2_bundle.go:8205:55	net/http.(http2Transport).dialTLS	1	leak-heap	false	false	false	false	0	0	0	0	1	0	go: the parameter's -m verdict is not noescape; use: passed to a fixed signature (func value, interface method)	go: the parameter's -m verdict is not noescape; use: passed to a fixed signature (func value, interface method)	go: the parameter's -m verdict is not noescape; use: passed to a fixed signature (func value, interface method)			
net/http/header.go:240:18	net/http.hasToken	1	noescape	true	true	true	true	6	6	0	0	0	0						
net/http/header.go:30:21	net/http.(Header).Add	0	leak-heap	false	false	false	false	0	0	0	0	3	0	go: the parameter's -m verdict is not noescape; sig: exported method (reflection reach)	go: the parameter's -m verdict is not noescape; sig: exported method (reflection reach)	go: the parameter's -m verdict is not noescape			
net/http/header.go:39:21	net/http.(Header).Set	0	leak-heap	false	false	false	false	0	0	0	0	72	0	go: the parameter's -m verdict is not noescape; sig: exported method (reflection reach)	go: the parameter's -m verdict is not noescape; sig: exported method (reflection reach)	go: the parameter's -m verdict is not noescape			
net/http/header.go:39:26	net/http.(Header).Set	1	leak-heap	false	false	false	false	0	0	0	0	41	0	go: the parameter's -m verdict is not noescape; sig: exported method (reflection reach)	go: the parameter's -m verdict is not noescape; sig: exported method (reflection reach)	go: the parameter's -m verdict is not noescape			
net/http/header.go:49:21	net/http.(Header).Get	0	noescape	false	false	false	false	43	43	0	0	0	0	sig: exported method (reflection reach)	sig: exported method (reflection reach)	cascade: passed to a parameter that does not survive		net/textproto.(MIMEHeader).Get	
net/http/header.go:63:21	net/http.(Header).get	0	noescape	false	false	false	false	17	17	0	0	0	0	use: map key (no sstring map indexer)	use: map key (no sstring map indexer)	use: map key (no sstring map indexer)			
net/http/header.go:72:21	net/http.(Header).has	0	noescape	false	false	false	false	5	5	0	0	0	0	use: map key (no sstring map indexer)	use: map key (no sstring map indexer)	use: map key (no sstring map indexer)			
net/http/header.go:80:21	net/http.(Header).Del	0	noescape	false	false	false	false	25	25	0	0	0	0	sig: exported method (reflection reach)	sig: exported method (reflection reach)	cascade: passed to a parameter that does not survive		net/textproto.(MIMEHeader).Del	
net/http/httptest/recorder.go:83:51	net/http/httptest.(ResponseRecorder).writeHeader	1	noescape	true	true	true	true	1	0	0	0	0	0						
net/http/httptest/server.go:94:41	net/http/httptest.strSliceContainsPrefix	1	noescape	true	true	true	true	2	0	0	0	0	0						
net/http/httputil/dump.go:189:28	net/http/httputil.valueOrDefault	1	leak-result	false	false	false	false	0	0	0	0	1	0	go: the parameter's -m verdict is not noescape; use: returned	go: the parameter's -m verdict is not noescape; use: returned	go: the parameter's -m verdict is not noescape; use: returned			
net/http/httputil/reverseproxy.go:673:29	net/http/httputil.(ReverseProxy).logf	0	noescape	false	false	false	false	0	0	3	0	0	0	cascade: passed to a parameter that does not survive	cascade: passed to a parameter that does not survive	cascade: passed to a parameter that does not survive	log.(Logger).Printf	log.(Logger).Printf	
net/http/internal/ascii/print.go:14:19	net/http/internal/ascii.EqualFold	1	noescape	true	true	true	true	3	3	0	0	0	0						
net/http/internal/testcert/testcert.go:65:17	net/http/internal/testcert.testingKey	0	leak-result	false	false	false	false	0	0	0	0	1	0	go: the parameter's -m verdict is not noescape	go: the parameter's -m verdict is not noescape	go: the parameter's -m verdict is not noescape			
net/http/pprof/pprof.go:133:52	net/http/pprof.serveError	2	leak-heap	false	false	false	false	0	0	0	0	7	0	go: the parameter's -m verdict is not noescape; use: converted to an interface (box)	go: the parameter's -m verdict is not noescape; use: converted to an interface (box)	go: the parameter's -m verdict is not noescape; use: converted to an interface (box)			
net/http/request.go:1419:29	net/http.(Request).FormValue	0	noescape	false	false	false	false	14	13	0	0	0	0	sig: exported method (reflection reach); use: map key (no sstring map indexer)	sig: exported method (reflection reach); use: map key (no sstring map indexer)	use: map key (no sstring map indexer)			
net/http/request.go:534:28	net/http.valueOrDefault	1	leak-result	false	false	false	false	0	0	0	0	3	0	go: the parameter's -m verdict is not noescape; use: returned	go: the parameter's -m verdict is not noescape; use: returned	go: the parameter's -m verdict is not noescape; use: returned			
net/http/request.go:862:17	net/http.NewRequest	0	leak-heap	false	false	false	false	0	0	0	0	3	0	go: the parameter's -m verdict is not noescape	go: the parameter's -m verdict is not noescape	go: the parameter's -m verdict is not noescape			
net/http/request.go:96:21	net/http.badStringError	0	leak-heap	false	false	false	false	0	0	0	0	12	0	go: the parameter's -m verdict is not noescape; use: converted to an interface (box)	go: the parameter's -m verdict is not noescape; use: converted to an interface (box)	go: the parameter's -m verdict is not noescape; use: converted to an interface (box)			
net/http/routing_tree.go:105:33	net/http.(routingNode).findChild	0	noescape	false	false	false	false	1	1	0	0	0	0	use: argument of a generic function (type argument)	use: argument of a generic function (type argument)	use: argument of a generic function (type argument)			
net/http/routing_tree.go:88:32	net/http.(routingNode).addChild	0	leak-heap	false	false	false	false	0	0	0	0	1	0	go: the parameter's -m verdict is not noescape; use: argument of a generic function (type argument)	go: the parameter's -m verdict is not noescape; use: argument of a generic function (type argument)	go: the parameter's -m verdict is not noescape; use: argument of a generic function (type argument)			
net/http/server.go:1673:53	net/http.(response).write	2	leak-heap	false	false	false	false	0	0	0	0	1	0	go: the parameter's -m verdict is not noescape	go: the parameter's -m verdict is not noescape	go: the parameter's -m verdict is not noescape			
net/http/server.go:1902:22	net/http.badRequestError	0	leak-heap	false	false	false	false	0	0	0	0	4	0	go: the parameter's -m verdict is not noescape; use: stored in a composite literal	go: the parameter's -m verdict is not noescape; use: stored in a composite literal	go: the parameter's -m verdict is not noescape; use: stored in a composite literal			
net/http/server.go:2309:30	net/http.Error	1	leak-heap	false	false	false	false	0	0	0	0	2	0	go: the parameter's -m verdict is not noescape; use: converted to an interface (box)	go: the parameter's -m verdict is not noescape; use: converted to an interface (box)	go: the parameter's -m verdict is not noescape; use: converted to an interface (box)			
net/http/server.go:2862:17	net/http.HandleFunc	0	leak-heap	false	false	false	false	0	0	0	0	2	0	go: the parameter's -m verdict is not noescape	go: the parameter's -m verdict is not noescape	go: the parameter's -m verdict is not noescape			
net/http/server.go:3636:23	net/http.(Server).logf	0	noescape	false	false	false	false	0	0	8	0	0	0	cascade: passed to a parameter that does not survive	cascade: passed to a parameter that does not survive	cascade: passed to a parameter that does not survive	log.(Logger).Printf	log.(Logger).Printf	
net/http/server.go:3647:23	net/http.logf	1	noescape	false	false	false	false	0	0	2	0	0	0	cascade: passed to a parameter that does not survive	cascade: passed to a parameter that does not survive	cascade: passed to a parameter that does not survive	log.(Logger).Printf	log.(Logger).Printf	
net/http/server.go:3988:21	net/http.newLoggingConn	0	leak-heap	false	false	false	false	0	0	0	0	1	0	go: the parameter's -m verdict is not noescape; sig: the function is used as a value in test files only (e.g. export_test.go); use: converted to an interface (box); use: map key (no sstring map indexer)	go: the parameter's -m verdict is not noescape; use: converted to an interface (box); use: map key (no sstring map indexer)	go: the parameter's -m verdict is not noescape; use: converted to an interface (box); use: map key (no sstring map indexer)			1, first net/http/export_test.go:23:38
net/http/socks_bundle.go:343:69	net/http.(socksDialer).DialWithConn	2	leak-heap	false	false	false	false	0	0	0	0	1	0	go: the parameter's -m verdict is not noescape; sig: exported method (reflection reach); use: stored in a composite literal	go: the parameter's -m verdict is not noescape; sig: exported method (reflection reach); use: stored in a composite literal	go: the parameter's -m verdict is not noescape; use: stored in a composite literal			
net/http/socks_bundle.go:425:21	net/http.socksNewDialer	0	leak-heap	false	false	false	false	0	0	0	0	1	0	go: the parameter's -m verdict is not noescape; use: stored in a composite literal	go: the parameter's -m verdict is not noescape; use: stored in a composite literal	go: the parameter's -m verdict is not noescape; use: stored in a composite literal			
net/http/transport.go:1276:47	net/http.(Transport).dial	1	leak-heap	false	false	false	false	0	0	0	0	1	0	go: the parameter's -m verdict is not noescape; use: passed to a fixed signature (func value, interface method)	go: the parameter's -m verdict is not noescape; use: passed to a fixed signature (func value, interface method)	go: the parameter's -m verdict is not noescape; use: passed to a fixed signature (func value, interface method)			
net/http/transport.go:1471:56	net/http.(Transport).customDialTLS	1	leak-heap	false	false	false	false	0	0	0	0	1	0	go: the parameter's -m verdict is not noescape; use: passed to a fixed signature (func value, interface method)	go: the parameter's -m verdict is not noescape; use: passed to a fixed signature (func value, interface method)	go: the parameter's -m verdict is not noescape; use: passed to a fixed signature (func value, interface method)			
net/http/transport.go:2885:34	net/http.(transportRequest).logf	0	noescape	true	true	true	true	0	0	5	0	0	0						
net/http/transport.go:868:38	net/http.(Transport).RegisterProtocol	0	leak-heap	false	false	false	false	0	0	0	0	1	0	go: the parameter's -m verdict is not noescape; sig: exported method (reflection reach); use: map key (no sstring map indexer)	go: the parameter's -m verdict is not noescape; sig: exported method (reflection reach); use: map key (no sstring map indexer)	go: the parameter's -m verdict is not noescape; use: map key (no sstring map indexer)			
net/ip.go:527:14	net.ParseIP	0	leak-heap	false	false	false	false	0	0	0	0	1	0	go: the parameter's -m verdict is not noescape	go: the parameter's -m verdict is not noescape	go: the parameter's -m verdict is not noescape			
net/ipsock.go:236:25	net.JoinHostPort	1	noescape	true	true	true	true	1	0	0	0	0	0						
net/ipsock_posix.go:159:96	net.internetSocket	6	noescape	true	true	true	true	8	8	0	0	0	0						
net/lookup.go:100:31	net.lookupPortMapWithNetwork	0	noescape	false	false	false	false	4	4	0	0	0	0	use: map key (no sstring map indexer)	use: map key (no sstring map indexer)	use: map key (no sstring map indexer)			
net/lookup.go:100:40	net.lookupPortMapWithNetwork	1	noescape	true	true	true	true	4	2	0	0	0	0						
net/lookup.go:304:54	net.(Resolver).lookupIPAddr	1	leak-heap	false	false	false	false	0	0	0	0	1	0	go: the parameter's -m verdict is not noescape; use: captured by a closure; use: passed to a fixed signature (func value, interface method)	go: the parameter's -m verdict is not noescape; use: captured by a closure; use: passed to a fixed signature (func value, interface method)	go: the parameter's -m verdict is not noescape; use: captured by a closure; use: passed to a fixed signature (func value, interface method)			
net/lookup_windows.go:31:15	net.winError	0	leak-heap	false	false	false	false	0	0	0	0	9	0	go: the parameter's -m verdict is not noescape; sig: hand-owned go2cs file (a converter change does not reach it)	go: the parameter's -m verdict is not noescape; sig: hand-owned go2cs file (a converter change does not reach it)	go: the parameter's -m verdict is not noescape; sig: hand-owned go2cs file (a converter change does not reach it)			
net/lookup_windows.go:96:50	net.(Resolver).lookupIP	1	noescape	false	false	false	false	1	0	0	0	0	0	sig: hand-owned go2cs file (a converter change does not reach it); sig: the function is used as a value in production (delegate signature)	sig: hand-owned go2cs file (a converter change does not reach it)	sig: hand-owned go2cs file (a converter change does not reach it)			1, first net/lookup.go:319:20
net/mail/message.go:205:21	net/mail.(Header).Get	0	noescape	false	false	false	false	1	1	0	0	0	0	sig: exported method (reflection reach)	sig: exported method (reflection reach)	cascade: passed to a parameter that does not survive		net/textproto.(MIMEHeader).Get	
net/mail/message.go:39:24	net/mail.(debugT).Printf	0	noescape	false	false	false	false	0	0	12	0	0	0	sig: exported method (reflection reach)	sig: exported method (reflection reach)	cascade: passed to a parameter that does not survive		log.Printf	
net/net.go:679:35	net.newDNSError	2	leak-heap	false	false	false	false	0	0	0	0	26	0	go: the parameter's -m verdict is not noescape; use: stored in a composite literal	go: the parameter's -m verdict is not noescape; use: stored in a composite literal	go: the parameter's -m verdict is not noescape; use: stored in a composite literal			
net/netip/netip.go:1117:20	net/netip.ParseAddrPort	0	leak-heap	false	false	false	false	0	0	0	0	0	1	go: the parameter's -m verdict is not noescape; sig: the function is used as a value in test files only (e.g. export_test.go)	go: the parameter's -m verdict is not noescape	go: the parameter's -m verdict is not noescape			2, first net/netip/fuzz_test.go:196:39
net/netip/netip.go:115:16	net/netip.ParseAddr	0	leak-heap	false	false	false	false	0	0	0	0	0	1	go: the parameter's -m verdict is not noescape; sig: the function is used as a value in test files only (e.g. export_test.go); use: stored in a composite literal	go: the parameter's -m verdict is not noescape; use: stored in a composite literal	go: the parameter's -m verdict is not noescape; use: stored in a composite literal			1, first net/netip/fuzz_test.go:134:36
net/netip/netip.go:1367:18	net/netip.ParsePrefix	0	leak-heap	false	false	false	false	0	0	0	0	0	1	go: the parameter's -m verdict is not noescape; sig: the function is used as a value in test files only (e.g. export_test.go); use: stored in a composite literal	go: the parameter's -m verdict is not noescape; use: stored in a composite literal	go: the parameter's -m verdict is not noescape; use: stored in a composite literal			2, first net/netip/fuzz_test.go:205:38
net/netip/netip.go:492:25	net/netip.(Addr).WithZone	0	leak-heap	false	false	false	false	0	0	0	0	0	1	go: the parameter's -m verdict is not noescape; sig: exported method (reflection reach); use: stored in a composite literal	go: the parameter's -m verdict is not noescape; sig: exported method (reflection reach); use: stored in a composite literal	go: the parameter's -m verdict is not noescape; use: stored in a composite literal			
net/nss.go:149:23	net.parseNSSConfFile	0	leak-heap	false	false	false	false	0	0	0	0	1	0	go: the parameter's -m verdict is not noescape	go: the parameter's -m verdict is not noescape	go: the parameter's -m verdict is not noescape			
net/parse.go:103:29	net.splitAtBytes	1	noescape	false	false	false	false	1	0	0	0	0	0	cascade: passed to a parameter that does not survive	cascade: passed to a parameter that does not survive	cascade: passed to a parameter that does not survive	internal/bytealg.IndexByteString	internal/bytealg.IndexByteString	
net/parse.go:256:30	net.stringsHasSuffixFold	1	noescape	true	true	true	true	4	4	0	0	0	0						
net/parse.go:262:26	net.stringsEqualFold	1	noescape	true	true	true	true	4	4	0	0	0	0						
net/rpc/server.go:238:42	net/rpc.(Server).register	1	leak-heap	false	false	false	false	0	0	0	0	1	0	go: the parameter's -m verdict is not noescape; use: converted to an interface (box); use: stored in a struct field	go: the parameter's -m verdict is not noescape; use: converted to an interface (box); use: stored in a struct field	go: the parameter's -m verdict is not noescape; use: converted to an interface (box); use: stored in a struct field			
net/smtp/smtp.go:110:38	net/smtp.(Client).cmd	1	noescape	false	false	false	true	12	9	0	0	0	0	cascade: passed to a parameter that does not survive	cascade: passed to a parameter that does not survive		net/textproto.(Conn).Cmd		
net/smtp/smtp.go:382:28	net/smtp.(Client).Extension	0	noescape	false	false	false	false	1	1	0	0	0	0	sig: exported method (reflection reach); use: map key (no sstring map indexer)	sig: exported method (reflection reach); use: map key (no sstring map indexer)	use: map key (no sstring map indexer)			
net/textproto/header.go:21:25	net/textproto.(MIMEHeader).Set	0	leak-heap	false	false	false	false	0	0	0	0	3	0	go: the parameter's -m verdict is not noescape; sig: exported method (reflection reach)	go: the parameter's -m verdict is not noescape; sig: exported method (reflection reach)	go: the parameter's -m verdict is not noescape			
net/textproto/header.go:21:30	net/textproto.(MIMEHeader).Set	1	leak-heap	false	false	false	false	0	0	0	0	1	0	go: the parameter's -m verdict is not noescape; sig: exported method (reflection reach); use: stored in a composite literal	go: the parameter's -m verdict is not noescape; sig: exported method (reflection reach); use: stored in a composite literal	go: the parameter's -m verdict is not noescape; use: stored in a composite literal			
net/textproto/header.go:30:25	net/textproto.(MIMEHeader).Get	0	noescape	false	false	false	false	1	1	0	0	0	0	sig: exported method (reflection reach)	sig: exported method (reflection reach)	cascade: passed to a parameter that does not survive		net/textproto.CanonicalMIMEHeaderKey	
net/udpsock.go:290:14	net.DialUDP	0	leak-heap	false	false	false	false	0	0	0	0	1	0	go: the parameter's -m verdict is not noescape; use: converted to a named string type; use: stored in a composite literal	go: the parameter's -m verdict is not noescape; use: converted to a named string type; use: stored in a composite literal	go: the parameter's -m verdict is not noescape; use: converted to a named string type; use: stored in a composite literal			
net/unixsock_posix.go:16:73	net.unixSocket	4	noescape	true	true	true	true	3	3	0	0	0	0						
net/url/url.go:1071:24	net/url.resolvePath	1	noescape	false	false	false	false	1	0	0	0	0	0	cascade: passed to a parameter that does not survive	cascade: passed to a parameter that does not survive	cascade: passed to a parameter that does not survive	strings.Cut	strings.Cut	
net/url/url.go:401:29	net/url.UserPassword	1	leak-heap	false	false	false	false	0	0	0	0	1	0	go: the parameter's -m verdict is not noescape; use: stored in a composite literal	go: the parameter's -m verdict is not noescape; use: stored in a composite literal	go: the parameter's -m verdict is not noescape; use: stored in a composite literal			
net/url/url.go:477:12	net/url.Parse	0	leak-heap	false	false	false	false	0	0	0	0	0	1	go: the parameter's -m verdict is not noescape; use: stored in a composite literal	go: the parameter's -m verdict is not noescape; use: stored in a composite literal	go: the parameter's -m verdict is not noescape; use: stored in a composite literal			
net/url/url.go:946:21	net/url.(Values).Get	0	noescape	false	false	false	false	4	4	0	0	0	0	sig: exported method (reflection reach); use: map key (no sstring map indexer)	sig: exported method (reflection reach); use: map key (no sstring map indexer)	use: map key (no sstring map indexer)			
net/url/url.go:987:17	net/url.ParseQuery	0	leak-heap	false	false	false	false	0	0	0	0	0	1	go: the parameter's -m verdict is not noescape	go: the parameter's -m verdict is not noescape	go: the parameter's -m verdict is not noescape			
os/env.go:101:13	os.Getenv	0	leak-heap	false	false	false	false	0	0	0	0	49	0	go: the parameter's -m verdict is not noescape; sig: the function is used as a value in production (delegate signature)	go: the parameter's -m verdict is not noescape	go: the parameter's -m verdict is not noescape			1, first os/env.go:51:19
os/env.go:112:16	os.LookupEnv	0	leak-heap	false	false	false	false	0	0	0	0	2	0	go: the parameter's -m verdict is not noescape	go: the parameter's -m verdict is not noescape	go: the parameter's -m verdict is not noescape			
os/error.go:67:22	os.NewSyscallError	0	leak-heap	false	false	false	false	0	0	0	0	37	0	go: the parameter's -m verdict is not noescape; use: stored in a composite literal	go: the parameter's -m verdict is not noescape; use: stored in a composite literal	go: the parameter's -m verdict is not noescape; use: stored in a composite literal			
os/exec/exec.go:398:14	os/exec.Command	0	leak-heap	false	false	false	false	0	0	0	0	2	0	go: the parameter's -m verdict is not noescape; use: stored in a composite literal; use: stored in a struct field	go: the parameter's -m verdict is not noescape; use: stored in a composite literal; use: stored in a struct field	go: the parameter's -m verdict is not noescape; use: stored in a composite literal; use: stored in a struct field			
os/exec/lp_windows.go:69:15	os/exec.LookPath	0	leak-heap	false	false	false	false	0	0	0	0	1	2	go: the parameter's -m verdict is not noescape; use: stored in a composite literal	go: the parameter's -m verdict is not noescape; use: stored in a composite literal	go: the parameter's -m verdict is not noescape; use: stored in a composite literal			
os/exec/lp_windows.go:86:27	os/exec.lookExtensions	1	noescape	false	false	false	false	1	0	0	0	0	0	use: passed in a ...string tail	use: passed in a ...string tail	use: passed in a ...string tail			
os/file.go:299:28	os.(File).WriteString	0	leak-heap	false	false	false	false	0	0	0	0	2	0	go: the parameter's -m verdict is not noescape; sig: exported method (reflection reach); sig: method matching an interface method (binder: exact parameter types); use: other	go: the parameter's -m verdict is not noescape; sig: exported method (reflection reach); sig: method matching an interface method (binder: exact parameter types); use: other	go: the parameter's -m verdict is not noescape; use: other			
os/file.go:369:11	os.Open	0	leak-heap	false	false	false	false	0	0	0	0	2	0	go: the parameter's -m verdict is not noescape	go: the parameter's -m verdict is not noescape	go: the parameter's -m verdict is not noescape			
os/file.go:449:24	os.(File).wrapErr	0	leak-heap	false	false	false	false	0	0	0	0	12	0	go: the parameter's -m verdict is not noescape; use: stored in a composite literal	go: the parameter's -m verdict is not noescape; use: stored in a composite literal	go: the parameter's -m verdict is not noescape; use: stored in a composite literal			
os/file_posix.go:235:27	os.(File).checkValid	0	noescape	true	true	true	true	19	19	0	0	0	0						
os/file_windows.go:274:14	os.Symlink	0	leak-heap	false	false	false	false	0	0	0	0	1	0	go: the parameter's -m verdict is not noescape; sig: the function is used as a value in test files only (e.g. export_test.go); use: stored in a composite literal	go: the parameter's -m verdict is not noescape; use: stored in a composite literal	go: the parameter's -m verdict is not noescape; use: stored in a composite literal			1, first path/filepath/path_test.go:1705:24
os/file_windows.go:49:32	os.newFile	1	leak-heap	false	false	false	false	0	0	0	0	2	0	go: the parameter's -m verdict is not noescape; use: stored in a composite literal	go: the parameter's -m verdict is not noescape; use: stored in a composite literal	go: the parameter's -m verdict is not noescape; use: stored in a composite literal			
os/file_windows.go:49:45	os.newFile	2	leak-heap	false	false	false	false	0	0	0	0	6	0	go: the parameter's -m verdict is not noescape	go: the parameter's -m verdict is not noescape	go: the parameter's -m verdict is not noescape			
os/file_windows.go:85:26	os.NewFile	1	leak-heap	false	false	false	false	0	0	0	0	7	0	go: the parameter's -m verdict is not noescape	go: the parameter's -m verdict is not noescape	go: the parameter's -m verdict is not noescape			
os/stat.go:11:11	os.Stat	0	leak-heap	false	false	false	false	0	0	0	0	1	0	go: the parameter's -m verdict is not noescape; sig: the function is used as a value in production (delegate signature)	go: the parameter's -m verdict is not noescape	go: the parameter's -m verdict is not noescape			1, first net/http/fs.go:88:66
os/stat_windows.go:122:16	os.statNolog	0	leak-heap	false	false	false	false	0	0	0	0	3	0	go: the parameter's -m verdict is not noescape	go: the parameter's -m verdict is not noescape	go: the parameter's -m verdict is not noescape			
os/stat_windows.go:24:11	os.stat	0	leak-heap	false	false	false	false	0	0	0	0	2	0	go: the parameter's -m verdict is not noescape; use: stored in a composite literal	go: the parameter's -m verdict is not noescape; use: stored in a composite literal	go: the parameter's -m verdict is not noescape; use: stored in a composite literal			
os/tempfile.go:35:17	os.CreateTemp	0	noescape	true	true	true	true	3	0	0	0	0	0						
os/tempfile.go:35:22	os.CreateTemp	1	leak-heap	false	false	false	false	0	0	0	0	5	0	go: the parameter's -m verdict is not noescape; use: stored in a composite literal	go: the parameter's -m verdict is not noescape; use: stored in a composite literal	go: the parameter's -m verdict is not noescape; use: stored in a composite literal			
os/tempfile.go:86:16	os.MkdirTemp	0	leak-heap	false	false	false	false	0	0	0	0	4	0	go: the parameter's -m verdict is not noescape	go: the parameter's -m verdict is not noescape	go: the parameter's -m verdict is not noescape			
os/tempfile.go:86:21	os.MkdirTemp	1	leak-heap	false	false	false	false	0	0	0	0	3	0	go: the parameter's -m verdict is not noescape; use: stored in a composite literal	go: the parameter's -m verdict is not noescape; use: stored in a composite literal	go: the parameter's -m verdict is not noescape; use: stored in a composite literal			
path/filepath/match.go:44:21	path/filepath.Match	1	noescape	false	false	false	false	1	0	0	0	0	0	cascade: passed to a parameter that does not survive	cascade: passed to a parameter that does not survive	cascade: passed to a parameter that does not survive	path/filepath.matchChunk	path/filepath.matchChunk	
path/match.go:123:24	path.matchChunk	1	leak-result	false	false	false	false	0	0	0	0	1	0	go: the parameter's -m verdict is not noescape; use: returned	go: the parameter's -m verdict is not noescape; use: returned	go: the parameter's -m verdict is not noescape; use: returned			
path/match.go:37:21	path.Match	1	noescape	false	false	false	false	2	0	0	0	0	0	cascade: passed to a parameter that does not survive	cascade: passed to a parameter that does not survive	cascade: passed to a parameter that does not survive	internal/bytealg.IndexByteString	internal/bytealg.IndexByteString	
path/path.go:72:12	path.Clean	0	leak-result	false	false	false	false	0	0	0	0	0	1	go: the parameter's -m verdict is not noescape; use: stored in a composite literal	go: the parameter's -m verdict is not noescape; use: stored in a composite literal	go: the parameter's -m verdict is not noescape; use: stored in a composite literal			
reflect/makefunc.go:96:22	reflect.makeMethodValue	0	noescape	true	true	true	true	2	0	0	0	0	0						
reflect/type.go:1036:26	reflect.(StructTag).Get	0	noescape	false	false	false	true	10	10	0	0	0	0	sig: exported method (reflection reach)	sig: exported method (reflection reach)				
reflect/type.go:428:17	reflect.newName	1	noescape	false	true	true	true	9	0	0	0	0	0	cascade: passed to a parameter that does not survive					
reflect/type.go:946:39	reflect.add	2	noescape	true	true	true	true	27	23	0	0	0	0						
reflect/value.go:2214:26	reflect.(Value).SetString	0	leak-heap	false	false	false	false	0	0	0	0	0	6	go: the parameter's -m verdict is not noescape; sig: exported method (reflection reach); sig: hand-owned go2cs file (a converter change does not reach it); use: stored through a pointer	go: the parameter's -m verdict is not noescape; sig: exported method (reflection reach); sig: hand-owned go2cs file (a converter change does not reach it); use: stored through a pointer	go: the parameter's -m verdict is not noescape; sig: hand-owned go2cs file (a converter change does not reach it); use: stored through a pointer			
reflect/value.go:2564:21	reflect.typesMustMatch	0	noescape	true	true	true	true	2	0	0	0	0	0						
reflect/value.go:2577:56	reflect.arrayAt	3	noescape	true	true	true	true	9	0	0	0	0	0						
reflect/value.go:3039:25	reflect.(Value).assignTo	0	noescape	true	true	true	true	11	2	0	0	0	0						
reflect/value.go:3376:25	reflect.makeString	1	leak-heap	false	false	false	false	0	0	0	0	0	1	go: the parameter's -m verdict is not noescape	go: the parameter's -m verdict is not noescape	go: the parameter's -m verdict is not noescape			
reflect/value.go:388:21	reflect.(Value).call	0	noescape	true	true	true	true	2	0	0	0	0	0						
reflect/value.go:875:21	reflect.methodReceiver	0	noescape	true	true	true	true	1	1	0	0	0	0						
regexp/exec.go:513:54	regexp.(Regexp).doMatch	2	leak-heap	false	false	false	false	0	0	0	0	2	0	go: the parameter's -m verdict is not noescape	go: the parameter's -m verdict is not noescape	go: the parameter's -m verdict is not noescape			
regexp/exec.go:521:56	regexp.(Regexp).doExecute	2	leak-heap	false	false	false	false	0	0	0	0	6	0	go: the parameter's -m verdict is not noescape	go: the parameter's -m verdict is not noescape	go: the parameter's -m verdict is not noescape			
regexp/regexp.go:130:14	regexp.Compile	0	leak-heap	false	false	false	false	0	0	0	0	0	1	go: the parameter's -m verdict is not noescape	go: the parameter's -m verdict is not noescape	go: the parameter's -m verdict is not noescape			
regexp/regexp.go:310:18	regexp.MustCompile	0	leak-heap	false	false	false	false	0	0	0	0	3	0	go: the parameter's -m verdict is not noescape; sig: the function is used as a value in test files only (e.g. export_test.go)	go: the parameter's -m verdict is not noescape	go: the parameter's -m verdict is not noescape			1, first encoding/json/encode_test.go:1110:17
regexp/regexp.go:603:43	regexp.(Regexp).replaceAll	1	leak-heap	false	false	false	false	0	0	0	0	3	0	gap: append(b, s...) (sstring has no spread); go: the parameter's -m verdict is not noescape	go: the parameter's -m verdict is not noescape	go: the parameter's -m verdict is not noescape			
regexp/regexp.go:769:30	regexp.(Regexp).allMatches	0	leak-heap	false	false	false	false	0	0	0	0	4	0	go: the parameter's -m verdict is not noescape; use: stored in a composite literal	go: the parameter's -m verdict is not noescape; use: stored in a composite literal	go: the parameter's -m verdict is not noescape; use: stored in a composite literal			
regexp/regexp.go:926:38	regexp.(Regexp).expand	1	noescape	false	false	false	false	0	0	0	0	0	1	gap: append(b, s...) (sstring has no spread)	cascade: passed to a parameter that does not survive	cascade: passed to a parameter that does not survive	regexp.extract	regexp.extract	
regexp/regexp.go:926:68	regexp.(Regexp).expand	3	noescape	false	true	true	true	2	0	0	0	0	0	gap: append(b, s...) (sstring has no spread)					
runtime/debug/garbage.go:179:19	runtime/debug.SetTraceback	0	leak-heap	false	false	false	false	0	0	0	0	1	0	go: the parameter's -m verdict is not noescape; sig: no Go body (assembly or linkname)	go: the parameter's -m verdict is not noescape; sig: no Go body (assembly or linkname)	go: the parameter's -m verdict is not noescape; sig: no Go body (assembly or linkname)			
runtime/env_posix.go:9:15	runtime.gogetenv	0	noescape	true	true	true	true	6	6	0	0	0	0						
runtime/heapdump.go:159:14	runtime.dumpstr	0	noescape	false	false	false	false	1	0	0	0	0	0	use: other	use: other	use: other			
runtime/mgcmark.go:1639:19	runtime.gcDumpObject	0	noescape	false	false	false	false	5	5	0	0	0	0	use: converted to an interface (box)	use: converted to an interface (box)	use: converted to an interface (box)			
runtime/panic.go:1092:12	runtime.throw	0	noescape	false	false	false	false	726	674	0	0	0	0	sig: hand-owned go2cs file (a converter change does not reach it); sig: the function is used as a value in production (delegate signature); use: captured by a closure	sig: hand-owned go2cs file (a converter change does not reach it); use: captured by a closure	sig: hand-owned go2cs file (a converter change does not reach it); use: captured by a closure			1, first runtime/proc.go:327:19
runtime/panic.go:1113:12	runtime.fatal	0	noescape	false	false	false	false	10	10	0	0	0	0	sig: hand-owned go2cs file (a converter change does not reach it); use: captured by a closure	sig: hand-owned go2cs file (a converter change does not reach it); use: captured by a closure	sig: hand-owned go2cs file (a converter change does not reach it); use: captured by a closure			
runtime/panic.go:56:30	runtime.panicCheck1	1	noescape	false	false	false	false	20	20	0	0	0	0	cascade: passed to a parameter that does not survive	cascade: passed to a parameter that does not survive	cascade: passed to a parameter that does not survive	runtime.throw	runtime.throw	
runtime/panic.go:74:18	runtime.panicCheck2	0	noescape	false	false	false	false	5	5	0	0	0	0	cascade: passed to a parameter that does not survive	cascade: passed to a parameter that does not survive	cascade: passed to a parameter that does not survive	runtime.throw	runtime.throw	
runtime/pprof/pprof.go:433:42	runtime/pprof.printCountCycleProfile	1	leak-heap	false	false	false	false	0	0	0	0	1	0	go: the parameter's -m verdict is not noescape	go: the parameter's -m verdict is not noescape	go: the parameter's -m verdict is not noescape			
runtime/pprof/pprof.go:433:53	runtime/pprof.printCountCycleProfile	2	leak-heap	false	false	false	false	0	0	0	0	1	0	go: the parameter's -m verdict is not noescape	go: the parameter's -m verdict is not noescape	go: the parameter's -m verdict is not noescape			
runtime/pprof/pprof.go:602:48	runtime/pprof.writeHeapInternal	2	leak-heap	false	false	false	false	0	0	0	0	2	0	go: the parameter's -m verdict is not noescape	go: the parameter's -m verdict is not noescape	go: the parameter's -m verdict is not noescape			
runtime/pprof/pprof.go:779:50	runtime/pprof.writeRuntimeProfile	2	leak-heap	false	false	false	false	0	0	0	0	2	0	go: the parameter's -m verdict is not noescape	go: the parameter's -m verdict is not noescape	go: the parameter's -m verdict is not noescape			
runtime/pprof/pprof.go:927:51	runtime/pprof.writeProfileInternal	2	leak-heap	false	false	false	false	0	0	0	0	2	0	go: the parameter's -m verdict is not noescape; use: converted to an interface (box)	go: the parameter's -m verdict is not noescape; use: converted to an interface (box)	go: the parameter's -m verdict is not noescape; use: converted to an interface (box)			
runtime/pprof/proto.go:152:47	runtime/pprof.(profileBuilder).pbValueType	1	leak-heap	false	false	false	false	0	0	0	0	8	0	go: the parameter's -m verdict is not noescape	go: the parameter's -m verdict is not noescape	go: the parameter's -m verdict is not noescape			
runtime/pprof/proto.go:152:52	runtime/pprof.(profileBuilder).pbValueType	2	leak-heap	false	false	false	false	0	0	0	0	13	0	go: the parameter's -m verdict is not noescape	go: the parameter's -m verdict is not noescape	go: the parameter's -m verdict is not noescape			
runtime/pprof/proto.go:172:43	runtime/pprof.(profileBuilder).pbLabel	1	leak-heap	false	false	false	false	0	0	0	0	1	0	go: the parameter's -m verdict is not noescape	go: the parameter's -m verdict is not noescape	go: the parameter's -m verdict is not noescape			
runtime/pprof/proto.go:172:48	runtime/pprof.(profileBuilder).pbLabel	2	leak-heap	false	false	false	false	0	0	0	0	1	0	go: the parameter's -m verdict is not noescape	go: the parameter's -m verdict is not noescape	go: the parameter's -m verdict is not noescape			
runtime/pprof/proto.go:757:65	runtime/pprof.(profileBuilder).addMappingEntry	3	leak-heap	false	false	false	false	0	0	0	0	2	0	go: the parameter's -m verdict is not noescape; use: stored in a composite literal	go: the parameter's -m verdict is not noescape; use: stored in a composite literal	go: the parameter's -m verdict is not noescape; use: stored in a composite literal			
runtime/pprof/proto.go:757:71	runtime/pprof.(profileBuilder).addMappingEntry	4	leak-heap	false	false	false	false	0	0	0	0	2	0	go: the parameter's -m verdict is not noescape; use: stored in a composite literal	go: the parameter's -m verdict is not noescape; use: stored in a composite literal	go: the parameter's -m verdict is not noescape; use: stored in a composite literal			
runtime/print.go:245:18	runtime.printstring	0	leak-heap	false	false	false	false	0	0	0	0	8	0	go: the parameter's -m verdict is not noescape	go: the parameter's -m verdict is not noescape	go: the parameter's -m verdict is not noescape			
runtime/runtime.go:224:18	runtime.writeErrStr	0	noescape	false	false	false	false	6	6	0	0	0	0	use: other	use: other	use: other			
runtime/time.go:200:23	runtime.(timer).trace	0	noescape	false	false	false	false	14	14	0	0	0	0	cascade: passed to a parameter that does not survive	cascade: passed to a parameter that does not survive	cascade: passed to a parameter that does not survive	runtime.(timer).trace1	runtime.(timer).trace1	
runtime/time.go:222:25	runtime.(timers).trace	0	noescape	false	false	false	false	5	5	0	0	0	0	use: converted to an interface (box)	use: converted to an interface (box)	use: converted to an interface (box)			
strconv/atob.go:10:16	strconv.ParseBool	0	noescape	false	true	true	true	0	0	0	0	0	2	cascade: passed to a parameter that does not survive					
strconv/atof.go:20:35	strconv.commonPrefixLenIgnoreCase	1	noescape	true	true	true	true	2	2	0	0	0	0						
strconv/atof.go:695:17	strconv.ParseFloat	0	noescape	false	true	true	true	0	0	0	0	0	1	cascade: passed to a parameter that does not survive					
strconv/atoi.go:197:15	strconv.ParseInt	0	noescape	false	false	true	true	0	0	0	0	0	2	cascade: passed to a parameter that does not survive					
strconv/atoi.go:242:11	strconv.Atoi	0	noescape	false	false	true	true	0	0	0	0	0	1	cascade: passed to a parameter that does not survive					
strconv/atoi.go:47:18	strconv.syntaxError	0	leak-heap	false	false	false	false	0	0	0	0	1	0	go: the parameter's -m verdict is not noescape; use: stored in a composite literal	go: the parameter's -m verdict is not noescape; use: stored in a composite literal	go: the parameter's -m verdict is not noescape; use: stored in a composite literal			
strconv/atoi.go:73:16	strconv.ParseUint	0	noescape	false	false	true	true	0	0	0	0	0	4	cascade: passed to a parameter that does not survive					
strconv/quote.go:125:12	strconv.Quote	0	noescape	false	false	true	true	0	0	0	0	0	2	sig: the function is used as a value in production (delegate signature)					1, first net/netip/netip.go:148:15
strconv/quote.go:383:14	strconv.Unquote	0	leak-result	false	false	false	false	0	0	0	0	0	2	go: the parameter's -m verdict is not noescape	go: the parameter's -m verdict is not noescape	go: the parameter's -m verdict is not noescape			
strings/builder.go:106:31	strings.(Builder).WriteString	0	noescape	false	false	false	true	99	27	0	2	0	0	gap: append(b, s...) (sstring has no spread); sig: exported method (reflection reach); sig: method matching an interface method (binder: exact parameter types); sig: the callee of a defer/go statement (lowered into golib's generic defer: CS0306)	sig: exported method (reflection reach); sig: method matching an interface method (binder: exact parameter types); sig: the callee of a defer/go statement (lowered into golib's generic defer: CS0306)				
strings/reader.go:160:16	strings.NewReader	0	leak-heap	false	false	false	false	0	0	0	0	4	0	go: the parameter's -m verdict is not noescape; use: stored in a composite literal	go: the parameter's -m verdict is not noescape; use: stored in a composite literal	go: the parameter's -m verdict is not noescape; use: stored in a composite literal			
strings/replace.go:158:24	strings.(trieNode).add	0	leak-heap	false	false	false	false	0	0	0	0	1	0	go: the parameter's -m verdict is not noescape; use: stored in a struct field	go: the parameter's -m verdict is not noescape; use: stored in a struct field	go: the parameter's -m verdict is not noescape; use: stored in a struct field			
strings/strings.go:1043:19	strings.TrimRight	1	noescape	false	false	false	false	7	0	0	0	0	0	sig: the function is used as a value in test files only (e.g. export_test.go)	cascade: passed to a parameter that does not survive	cascade: passed to a parameter that does not survive	strings.trimRightUnicode	strings.trimRightUnicode	2, first strings/strings_test.go:935:8
strings/strings.go:1089:16	strings.TrimSpace	0	leak-result	false	false	false	false	0	0	0	0	0	12	go: the parameter's -m verdict is not noescape; sig: the function is used as a value in test files only (e.g. export_test.go); use: returned	go: the parameter's -m verdict is not noescape; use: returned	go: the parameter's -m verdict is not noescape; use: returned			1, first strings/strings_test.go:887:54
strings/strings.go:1125:20	strings.TrimPrefix	1	noescape	false	false	true	true	13	3	0	0	0	0	sig: the function is used as a value in test files only (e.g. export_test.go)					2, first strings/strings_test.go:937:8
strings/strings.go:1131:17	strings.TrimSuffix	0	leak-result	false	false	false	false	0	0	0	0	0	1	go: the parameter's -m verdict is not noescape; sig: the function is used as a value in test files only (e.g. export_test.go)	go: the parameter's -m verdict is not noescape	go: the parameter's -m verdict is not noescape			2, first strings/strings_test.go:939:8
strings/strings.go:1131:20	strings.TrimSuffix	1	noescape	false	false	true	true	11	0	0	0	0	1	sig: the function is used as a value in test files only (e.g. export_test.go)					2, first strings/strings_test.go:939:8
strings/strings.go:1141:17	strings.Replace	1	noescape	false	false	false	false	2	1	0	0	0	0	cascade: passed to a parameter that does not survive	cascade: passed to a parameter that does not survive	cascade: passed to a parameter that does not survive	strings.Index	strings.Index	
strings/strings.go:1141:22	strings.Replace	2	noescape	false	false	false	true	3	0	0	0	0	0	cascade: passed to a parameter that does not survive	cascade: passed to a parameter that does not survive		strings.(Builder).WriteString		
strings/strings.go:1180:20	strings.ReplaceAll	1	noescape	false	false	false	false	19	3	0	0	0	0	cascade: passed to a parameter that does not survive	cascade: passed to a parameter that does not survive	cascade: passed to a parameter that does not survive	strings.Replace	strings.Replace	
strings/strings.go:1180:25	strings.ReplaceAll	2	noescape	false	false	false	true	18	2	0	0	0	0	cascade: passed to a parameter that does not survive	cascade: passed to a parameter that does not survive		strings.Replace		
strings/strings.go:1187:16	strings.EqualFold	0	noescape	false	false	true	true	3	3	0	0	0	0	gap: range over the string (sstring has no enumerator); sig: the function is used as a value in test files only (e.g. export_test.go)					5, first slices/example_test.go:54:44
strings/strings.go:1187:19	strings.EqualFold	1	noescape	false	false	true	true	8	8	0	0	0	0	sig: the function is used as a value in test files only (e.g. export_test.go)					5, first slices/example_test.go:54:44
strings/strings.go:1270:15	strings.Index	1	noescape	false	false	false	false	32	2	0	0	0	0	sig: the function is used as a value in test files only (e.g. export_test.go)	cascade: passed to a parameter that does not survive	cascade: passed to a parameter that does not survive	internal/stringslite.Index	internal/stringslite.Index	1, first strings/strings_test.go:232:53
strings/strings.go:1278:10	strings.Cut	0	leak-result	false	false	false	false	0	0	0	0	0	2	go: the parameter's -m verdict is not noescape	go: the parameter's -m verdict is not noescape	go: the parameter's -m verdict is not noescape			
strings/strings.go:1278:13	strings.Cut	1	noescape	false	false	false	false	65	1	0	0	0	0	cascade: passed to a parameter that does not survive	cascade: passed to a parameter that does not survive	cascade: passed to a parameter that does not survive	internal/stringslite.Cut	internal/stringslite.Cut	
strings/strings.go:1286:19	strings.CutPrefix	1	noescape	true	true	true	true	3	2	0	0	0	0						
strings/strings.go:1294:19	strings.CutSuffix	1	noescape	true	true	true	true	3	1	0	0	0	0						
strings/strings.go:201:18	strings.IndexAny	1	noescape	false	false	false	false	5	0	0	0	0	0	sig: the function is used as a value in test files only (e.g. export_test.go)	cascade: passed to a parameter that does not survive	cascade: passed to a parameter that does not survive	strings.IndexRune	strings.IndexRune	1, first strings/strings_test.go:234:53
strings/strings.go:235:22	strings.LastIndexAny	1	noescape	false	false	false	false	3	0	0	0	0	0	sig: the function is used as a value in test files only (e.g. export_test.go)	cascade: passed to a parameter that does not survive	cascade: passed to a parameter that does not survive	strings.IndexRune	strings.IndexRune	1, first strings/strings_test.go:236:19
strings/strings.go:333:16	strings.SplitN	1	noescape	false	false	false	false	6	0	0	0	0	0	cascade: passed to a parameter that does not survive	cascade: passed to a parameter that does not survive	cascade: passed to a parameter that does not survive	strings.genSplit	strings.genSplit	
strings/strings.go:361:12	strings.Split	0	leak-heap	false	false	false	false	0	0	0	0	0	3	go: the parameter's -m verdict is not noescape	go: the parameter's -m verdict is not noescape	go: the parameter's -m verdict is not noescape			
strings/strings.go:361:15	strings.Split	1	noescape	false	false	false	false	49	1	0	0	0	0	cascade: passed to a parameter that does not survive	cascade: passed to a parameter that does not survive	cascade: passed to a parameter that does not survive	strings.genSplit	strings.genSplit	
strings/strings.go:373:17	strings.SplitAfter	0	leak-heap	false	false	false	false	0	0	0	0	0	1	go: the parameter's -m verdict is not noescape	go: the parameter's -m verdict is not noescape	go: the parameter's -m verdict is not noescape			
strings/strings.go:373:20	strings.SplitAfter	1	noescape	false	false	false	false	1	0	0	0	0	0	cascade: passed to a parameter that does not survive	cascade: passed to a parameter that does not survive	cascade: passed to a parameter that does not survive	strings.genSplit	strings.genSplit	
strings/strings.go:382:13	strings.Fields	0	leak-heap	false	false	false	false	0	0	0	0	0	1	go: the parameter's -m verdict is not noescape; use: stored in a slice, array or map element, or appended as an element	go: the parameter's -m verdict is not noescape; use: stored in a slice, array or map element, or appended as an element	go: the parameter's -m verdict is not noescape; use: stored in a slice, array or map element, or appended as an element			
strings/strings.go:42:15	strings.Count	1	noescape	false	false	false	false	17	0	0	0	0	0	cascade: passed to a parameter that does not survive	cascade: passed to a parameter that does not survive	cascade: passed to a parameter that does not survive	strings.Index	strings.Index	
strings/strings.go:483:27	strings.Join	1	noescape	false	false	false	true	53	1	0	0	0	0	sig: the function is used as a value in test files only (e.g. export_test.go)	cascade: passed to a parameter that does not survive		strings.(Builder).WriteString		2, first html/template/example_test.go:156:48
strings/strings.go:516:19	strings.HasPrefix	1	noescape	true	true	true	true	115	49	0	0	0	0						
strings/strings.go:521:19	strings.HasSuffix	1	noescape	true	true	true	true	48	11	0	0	0	0						
strings/strings.go:612:13	strings.Repeat	0	leak-result	false	false	false	false	0	0	0	0	7	0	go: the parameter's -m verdict is not noescape; sig: the function is used as a value in test files only (e.g. export_test.go); use: returned	go: the parameter's -m verdict is not noescape; use: returned	go: the parameter's -m verdict is not noescape; use: returned			1, first archive/tar/writer_test.go:930:16
strings/strings.go:62:18	strings.Contains	1	noescape	false	false	false	false	53	8	0	0	0	0	sig: the function is used as a value in test files only (e.g. export_test.go)	cascade: passed to a parameter that does not survive	cascade: passed to a parameter that does not survive	strings.Index	strings.Index	1, first text/template/parse/parse_test.go:334:22
strings/strings.go:67:21	strings.ContainsAny	1	noescape	false	false	false	false	20	2	0	0	0	0	cascade: passed to a parameter that does not survive	cascade: passed to a parameter that does not survive	cascade: passed to a parameter that does not survive	strings.IndexAny	strings.IndexAny	
strings/strings.go:723:14	strings.ToLower	0	leak-result	false	false	false	false	0	0	0	0	0	2	go: the parameter's -m verdict is not noescape; sig: the function is used as a value in test files only (e.g. export_test.go); use: returned	go: the parameter's -m verdict is not noescape; use: returned	go: the parameter's -m verdict is not noescape; use: returned			1, first strings/strings_test.go:799:52
strings/strings.go:72:19	strings.ContainsRune	0	noescape	false	false	false	false	4	1	0	0	0	0	cascade: passed to a parameter that does not survive	cascade: passed to a parameter that does not survive	cascade: passed to a parameter that does not survive	strings.IndexRune	strings.IndexRune	
strings/strings.go:82:19	strings.LastIndex	1	noescape	false	false	false	false	43	0	0	0	0	0	sig: the function is used as a value in test files only (e.g. export_test.go); use: argument of a generic function (type argument)	use: argument of a generic function (type argument)	use: argument of a generic function (type argument)			1, first strings/strings_test.go:233:53
strings/strings.go:978:11	strings.Trim	0	leak-result	false	false	false	false	0	0	0	0	0	2	go: the parameter's -m verdict is not noescape; sig: the function is used as a value in test files only (e.g. export_test.go); use: returned	go: the parameter's -m verdict is not noescape; use: returned	go: the parameter's -m verdict is not noescape; use: returned			2, first strings/strings_test.go:931:8
strings/strings.go:978:14	strings.Trim	1	noescape	false	false	false	false	3	0	0	0	0	0	sig: the function is used as a value in test files only (e.g. export_test.go)	cascade: passed to a parameter that does not survive	cascade: passed to a parameter that does not survive	strings.trimLeftUnicode	strings.trimLeftUnicode	2, first strings/strings_test.go:931:8
strings/strings.go:995:18	strings.TrimLeft	1	noescape	false	false	false	false	6	0	0	0	0	0	sig: the function is used as a value in test files only (e.g. export_test.go)	cascade: passed to a parameter that does not survive	cascade: passed to a parameter that does not survive	strings.trimLeftUnicode	strings.trimLeftUnicode	2, first strings/strings_test.go:933:8
sync/runtime.go:59:12	sync.fatal	0	no-verdict	false	false	false	false	0	0	0	0	2	0	go: -m printed no verdict for the parameter; sig: no Go body (assembly or linkname)	go: -m printed no verdict for the parameter; sig: no Go body (assembly or linkname)	go: -m printed no verdict for the parameter; sig: no Go body (assembly or linkname)			
syscall/dll_windows.go:222:27	syscall.(LazyDLL).NewProc	0	leak-heap	false	false	false	false	0	0	0	0	212	0	go: the parameter's -m verdict is not noescape; sig: exported method (reflection reach); sig: hand-owned go2cs file (a converter change does not reach it); use: stored in a composite literal	go: the parameter's -m verdict is not noescape; sig: exported method (reflection reach); sig: hand-owned go2cs file (a converter change does not reach it); use: stored in a composite literal	go: the parameter's -m verdict is not noescape; sig: hand-owned go2cs file (a converter change does not reach it); use: stored in a composite literal			
syscall/env_windows.go:13:13	syscall.Getenv	0	noescape	false	false	false	false	1	1	0	0	0	0	cascade: passed to a parameter that does not survive	cascade: passed to a parameter that does not survive	cascade: passed to a parameter that does not survive	syscall.UTF16PtrFromString	syscall.UTF16PtrFromString	
syscall/security_windows.go:123:16	syscall.LookupSID	0	noescape	false	false	false	false	3	0	0	0	0	0	sig: hand-owned go2cs file (a converter change does not reach it)	sig: hand-owned go2cs file (a converter change does not reach it)	sig: hand-owned go2cs file (a converter change does not reach it)			
syscall/security_windows.go:188:31	syscall.(SID).LookupAccount	0	noescape	false	false	false	false	2	0	0	0	0	0	sig: exported method (reflection reach); sig: hand-owned go2cs file (a converter change does not reach it)	sig: exported method (reflection reach); sig: hand-owned go2cs file (a converter change does not reach it)	sig: hand-owned go2cs file (a converter change does not reach it)			
testing/benchmark.go:619:42	testing.prettyPrint	2	leak-heap	false	false	false	false	0	0	0	0	1	0	go: the parameter's -m verdict is not noescape; sig: hand-owned go2cs file (a converter change does not reach it); sig: the function is used as a value in test files only (e.g. export_test.go); use: converted to an interface (box)	go: the parameter's -m verdict is not noescape; sig: hand-owned go2cs file (a converter change does not reach it); use: converted to an interface (box)	go: the parameter's -m verdict is not noescape; sig: hand-owned go2cs file (a converter change does not reach it); use: converted to an interface (box)			1, first testing/export_test.go:7:19
testing/benchmark.go:653:20	testing.benchmarkName	0	leak-heap	false	false	false	false	0	0	0	0	1	0	go: the parameter's -m verdict is not noescape; sig: hand-owned go2cs file (a converter change does not reach it); use: converted to an interface (box); use: returned	go: the parameter's -m verdict is not noescape; sig: hand-owned go2cs file (a converter change does not reach it); use: converted to an interface (box); use: returned	go: the parameter's -m verdict is not noescape; sig: hand-owned go2cs file (a converter change does not reach it); use: converted to an interface (box); use: returned			
testing/benchmark.go:673:20	testing.runBenchmarks	0	leak-heap	false	false	false	false	0	0	0	0	1	0	go: the parameter's -m verdict is not noescape; sig: hand-owned go2cs file (a converter change does not reach it); use: stored in a composite literal	go: the parameter's -m verdict is not noescape; sig: hand-owned go2cs file (a converter change does not reach it); use: stored in a composite literal	go: the parameter's -m verdict is not noescape; sig: hand-owned go2cs file (a converter change does not reach it); use: stored in a composite literal			
testing/fstest/testfs.go:101:27	testing/fstest.(fsTester).errorf	0	noescape	false	false	true	true	0	0	46	0	0	0	cascade: passed to a parameter that does not survive					
testing/fstest/testfs.go:122:29	testing/fstest.(fsTester).checkDir	0	leak-heap	false	false	false	false	0	0	0	0	1	0	go: the parameter's -m verdict is not noescape; use: converted to an interface (box); use: passed to a fixed signature (func value, interface method); use: stored in a slice, array or map element, or appended as an element	go: the parameter's -m verdict is not noescape; use: converted to an interface (box); use: passed to a fixed signature (func value, interface method); use: stored in a slice, array or map element, or appended as an element	go: the parameter's -m verdict is not noescape; use: converted to an interface (box); use: passed to a fixed signature (func value, interface method); use: stored in a slice, array or map element, or appended as an element			
testing/fstest/testfs.go:447:38	testing/fstest.(fsTester).checkDirList	1	leak-heap	false	false	false	false	0	0	0	0	4	0	go: the parameter's -m verdict is not noescape; use: converted to an interface (box)	go: the parameter's -m verdict is not noescape; use: converted to an interface (box)	go: the parameter's -m verdict is not noescape; use: converted to an interface (box)			
testing/fstest/testfs.go:566:40	testing/fstest.(fsTester).checkFileRead	1	leak-heap	false	false	false	false	0	0	0	0	3	0	go: the parameter's -m verdict is not noescape; use: converted to an interface (box)	go: the parameter's -m verdict is not noescape; use: converted to an interface (box)	go: the parameter's -m verdict is not noescape; use: converted to an interface (box)			
testing/fstest/testfs.go:574:30	testing/fstest.(fsTester).checkOpen	0	leak-heap	false	false	false	false	0	0	0	0	1	0	go: the parameter's -m verdict is not noescape	go: the parameter's -m verdict is not noescape	go: the parameter's -m verdict is not noescape			
testing/fstest/testfs.go:585:46	testing/fstest.(fsTester).checkBadPath	1	leak-heap	false	false	false	false	0	0	0	0	2	0	go: the parameter's -m verdict is not noescape; use: converted to an interface (box)	go: the parameter's -m verdict is not noescape; use: converted to an interface (box)	go: the parameter's -m verdict is not noescape; use: converted to an interface (box)			
testing/internal/testdeps/deps.go:93:23	testing/internal/testdeps.(testLog).add	0	leak-heap	false	false	false	false	0	0	0	0	4	0	go: the parameter's -m verdict is not noescape	go: the parameter's -m verdict is not noescape	go: the parameter's -m verdict is not noescape			
testing/match.go:55:66	testing.newMatcher	1	leak-heap	false	false	false	false	0	0	0	0	1	0	go: the parameter's -m verdict is not noescape; sig: hand-owned go2cs file (a converter change does not reach it)	go: the parameter's -m verdict is not noescape; sig: hand-owned go2cs file (a converter change does not reach it)	go: the parameter's -m verdict is not noescape; sig: hand-owned go2cs file (a converter change does not reach it)			
testing/match.go:55:76	testing.newMatcher	2	leak-heap	false	false	false	false	0	0	0	0	7	0	go: the parameter's -m verdict is not noescape; sig: hand-owned go2cs file (a converter change does not reach it); use: passed to a fixed signature (func value, interface method)	go: the parameter's -m verdict is not noescape; sig: hand-owned go2cs file (a converter change does not reach it); use: passed to a fixed signature (func value, interface method)	go: the parameter's -m verdict is not noescape; sig: hand-owned go2cs file (a converter change does not reach it); use: passed to a fixed signature (func value, interface method)			
testing/match.go:55:82	testing.newMatcher	3	leak-heap	false	false	false	false	0	0	0	0	1	0	go: the parameter's -m verdict is not noescape; sig: hand-owned go2cs file (a converter change does not reach it)	go: the parameter's -m verdict is not noescape; sig: hand-owned go2cs file (a converter change does not reach it)	go: the parameter's -m verdict is not noescape; sig: hand-owned go2cs file (a converter change does not reach it)			
testing/slogtest/slogtest.go:313:17	testing/slogtest.missingKey	0	leak-heap	false	false	false	false	0	0	0	0	4	0	go: the parameter's -m verdict is not noescape; use: captured by a closure; use: converted to an interface (box); use: map key (no sstring map indexer)	go: the parameter's -m verdict is not noescape; use: captured by a closure; use: converted to an interface (box); use: map key (no sstring map indexer)	go: the parameter's -m verdict is not noescape; use: captured by a closure; use: converted to an interface (box); use: map key (no sstring map indexer)			
testing/slogtest/slogtest.go:322:14	testing/slogtest.hasAttr	0	leak-heap	false	false	false	false	0	0	0	0	25	0	go: the parameter's -m verdict is not noescape; use: captured by a closure; use: converted to an interface (box); use: map key (no sstring map indexer)	go: the parameter's -m verdict is not noescape; use: captured by a closure; use: converted to an interface (box); use: map key (no sstring map indexer)	go: the parameter's -m verdict is not noescape; use: captured by a closure; use: converted to an interface (box); use: map key (no sstring map indexer)			
testing/slogtest/slogtest.go:335:14	testing/slogtest.inGroup	0	leak-heap	false	false	false	false	0	0	0	0	11	0	go: the parameter's -m verdict is not noescape; use: captured by a closure; use: converted to an interface (box); use: map key (no sstring map indexer)	go: the parameter's -m verdict is not noescape; use: captured by a closure; use: converted to an interface (box); use: map key (no sstring map indexer)	go: the parameter's -m verdict is not noescape; use: captured by a closure; use: converted to an interface (box); use: map key (no sstring map indexer)			
testing/slogtest/slogtest.go:359:17	testing/slogtest.withSource	0	leak-heap	false	false	false	false	0	0	0	0	16	0	go: the parameter's -m verdict is not noescape; use: converted to an interface (box)	go: the parameter's -m verdict is not noescape; use: converted to an interface (box)	go: the parameter's -m verdict is not noescape; use: converted to an interface (box)			
testing/testing.go:1095:23	testing.(common).Logf	0	noescape	false	false	false	false	0	0	6	0	0	0	sig: exported method (reflection reach); sig: hand-owned go2cs file (a converter change does not reach it); sig: method matching an interface method (binder: exact parameter types); sig: the function is used as a value in test files only (e.g. export_test.go)	sig: exported method (reflection reach); sig: hand-owned go2cs file (a converter change does not reach it); sig: method matching an interface method (binder: exact parameter types)	sig: hand-owned go2cs file (a converter change does not reach it)			3, first net/http/export_test.go:292:67
testing/testing.go:1108:25	testing.(common).Errorf	0	noescape	false	false	false	false	0	0	77	0	0	0	sig: exported method (reflection reach); sig: hand-owned go2cs file (a converter change does not reach it); sig: method matching an interface method (binder: exact parameter types); sig: the function is used as a value in test files only (e.g. export_test.go)	sig: exported method (reflection reach); sig: hand-owned go2cs file (a converter change does not reach it); sig: method matching an interface method (binder: exact parameter types)	sig: hand-owned go2cs file (a converter change does not reach it)			2, first slices/slices_test.go:957:15
testing/testing.go:1122:25	testing.(common).Fatalf	0	noescape	false	false	false	false	0	0	9	0	0	0	sig: exported method (reflection reach); sig: hand-owned go2cs file (a converter change does not reach it); sig: method matching an interface method (binder: exact parameter types)	sig: exported method (reflection reach); sig: hand-owned go2cs file (a converter change does not reach it); sig: method matching an interface method (binder: exact parameter types)	sig: hand-owned go2cs file (a converter change does not reach it)			
testing/testing.go:1326:25	testing.(common).Setenv	0	leak-heap	false	false	false	false	0	0	0	0	1	0	go: the parameter's -m verdict is not noescape; sig: exported method (reflection reach); sig: hand-owned go2cs file (a converter change does not reach it); sig: method matching an interface method (binder: exact parameter types); use: captured by a closure	go: the parameter's -m verdict is not noescape; sig: exported method (reflection reach); sig: hand-owned go2cs file (a converter change does not reach it); sig: method matching an interface method (binder: exact parameter types); use: captured by a closure	go: the parameter's -m verdict is not noescape; sig: hand-owned go2cs file (a converter change does not reach it); use: captured by a closure			
testing/testing.go:1617:20	testing.(T).Setenv	0	leak-heap	false	false	false	false	0	0	0	0	2	0	go: the parameter's -m verdict is not noescape; sig: exported method (reflection reach); sig: hand-owned go2cs file (a converter change does not reach it); sig: method matching an interface method (binder: exact parameter types)	go: the parameter's -m verdict is not noescape; sig: exported method (reflection reach); sig: hand-owned go2cs file (a converter change does not reach it); sig: method matching an interface method (binder: exact parameter types)	go: the parameter's -m verdict is not noescape; sig: hand-owned go2cs file (a converter change does not reach it)			
testing/testing.go:1806:17	testing.(T).Run	0	leak-heap	false	false	false	false	0	0	0	0	63	0	go: the parameter's -m verdict is not noescape; sig: exported method (reflection reach); sig: hand-owned go2cs file (a converter change does not reach it); sig: the callee of a defer/go statement (lowered into golib's generic defer: CS0306)	go: the parameter's -m verdict is not noescape; sig: exported method (reflection reach); sig: hand-owned go2cs file (a converter change does not reach it); sig: the callee of a defer/go statement (lowered into golib's generic defer: CS0306)	go: the parameter's -m verdict is not noescape; sig: hand-owned go2cs file (a converter change does not reach it)			
testing/testing.go:591:33	testing.(chattyPrinter).Updatef	0	leak-heap	false	false	false	false	0	0	0	0	1	0	go: the parameter's -m verdict is not noescape; sig: exported method (reflection reach); sig: hand-owned go2cs file (a converter change does not reach it); use: stored in a struct field	go: the parameter's -m verdict is not noescape; sig: exported method (reflection reach); sig: hand-owned go2cs file (a converter change does not reach it); use: stored in a struct field	go: the parameter's -m verdict is not noescape; sig: hand-owned go2cs file (a converter change does not reach it); use: stored in a struct field			
testing/testing.go:591:43	testing.(chattyPrinter).Updatef	1	noescape	false	false	false	false	0	0	12	0	0	0	sig: exported method (reflection reach); sig: hand-owned go2cs file (a converter change does not reach it)	sig: exported method (reflection reach); sig: hand-owned go2cs file (a converter change does not reach it)	sig: hand-owned go2cs file (a converter change does not reach it)			
testing/testing.go:605:42	testing.(chattyPrinter).Printf	1	noescape	false	false	false	false	0	0	1	0	0	0	sig: exported method (reflection reach); sig: hand-owned go2cs file (a converter change does not reach it)	sig: exported method (reflection reach); sig: hand-owned go2cs file (a converter change does not reach it)	sig: hand-owned go2cs file (a converter change does not reach it)			
testing/testing.go:718:30	testing.(common).checkFuzzFn	0	leak-heap	false	false	false	false	0	0	0	0	15	0	go: the parameter's -m verdict is not noescape; sig: hand-owned go2cs file (a converter change does not reach it); use: converted to an interface (box)	go: the parameter's -m verdict is not noescape; sig: hand-owned go2cs file (a converter change does not reach it); use: converted to an interface (box)	go: the parameter's -m verdict is not noescape; sig: hand-owned go2cs file (a converter change does not reach it); use: converted to an interface (box)			
testing/testing.go:840:42	testing.(common).flushToParent	1	noescape	false	false	false	false	2	0	0	0	0	0	sig: hand-owned go2cs file (a converter change does not reach it)	sig: hand-owned go2cs file (a converter change does not reach it)	sig: hand-owned go2cs file (a converter change does not reach it)			
text/scanner/scanner.go:328:25	text/scanner.(Scanner).error	0	leak-heap	false	false	false	false	0	0	0	0	11	0	go: the parameter's -m verdict is not noescape; use: converted to an interface (box); use: passed to a fixed signature (func value, interface method)	go: the parameter's -m verdict is not noescape; use: converted to an interface (box); use: passed to a fixed signature (func value, interface method)	go: the parameter's -m verdict is not noescape; use: converted to an interface (box); use: passed to a fixed signature (func value, interface method)			
text/scanner/scanner.go:342:26	text/scanner.(Scanner).errorf	0	noescape	false	false	true	true	0	0	3	0	0	0	cascade: passed to a parameter that does not survive					
text/tabwriter/tabwriter.go:470:42	text/tabwriter.(Writer).handlePanic	1	leak-heap	false	false	false	false	0	0	0	0	2	0	go: the parameter's -m verdict is not noescape; sig: the callee of a defer/go statement (lowered into golib's generic defer: CS0306); use: converted to an interface (box)	go: the parameter's -m verdict is not noescape; sig: the callee of a defer/go statement (lowered into golib's generic defer: CS0306); use: converted to an interface (box)	go: the parameter's -m verdict is not noescape; use: converted to an interface (box)			
text/template/exec.go:135:24	text/template.(state).errorf	0	leak-heap	false	false	false	false	0	0	0	0	46	0	go: the parameter's -m verdict is not noescape; use: converted to an interface (box)	go: the parameter's -m verdict is not noescape; use: converted to an interface (box)	go: the parameter's -m verdict is not noescape; use: converted to an interface (box)			
text/template/parse/lex.go:199:24	text/template/parse.(lexer).accept	0	noescape	false	false	false	false	11	0	0	0	0	0	cascade: passed to a parameter that does not survive	cascade: passed to a parameter that does not survive	cascade: passed to a parameter that does not survive	strings.ContainsRune	strings.ContainsRune	
text/template/parse/lex.go:208:27	text/template/parse.(lexer).acceptRun	0	noescape	false	false	false	false	2	0	0	0	0	0	cascade: passed to a parameter that does not survive	cascade: passed to a parameter that does not survive	cascade: passed to a parameter that does not survive	strings.ContainsRune	strings.ContainsRune	
text/template/parse/lex.go:216:24	text/template/parse.(lexer).errorf	0	noescape	false	false	true	true	0	0	14	0	0	0	cascade: passed to a parameter that does not survive					
text/template/parse/node.go:354:20	text/template/parse.NewIdentifier	0	leak-heap	false	false	false	false	0	0	0	0	1	0	go: the parameter's -m verdict is not noescape; use: stored in a composite literal	go: the parameter's -m verdict is not noescape; use: stored in a composite literal	go: the parameter's -m verdict is not noescape; use: stored in a composite literal			
text/template/parse/parse.go:131:10	text/template/parse.New	0	leak-heap	false	false	false	false	0	0	0	0	1	0	go: the parameter's -m verdict is not noescape; use: stored in a composite literal	go: the parameter's -m verdict is not noescape; use: stored in a composite literal	go: the parameter's -m verdict is not noescape; use: stored in a composite literal			
text/template/parse/parse.go:161:23	text/template/parse.(Tree).errorf	0	leak-heap	false	false	false	false	0	0	0	0	19	0	go: the parameter's -m verdict is not noescape; use: converted to an interface (box)	go: the parameter's -m verdict is not noescape; use: converted to an interface (box)	go: the parameter's -m verdict is not noescape; use: converted to an interface (box)			
text/template/parse/parse.go:173:42	text/template/parse.(Tree).expect	1	leak-heap	false	false	false	false	0	0	0	0	2	0	go: the parameter's -m verdict is not noescape	go: the parameter's -m verdict is not noescape	go: the parameter's -m verdict is not noescape			
text/template/parse/parse.go:191:39	text/template/parse.(Tree).unexpected	1	leak-heap	false	false	false	false	0	0	0	0	4	0	go: the parameter's -m verdict is not noescape; use: converted to an interface (box)	go: the parameter's -m verdict is not noescape; use: converted to an interface (box)	go: the parameter's -m verdict is not noescape; use: converted to an interface (box)			
text/template/parse/parse.go:454:25	text/template/parse.(Tree).pipeline	0	leak-heap	false	false	false	false	0	0	0	0	2	0	go: the parameter's -m verdict is not noescape; use: converted to an interface (box)	go: the parameter's -m verdict is not noescape; use: converted to an interface (box)	go: the parameter's -m verdict is not noescape; use: converted to an interface (box)			
text/template/parse/parse.go:524:29	text/template/parse.(Tree).parseControl	0	leak-heap	false	false	false	false	0	0	0	0	3	0	go: the parameter's -m verdict is not noescape	go: the parameter's -m verdict is not noescape	go: the parameter's -m verdict is not noescape			
text/template/parse/parse.go:803:28	text/template/parse.(Tree).hasFunction	0	noescape	false	false	false	false	2	2	0	0	0	0	use: map key (no sstring map indexer)	use: map key (no sstring map indexer)	use: map key (no sstring map indexer)			
time/format.go:1023:12	time.Parse	0	leak-heap	false	false	false	false	0	0	0	0	1	0	go: the parameter's -m verdict is not noescape	go: the parameter's -m verdict is not noescape	go: the parameter's -m verdict is not noescape			
time/format.go:1023:20	time.Parse	1	noescape	false	false	false	false	0	0	0	0	0	1	use: argument of a generic function (type argument)	use: argument of a generic function (type argument)	use: argument of a generic function (type argument)			
time/format.go:639:22	time.(Time).Format	0	noescape	false	false	false	false	2	1	0	0	0	0	sig: exported method (reflection reach)	sig: exported method (reflection reach)	cascade: passed to a parameter that does not survive		time.(Time).AppendFormat	
time/format.go:851:35	time.newParseError	2	leak-heap	false	false	false	false	0	0	0	0	5	0	go: the parameter's -m verdict is not noescape; use: stored in a composite literal	go: the parameter's -m verdict is not noescape; use: stored in a composite literal	go: the parameter's -m verdict is not noescape; use: stored in a composite literal			
time/format.go:851:58	time.newParseError	4	leak-heap	false	false	false	false	0	0	0	0	6	0	go: the parameter's -m verdict is not noescape; use: stored in a composite literal	go: the parameter's -m verdict is not noescape; use: stored in a composite literal	go: the parameter's -m verdict is not noescape; use: stored in a composite literal			
time/time.go:1611:34	time.(Time).appendTo	1	noescape	true	true	true	true	2	2	0	0	0	0						
time/zoneinfo.go:112:16	time.FixedZone	0	leak-heap	false	false	false	false	0	0	0	0	3	0	go: the parameter's -m verdict is not noescape	go: the parameter's -m verdict is not noescape	go: the parameter's -m verdict is not noescape			
time/zoneinfo.go:130:16	time.fixedZone	0	leak-heap	false	false	false	false	0	0	0	0	1	0	go: the parameter's -m verdict is not noescape; use: stored in a composite literal	go: the parameter's -m verdict is not noescape; use: stored in a composite literal	go: the parameter's -m verdict is not noescape; use: stored in a composite literal			
unicode/utf8/utf8.go:427:24	unicode/utf8.RuneCountInString	0	noescape	false	true	true	true	0	0	0	0	0	1	gap: range over the string (sstring has no enumerator)					
vendor/golang.org/x/net/http/httpguts/httplex.go:101:49	vendor/golang.org/x/net/http/httpguts.HeaderValuesContainsToken	1	noescape	true	true	true	true	8	8	0	0	0	0						
vendor/golang.org/x/net/nettest/nettest.go:277:22	vendor/golang.org/x/net/nettest.RoutedInterface	0	noescape	true	true	true	true	2	2	0	0	0	0						
